{"IsIVDone":true,"IsSPSDone":false,"SiPMLocation":{"Block":0,"Module":1,"Array":0,"SiPM":4},"Barcode":"00548","SiPMMeasurementDetails":{"DMMResistance":0,"IV":1,"SPS":0,"DarkCurrent":0,"ForwardResistance":0,"SPSVoltagesIsOffsets":0,"IVVoltages":[],"SPSVoltages":[],"OperatingVoltage":41.26},"Checks":{"SelectedForMeasurement":true,"DMMResistanceOK":true,"RForwardDone":true,"RForwardOK":true,"IDarkDone":true,"IDarkOK":true,"IVDone":true,"IVTemperatureOK":true,"IVMeasurementOK":true,"IVVoltageCheckOK":true,"IVCurrentCheckOK":true,"IVVbrOK":true},"Temperatures":[{"Block":0,"Module1":[25.0,24.953,25.0,25.039,25.016,24.977,24.977,25.047],"Module2":[25.039,24.992,24.984,24.961,25.047,25.016,24.961,25.0],"Pulser":28.234,"ControlTemperature":28.148,"Timestamp":1732543401},{"Block":0,"Module1":[25.0,24.953,25.0,25.031,25.008,24.984,24.969,25.055],"Module2":[25.039,24.992,24.992,24.961,25.055,25.016,24.961,25.0],"Pulser":28.242,"ControlTemperature":28.156,"Timestamp":1732543424}],"DMMResistanceResult":{"Identifier":{"Type":2,"ID":"163ccccd-90a2-4d01-927e-9ff420e83ea6"},"StartTimestamp":1732538725,"EndTimestamp":1732538727,"ErrorHappened":false,"ErrorMessage":null,"CorrectionPercentage":0,"Voltages":[29.999998232735635,29.999998232735635,29.999998232735635,29.999998232735635,29.999998232735635,29.999998232735635],"Currents":[3.2440074053843686E-06,3.2197004752997234E-06,3.2082222027597597E-06,3.201245213568782E-06,3.198544443559374E-06,3.196068737717437E-06],"Resistance":9342263.176130798},"IVMeasurementID":{"Type":0,"ID":"af6f1cb1-aed9-4b2a-8494-80257564f781"},"SPSMeasurementID":{"Type":999,"ID":"7f105d4e-bbad-4b5c-9b3a-c4160d413277"},"IVResult":{"Identifier":{"Type":0,"ID":"af6f1cb1-aed9-4b2a-8494-80257564f781"},"StartTimestamp":1732543403,"EndTimestamp":1732543426,"ErrorHappened":false,"ErrorMessage":null,"Temperatures":[{"Block":0,"Module1":[25.0,24.953,25.0,25.039,25.016,24.977,24.977,25.047],"Module2":[25.039,24.992,24.984,24.961,25.047,25.016,24.961,25.0],"Pulser":28.234,"ControlTemperature":28.148,"Timestamp":1732543401},{"Block":0,"Module1":[25.0,24.953,25.0,25.031,25.008,24.984,24.969,25.055],"Module2":[25.039,24.992,24.992,24.961,25.055,25.016,24.961,25.0],"Pulser":28.242,"ControlTemperature":28.156,"Timestamp":1732543424}],"SMUVoltage":[37.449999106644825,37.469999028434145,37.48999895022348,37.50999887201281,37.529998793802136,37.549998715591464,37.56999863738079,37.58999855917012,37.60999848095945,37.629998402748775,37.6499983245381,37.66999824632743,37.68999816811676,37.70999808990609,37.729998011695415,37.74999793348474,37.76999785527407,37.7899977770634,37.809997698852726,37.829997620642054,37.84999754243138,37.86999746422071,37.88999738601004,37.909997307799365,37.92999722958869,37.94999715137802,37.96999707316735,37.98999699495668,38.01000066766907,38.02999683853533,38.050000511247724,38.07000043303706,38.089996603903316,38.109996525692644,38.12999644748197,38.1499963692713,38.16999629106063,38.189999963773026,38.209999885562354,38.22999980735168,38.24999972914101,38.26999965093034,38.289999572719665,38.30999574358593,38.32999941629832,38.34999933808765,38.36999925987698,38.389999181666305,38.40999910345563,38.42999902524496,38.44999894703429,38.469998868823616,38.489998790612944,38.50999871240227,38.5299986341916,38.54999855598093,38.569998477770255,38.58999839955958,38.60999832134891,38.62999824313824,38.64999816492757,38.669998086716895,38.690001759429286,38.70999793029555,38.72999785208488,38.749997773874206,38.769997695663534,38.78999761745286,38.81000129016525,38.82999746103152,38.849997382820845,38.86999730461017,38.8899972263995,38.90999714818883,38.92999706997816,38.949996991767485,38.970000664479876,38.99000058626921,39.00999675713547,39.029996678924796,39.049996600714124,39.06999652250345,39.09000019521584,39.10999636608211,39.1300000387945,39.149999960583834,39.169999882373155,39.18999605323942,39.20999972595181,39.229995896818075,39.249999569530466,39.2699994913198,39.28999941310912,39.30999933489846,39.329999256687785,39.34999917847711,39.36999534934337,39.38999902205577,39.409998943845096,39.429998865634424],"SMUCurrent":[4.5766123408583085E-06,4.538801560726623E-06,4.540377009898785E-06,4.550504897434058E-06,4.563558619146183E-06,4.578187790030443E-06,4.594842538421779E-06,4.611272222645671E-06,4.6310778693813026E-06,4.649533131112217E-06,4.671364355354925E-06,4.692745451262718E-06,4.7190779588544124E-06,4.744735273943748E-06,4.772193102372716E-06,4.797850417462052E-06,4.8282340800678445E-06,4.859292935176023E-06,4.897553843642596E-06,4.933339046267205E-06,4.975200981412989E-06,5.016612788223858E-06,5.065226648393148E-06,5.121492690255748E-06,5.179559245457952E-06,5.241902019841727E-06,5.315047874263133E-06,5.394045397038216E-06,5.481595358176438E-06,5.580848656022068E-06,5.692480483077464E-06,5.825493406040654E-06,5.978762104074417E-06,6.155437475522968E-06,6.369473498768344E-06,6.621995494647683E-06,6.932133917394366E-06,7.3172187079020335E-06,7.802457052925134E-06,8.42205870591614E-06,9.22081143619769E-06,1.0262858531493108E-05,1.1643852262968867E-05,1.3477224971019996E-05,1.592412259954093E-05,1.9144565771588967E-05,2.33868002638619E-05,2.8901547558899494E-05,3.594943196260935E-05,4.476519540164224E-05,5.539700160783253E-05,6.81896488857143E-05,8.308687119342495E-05,9.989106219194298E-05,0.00011851332153512548,0.00013898628352725277,0.00016097370230215395,0.00018442201258797578,0.00020901995064113435,0.00023438985878864783,0.0002610135994130276,0.0002884419444360427,0.0003171621577802231,0.0003464868934781753,0.000376086657588752,0.0004069899933572014,0.00043855749348379713,0.00047042162818309246,0.0005035105620816529,0.000537559169590222,0.0005717133321933253,0.0006070880177765122,0.0006422218847005272,0.0006782629852835349,0.0007152092939480281,0.0007520300168070839,0.0007898221166128559,0.0008288763762696898,0.0008661767108695824,0.0009047540595555888,0.0009441130560951504,0.0009835076127731692,0.0010241343957679793,0.001065083920778913,0.0011060926376658862,0.0011474688843383062,0.0011881409052307737,0.0012311576446197394,0.001272987395589572,0.0013154558786666285,0.0013584633904247289,0.0014011535617067244,0.0014464227432835338,0.0014888610677621522,0.0015344743724509935,0.001579823901935583,0.0016231667593031847,0.0016687949182270776,0.0017139616956076975,0.001759387296780885],