{"IsIVDone":true,"IsSPSDone":false,"SiPMLocation":{"Block":0,"Module":1,"Array":0,"SiPM":15},"Barcode":"00548","SiPMMeasurementDetails":{"DMMResistance":0,"IV":1,"SPS":0,"DarkCurrent":0,"ForwardResistance":0,"SPSVoltagesIsOffsets":0,"IVVoltages":[],"SPSVoltages":[],"OperatingVoltage":41.2},"Checks":{"SelectedForMeasurement":true,"DMMResistanceOK":true,"RForwardDone":true,"RForwardOK":true,"IDarkDone":true,"IDarkOK":true,"IVDone":true,"IVTemperatureOK":true,"IVMeasurementOK":true,"IVVoltageCheckOK":true,"IVCurrentCheckOK":true,"IVVbrOK":true},"Temperatures":[{"Block":0,"Module1":[25.0,24.953,25.0,25.039,25.016,24.984,24.969,25.047],"Module2":[25.039,24.992,24.992,24.961,25.055,25.016,24.961,25.0],"Pulser":28.258,"ControlTemperature":28.258,"Timestamp":1732543723},{"Block":0,"Module1":[25.008,24.945,24.992,25.039,25.016,24.977,24.969,25.055],"Module2":[25.039,24.992,24.984,24.961,25.047,25.016,24.953,25.0],"Pulser":28.273,"ControlTemperature":28.266,"Timestamp":1732543746}],"DMMResistanceResult":{"Identifier":{"Type":2,"ID":"163ccccd-90a2-4d01-927e-9ff420e83ea6"},"StartTimestamp":1732538725,"EndTimestamp":1732538727,"ErrorHappened":false,"ErrorMessage":null,"CorrectionPercentage":0,"Voltages":[29.999998232735635,29.999998232735635,29.999998232735635,29.999998232735635,29.999998232735635,29.999998232735635],"Currents":[3.2440074053843686E-06,3.2197004752997234E-06,3.2082222027597597E-06,3.201245213568782E-06,3.198544443559374E-06,3.196068737717437E-06],"Resistance":9342263.176130798},"IVMeasurementID":{"Type":0,"ID":"90b176ff-981e-4f41-bf85-57b9c2cc0ebf"},"SPSMeasurementID":{"Type":999,"ID":"b7d47b13-a5b8-4feb-b046-92b3c3f2d068"},"IVResult":{"Identifier":{"Type":0,"ID":"90b176ff-981e-4f41-bf85-57b9c2cc0ebf"},"StartTimestamp":1732543726,"EndTimestamp":1732543748,"ErrorHappened":false,"ErrorMessage":null,"Temperatures":[{"Block":0,"Module1":[25.0,24.953,25.0,25.039,25.016,24.984,24.969,25.047],"Module2":[25.039,24.992,24.992,24.961,25.055,25.016,24.961,25.0],"Pulser":28.258,"ControlTemperature":28.258,"Timestamp":1732543723},{"Block":0,"Module1":[25.008,24.945,24.992,25.039,25.016,24.977,24.969,25.055],"Module2":[25.039,24.992,24.984,24.961,25.047,25.016,24.953,25.0],"Pulser":28.273,"ControlTemperature":28.266,"Timestamp":1732543746}],"SMUVoltage":[37.37999938038217,37.39999930217151,37.41999922396083,37.439999145750164,37.459999067539485,37.47999898932881,37.49999891111814,37.51999883290747,37.539998754696796,37.559998676486124,37.57999859827545,37.599994769141716,37.61999844185411,37.639998363643436,37.65999828543276,37.67999820722209,37.699998129011426,37.71999805080075,37.73999797259008,37.7599978943794,37.77999781616874,37.79999773795806,37.81999765974739,37.839997581536714,37.85999750332605,37.87999742511537,37.899997346904705,37.919997268694026,37.93999719048336,37.95999711227268,37.98000078498508,38.00000070677441,38.01999687764067,38.03999679942999,38.05999672121933,38.08000039393172,38.09999656479798,38.11999648658731,38.13999640837664,38.16000008108903,38.179996251955295,38.19999992466769,38.21999609553395,38.23999976824634,38.259995939112606,38.279995860901934,38.29999578269126,38.319999455403654,38.33999937719298,38.35999929898231,38.37999922077164,38.39999914256097,38.41999906435029,38.43999898613963,38.45999890792895,38.479998829718284,38.499998751507604,38.51999867329694,38.53999859508626,38.559998516875595,38.579998438664916,38.59999836045425,38.61999828224357,38.639998204032906,38.65999812582223,38.67999804761156,38.69999796940088,38.71999789119022,38.73999781297954,38.75999773476887,38.779997656558194,38.79999757834752,38.81999750013686,38.83999742192618,38.85999734371551,38.879997265504834,38.89999718729417,38.92000086000656,38.94000078179589,38.960000703585216,38.980000625374544,38.9999967962408,39.019996718030136,39.03999663981946,39.05999656160879,39.07999648339811,39.09999640518745,39.12000007789984,39.13999999968917,39.159996170555424,39.17999984326782,39.19999976505715,39.21999968684648,39.23999585771274,39.259999530425134,39.27999945221446,39.29999937400379,39.31999929579312,39.339999217582445,39.35999538844871],"SMUCurrent":[4.349072467565919E-06,4.306535339917804E-06,4.306985468252692E-06,4.310136366596988E-06,4.316888291620521E-06,4.3267911149883235E-06,4.336919002523597E-06,4.347947146728673E-06,4.356724649259229E-06,4.3709036918086275E-06,4.383282221018394E-06,4.3956607502281604E-06,4.411415241949694E-06,4.429195311178276E-06,4.445624995402141E-06,4.46318000046328E-06,4.481635262194221E-06,4.500315588092606E-06,4.521021491498041E-06,4.545103357415215E-06,4.57031054416969E-06,4.597093180096272E-06,4.626801650199733E-06,4.660336211149849E-06,4.697471798779175E-06,4.736182835580636E-06,4.776694385721702E-06,4.8257583742259075E-06,4.877073004404606E-06,4.940541099625627E-06,5.0121115048748445E-06,5.0915591559848425E-06,5.183385336304607E-06,5.290515880011017E-06,5.4206029687973545E-06,5.5767975010079425E-06,5.764501016661597E-06,6.001943713321788E-06,6.296552708514382E-06,6.6762359590032605E-06,7.16912648571967E-06,7.815060646302371E-06,8.666028263432394E-06,9.792699485689182E-06,1.131323300098422E-05,1.333295883968426E-05,1.5970485818035728E-05,1.9400688794147543E-05,2.3773235439374286E-05,2.923554278339592E-05,3.592962631587372E-05,4.385030956095628E-05,5.3112825372378234E-05,6.362264679981043E-05,7.52555384228202E-05,8.797436465377822E-05,0.0001017075550874353,0.00011612404033347183,0.00013164243974334564,0.00014767736141751812,0.00016417704059747574,0.00018159790741480793,0.0001993714497825349,0.00021779655291503084,0.00023656915512207022,0.000255605757597529,0.0002755982075921496,0.0002961555686470708,0.0003167984540856232,0.00033846695693524713,0.00035985750553806973,0.00038192909831159734,0.00040438442549062796,0.0004270641416446066,0.0004507368409053765,0.0004736855087394584,0.000497386566085327,0.0005221368725798496,0.0005461419916159436,0.0005713552551029116,0.0005966997309995033,0.000621401648698024,0.0006468903907259513,0.0006725321763877449,0.0006982392306580991,0.0007256205372701169,0.000751787172570405,0.0007787874455469293,0.0008064694378866609,0.0008338120334618773,0.0008615838264044217,0.0008894004071162887,0.0009173358217085695,0.0009450936606727321,0.0009747454146059897,0.0010023169004395032,0.00103105331840374,0.0010589317917616557,0.0010898387285567844,0.0011186588703913129],