{"IsIVDone":true,"IsSPSDone":false,"SiPMLocation":{"Block":0,"Module":0,"Array":1,"SiPM":8},"Barcode":"00552","SiPMMeasurementDetails":{"DMMResistance":0,"IV":1,"SPS":0,"DarkCurrent":0,"ForwardResistance":0,"SPSVoltagesIsOffsets":0,"IVVoltages":[],"SPSVoltages":[],"OperatingVoltage":41.37},"Checks":{"SelectedForMeasurement":true,"DMMResistanceOK":true,"RForwardDone":true,"RForwardOK":true,"IDarkDone":true,"IDarkOK":true,"IVDone":true,"IVTemperatureOK":true,"IVMeasurementOK":true,"IVVoltageCheckOK":true,"IVCurrentCheckOK":true,"IVVbrOK":true},"Temperatures":[{"Block":0,"Module1":[25.0,24.961,25.008,25.031,25.016,24.992,24.984,25.039],"Module2":[25.031,24.992,24.992,24.961,25.039,25.016,24.969,25.0],"Pulser":27.031,"ControlTemperature":27.742,"Timestamp":1732542320},{"Block":0,"Module1":[25.008,24.961,25.008,25.023,25.008,24.984,24.969,25.039],"Module2":[25.031,24.992,25.0,24.961,25.039,25.016,24.969,25.0],"Pulser":27.094,"ControlTemperature":27.75,"Timestamp":1732542343}],"DMMResistanceResult":{"Identifier":{"Type":2,"ID":"163ccccd-90a2-4d01-927e-9ff420e83ea6"},"StartTimestamp":1732538725,"EndTimestamp":1732538727,"ErrorHappened":false,"ErrorMessage":null,"CorrectionPercentage":0,"Voltages":[29.999998232735635,29.999998232735635,29.999998232735635,29.999998232735635,29.999998232735635,29.999998232735635],"Currents":[3.2440074053843686E-06,3.2197004752997234E-06,3.2082222027597597E-06,3.201245213568782E-06,3.198544443559374E-06,3.196068737717437E-06],"Resistance":9342263.176130798},"IVMeasurementID":{"Type":0,"ID":"fbcff78b-a6dd-4fc7-bd01-730346d8cb05"},"SPSMeasurementID":{"Type":999,"ID":"61d3f423-15e2-407e-8a4b-4a48e2d717d8"},"IVResult":{"Identifier":{"Type":0,"ID":"fbcff78b-a6dd-4fc7-bd01-730346d8cb05"},"StartTimestamp":1732542323,"EndTimestamp":1732542345,"ErrorHappened":false,"ErrorMessage":null,"Temperatures":[{"Block":0,"Module1":[25.0,24.961,25.008,25.031,25.016,24.992,24.984,25.039],"Module2":[25.031,24.992,24.992,24.961,25.039,25.016,24.969,25.0],"Pulser":27.031,"ControlTemperature":27.742,"Timestamp":1732542320},{"Block":0,"Module1":[25.008,24.961,25.008,25.023,25.008,24.984,24.969,25.039],"Module2":[25.031,24.992,25.0,24.961,25.039,25.016,24.969,25.0],"Pulser":27.094,"ControlTemperature":27.75,"Timestamp":1732542343}],"SMUVoltage":[37.559998676486124,37.58000234919852,37.59999852006478,37.61999844185411,37.639998363643436,37.65999828543276,37.67999820722209,37.699998129011426,37.71999805080075,37.73999797259008,37.7599978943794,37.77999781616874,37.79999773795806,37.81999765974739,37.839997581536714,37.85999750332605,37.87999742511537,37.899997346904705,37.919997268694026,37.93999719048336,37.95999711227268,37.979997034062016,38.00000070677441,38.01999687764067,38.03999679942999,38.06000047214239,38.08000039393172,38.10000031572105,38.120000237510375,38.1400001592997,38.16000008108903,38.179996251955295,38.19999617374462,38.219999846457014,38.23999976824634,38.25999969003567,38.279999611825,38.299999533614326,38.31999570448059,38.33999937719298,38.359995548059246,38.37999922077164,38.39999914256097,38.41999906435029,38.43999898613963,38.45999890792895,38.479998829718284,38.499998751507604,38.51999867329694,38.53999859508626,38.559998516875595,38.579998438664916,38.59999836045425,38.61999828224357,38.639998204032906,38.65999812582223,38.67999804761156,38.69999796940088,38.71999789119022,38.73999781297954,38.75999773476887,38.779997656558194,38.79999757834752,38.81999750013686,38.83999742192618,38.85999734371551,38.879997265504834,38.89999718729417,38.91999710908349,38.939997030872824,38.959996952662145,38.97999687445148,39.00000054716387,39.0200004689532,39.03999663981946,39.060000312531855,39.07999648339811,39.09999640518745,39.12000007789984,39.13999999968917,39.159999921478494,39.17999609234476,39.199996014134086,39.219995935923414,39.23999585771274,39.259999530425134,39.27999945221446,39.29999937400379,39.31999929579312,39.339999217582445,39.35999913937177,39.3799990611611,39.39999898295043,39.41999515381669,39.439998826529084,39.45999874831841,39.47999867010774,39.49999859189707,39.5199985136864,39.539998435475724],"SMUCurrent":[4.7298810388920445E-06,4.687118847076458E-06,4.689144424583507E-06,4.69904724795131E-06,4.713226290500709E-06,4.729205846389686E-06,4.745860594781022E-06,4.763865728177048E-06,4.7872724015918906E-06,4.810679075006733E-06,4.835661197593737E-06,4.859743063510938E-06,4.887651020274767E-06,4.919835196220165E-06,4.948643409653824E-06,4.983753419776101E-06,5.017062916558746E-06,5.05554888919279E-06,5.100336658515425E-06,5.14579962034042E-06,5.195313737179486E-06,5.249554201535036E-06,5.307845820904712E-06,5.372889365297867E-06,5.4424341930400626E-06,5.5218818441500335E-06,5.6096568694556995E-06,5.707334718129195E-06,5.814465261835578E-06,5.939826003105485E-06,6.084317198608638E-06,6.249739361684697E-06,6.442619353189697E-06,6.672184803989135E-06,6.948788665785702E-06,7.281433505277425E-06,7.692175610874428E-06,8.20509684849394E-06,8.84945555990448E-06,9.680392466131427E-06,1.0761600726563221E-05,1.2180405238170665E-05,1.4045286929664834E-05,1.6518066937442602E-05,1.975246408787254E-05,2.4018780446062674E-05,2.9466008490865135E-05,3.647968314112253E-05,4.5213523223203454E-05,5.584960564857533E-05,6.863235010308929E-05,8.359169012101623E-05,0.00010069949268142488,0.00011994923092345915,0.00014126730886436276,0.0001645321918537125,0.00018942226319622172,0.0002156996300668953,0.00024331387809222436,0.0002724070227618701,0.00030262616346127036,0.0003337817961614317,0.00036603124071540215,0.00039921245092261736,0.00043310508896314326,0.000468358239895907,0.0005039775702291125,0.0005405428452581122,0.0005776606528182026,0.0006148050179500522,0.000653246652943086,0.0006928662737885553,0.0007322822115624818,0.0007721989171089857,0.0008131365137190447,0.0008545971594542584,0.0008969130490257836,0.0009401697068172517,0.0009825679698740638,0.0010258547862639703,0.0010701100537664158,0.001115067746535474,0.0011600443446945982,0.0012055847285931856,0.0012510128054722153,0.001297455696682279,0.0013437313652159269,0.0013910436793048515,0.0014386447507206148,0.001486367581850969,0.0015345761014546812,0.0015830477210701428,0.0016323469016293198,0.0016806769558834552,0.0017301354818731868,0.0017793642173479516,0.0018296831636498464,0.0018790575156409518,0.0019302731175859689,0.001981693752987533],