{"IsIVDone":true,"IsSPSDone":false,"SiPMLocation":{"Block":0,"Module":0,"Array":2,"SiPM":4},"Barcode":"00551","SiPMMeasurementDetails":{"DMMResistance":0,"IV":1,"SPS":0,"DarkCurrent":0,"ForwardResistance":0,"SPSVoltagesIsOffsets":0,"IVVoltages":[],"SPSVoltages":[],"OperatingVoltage":41.28},"Checks":{"SelectedForMeasurement":true,"DMMResistanceOK":true,"RForwardDone":true,"RForwardOK":true,"IDarkDone":true,"IDarkOK":true,"IVDone":true,"IVTemperatureOK":true,"IVMeasurementOK":true,"IVVoltageCheckOK":true,"IVCurrentCheckOK":true,"IVVbrOK":true},"Temperatures":[{"Block":0,"Module1":[25.0,24.953,25.008,25.031,25.008,24.984,24.977,25.047],"Module2":[25.031,24.992,25.0,24.961,25.047,25.016,24.961,25.0],"Pulser":27.781,"ControlTemperature":27.891,"Timestamp":1732542665},{"Block":0,"Module1":[25.0,24.953,25.0,25.031,25.008,24.992,24.984,25.039],"Module2":[25.031,24.992,25.0,24.961,25.047,25.016,24.961,25.0],"Pulser":27.812,"ControlTemperature":27.898,"Timestamp":1732542688}],"DMMResistanceResult":{"Identifier":{"Type":2,"ID":"163ccccd-90a2-4d01-927e-9ff420e83ea6"},"StartTimestamp":1732538725,"EndTimestamp":1732538727,"ErrorHappened":false,"ErrorMessage":null,"CorrectionPercentage":0,"Voltages":[29.999998232735635,29.999998232735635,29.999998232735635,29.999998232735635,29.999998232735635,29.999998232735635],"Currents":[3.2440074053843686E-06,3.2197004752997234E-06,3.2082222027597597E-06,3.201245213568782E-06,3.198544443559374E-06,3.196068737717437E-06],"Resistance":9342263.176130798},"IVMeasurementID":{"Type":0,"ID":"1a7c1a07-cebc-4e49-bf56-755b669cbe2f"},"SPSMeasurementID":{"Type":999,"ID":"7002ff61-ecdd-480d-b899-08d8c5598175"},"IVResult":{"Identifier":{"Type":0,"ID":"1a7c1a07-cebc-4e49-bf56-755b669cbe2f"},"StartTimestamp":1732542668,"EndTimestamp":1732542690,"ErrorHappened":false,"ErrorMessage":null,"Temperatures":[{"Block":0,"Module1":[25.0,24.953,25.008,25.031,25.008,24.984,24.977,25.047],"Module2":[25.031,24.992,25.0,24.961,25.047,25.016,24.961,25.0],"Pulser":27.781,"ControlTemperature":27.891,"Timestamp":1732542665},{"Block":0,"Module1":[25.0,24.953,25.0,25.031,25.008,24.992,24.984,25.039],"Module2":[25.031,24.992,25.0,24.961,25.047,25.016,24.961,25.0],"Pulser":27.812,"ControlTemperature":27.898,"Timestamp":1732542688}],"SMUVoltage":[37.469999028434145,37.48999895022348,37.50999887201281,37.529998793802136,37.549998715591464,37.56999863738079,37.58999855917012,37.60999848095945,37.629998402748775,37.6499983245381,37.66999824632743,37.68999816811676,37.70999808990609,37.729998011695415,37.74999793348474,37.76999785527407,37.7899977770634,37.809997698852726,37.829997620642054,37.84999754243138,37.86999746422071,37.88999738601004,37.909997307799365,37.92999722958869,37.94999715137802,37.96999707316735,37.98999699495668,38.009996916746005,38.02999683853533,38.04999676032466,38.07000043303706,38.089996603903316,38.110000276615715,38.12999644748197,38.15000012019437,38.17000004198369,38.189999963773026,38.20999613463928,38.22999980735168,38.24999972914101,38.269995900007274,38.289999572719665,38.30999949450899,38.32999941629832,38.34999933808765,38.36999925987698,38.389999181666305,38.40999910345563,38.42999902524496,38.44999894703429,38.469998868823616,38.489998790612944,38.50999871240227,38.5299986341916,38.54999855598093,38.569998477770255,38.58999839955958,38.60999832134891,38.62999824313824,38.64999816492757,38.669998086716895,38.68999800850622,38.70999793029555,38.72999785208488,38.749997773874206,38.769997695663534,38.78999761745286,38.80999753924219,38.82999746103152,38.849997382820845,38.86999730461017,38.8899972263995,38.91000089911189,38.92999706997816,38.949996991767485,38.96999691355681,38.99000058626921,39.00999675713547,39.029996678924796,39.05000035163719,39.06999652250345,39.08999644429278,39.10999636608211,39.1300000387945,39.14999620966076,39.16999613145009,39.18999980416249,39.20999972595181,39.229999647741145,39.249999569530466,39.2699994913198,39.28999941310912,39.30999933489846,39.329995505764714,39.34999917847711,39.36999910026644,39.38999902205577,39.409998943845096,39.429998865634424,39.44999878742375],"SMUCurrent":[4.8064028558251635E-06,4.770617653200555E-06,4.782095925740518E-06,4.797400289127164E-06,4.8147302300208315E-06,4.834760940923907E-06,4.859292935176023E-06,4.882249480255978E-06,4.9081318595127574E-06,4.936940072946416E-06,4.965973350547518E-06,4.993206114809015E-06,5.027190804094019E-06,5.060725365044135E-06,5.096510567668771E-06,5.1381474386470835E-06,5.178208860453262E-06,5.221421180603736E-06,5.269359848270695E-06,5.321349670951725E-06,5.377840776981795E-06,5.440408615532986E-06,5.503426582419119E-06,5.576347372673055E-06,5.652869189606201E-06,5.739969022409508E-06,5.834270908571237E-06,5.941626516445063E-06,6.060460396858908E-06,6.193248255654654E-06,6.346291889520946E-06,6.5171155926157934E-06,6.720123471656066E-06,6.9528398207998005E-06,7.228543425926565E-06,7.558712559576323E-06,7.960902226810242E-06,8.452892496856848E-06,9.068217930666286E-06,9.83681206250946E-06,1.0834746580984627E-05,1.2131116185499043E-05,1.382044782638188E-05,1.6060286420848416E-05,1.901020246362106E-05,2.293892257063557E-05,2.8069260267667842E-05,3.476199341514095E-05,4.327504554895302E-05,5.40022789621423E-05,6.721939725983555E-05,8.297321378886249E-05,0.00010154393343769885,0.00012286156125026755,0.0001468259436720532,0.00017330316752342276,0.00020180169266266452,0.00023237575955413405,0.00026449984336683456,0.00029853764779536605,0.00033395239480035917,0.0003701528408139217,0.0004079919790306907,0.00044702868368246343,0.0004864115370237748,0.0005271596296048405,0.0005688982295868555,0.0006115780479171481,0.0006552184401141191,0.0006992562956308076,0.0007439832976282292,0.0007897712521110121,0.0008361277186807747,0.0008833610352469241,0.0009310550581638446,0.0009792840586067947,0.0010284630549005531,0.001078225417516343,0.0011288626045510126,0.001178464946543745,0.001229838318470145,0.0012817097573991128,0.0013332145667993038,0.0013871910308864352,0.001439922439999231,0.0014927704323507661,0.0015474517974103522,0.001602829961132365,0.001657869628346532,0.0017118116576160438,0.0017681362161621854,0.0018238186666385912,0.0018807463971534995,0.0019366584130807046,0.0019927176209734226,0.002050801956244859,0.0021088509564420057,0.0021666985242092844,0.0022249989210814734,0.0022852868596164168],