{"IsIVDone":true,"IsSPSDone":false,"SiPMLocation":{"Block":0,"Module":0,"Array":1,"SiPM":1},"Barcode":"00552","SiPMMeasurementDetails":{"DMMResistance":0,"IV":1,"SPS":0,"DarkCurrent":0,"ForwardResistance":0,"SPSVoltagesIsOffsets":0,"IVVoltages":[],"SPSVoltages":[],"OperatingVoltage":41.32},"Checks":{"SelectedForMeasurement":true,"DMMResistanceOK":true,"RForwardDone":true,"RForwardOK":true,"IDarkDone":true,"IDarkOK":true,"IVDone":true,"IVTemperatureOK":true,"IVMeasurementOK":true,"IVVoltageCheckOK":true,"IVCurrentCheckOK":true,"IVVbrOK":true},"Temperatures":[{"Block":0,"Module1":[25.008,24.961,25.0,25.023,25.008,24.992,24.977,25.039],"Module2":[25.031,24.992,25.0,24.961,25.039,25.023,24.969,25.0],"Pulser":27.156,"ControlTemperature":27.766,"Timestamp":1732542366},{"Block":0,"Module1":[25.0,24.961,25.0,25.031,25.008,24.984,24.977,25.039],"Module2":[25.031,24.992,25.0,24.961,25.039,25.016,24.969,25.0],"Pulser":27.227,"ControlTemperature":27.773,"Timestamp":1732542389}],"DMMResistanceResult":{"Identifier":{"Type":2,"ID":"163ccccd-90a2-4d01-927e-9ff420e83ea6"},"StartTimestamp":1732538725,"EndTimestamp":1732538727,"ErrorHappened":false,"ErrorMessage":null,"CorrectionPercentage":0,"Voltages":[29.999998232735635,29.999998232735635,29.999998232735635,29.999998232735635,29.999998232735635,29.999998232735635],"Currents":[3.2440074053843686E-06,3.2197004752997234E-06,3.2082222027597597E-06,3.201245213568782E-06,3.198544443559374E-06,3.196068737717437E-06],"Resistance":9342263.176130798},"IVMeasurementID":{"Type":0,"ID":"f735a9e8-d7a7-4f32-89ae-8f80be724308"},"SPSMeasurementID":{"Type":999,"ID":"59465390-287f-4279-9890-6f4fab0f45a9"},"IVResult":{"Identifier":{"Type":0,"ID":"f735a9e8-d7a7-4f32-89ae-8f80be724308"},"StartTimestamp":1732542369,"EndTimestamp":1732542391,"ErrorHappened":false,"ErrorMessage":null,"Temperatures":[{"Block":0,"Module1":[25.008,24.961,25.0,25.023,25.008,24.992,24.977,25.039],"Module2":[25.031,24.992,25.0,24.961,25.039,25.023,24.969,25.0],"Pulser":27.156,"ControlTemperature":27.766,"Timestamp":1732542366},{"Block":0,"Module1":[25.0,24.961,25.0,25.031,25.008,24.984,24.977,25.039],"Module2":[25.031,24.992,25.0,24.961,25.039,25.016,24.969,25.0],"Pulser":27.227,"ControlTemperature":27.773,"Timestamp":1732542389}],"SMUVoltage":[37.50999887201281,37.529998793802136,37.549998715591464,37.56999863738079,37.58999855917012,37.60999848095945,37.629998402748775,37.6499983245381,37.66999824632743,37.68999816811676,37.70999808990609,37.729998011695415,37.74999793348474,37.76999785527407,37.7899977770634,37.809997698852726,37.829997620642054,37.84999754243138,37.86999746422071,37.88999738601004,37.909997307799365,37.92999722958869,37.95000090230109,37.96999707316735,37.98999699495668,38.009996916746005,38.0300005894584,38.04999676032466,38.07000043303706,38.089996603903316,38.109996525692644,38.12999644748197,38.15000012019437,38.16999629106063,38.189996212849955,38.20999613463928,38.22999980735168,38.24999597821794,38.269995900007274,38.289999572719665,38.30999949450899,38.32999566537525,38.349995587164585,38.36999925987698,38.389999181666305,38.40999910345563,38.42999902524496,38.44999894703429,38.469998868823616,38.489998790612944,38.50999871240227,38.5299986341916,38.54999855598093,38.569998477770255,38.58999839955958,38.60999832134891,38.62999824313824,38.64999816492757,38.669998086716895,38.68999800850622,38.70999793029555,38.72999785208488,38.749997773874206,38.769997695663534,38.78999761745286,38.81000129016525,38.82999746103152,38.849997382820845,38.86999730461017,38.8899972263995,38.90999714818883,38.92999706997816,38.949996991767485,38.96999691355681,38.98999683534614,39.01000050805853,39.029996678924796,39.05000035163719,39.06999652250345,39.09000019521584,39.10999636608211,39.1300000387945,39.14999620966076,39.16999613145009,39.18999980416249,39.20999597502875,39.229999647741145,39.249999569530466,39.2699994913198,39.28999941310912,39.30999933489846,39.329995505764714,39.34999917847711,39.36999910026644,39.38999902205577,39.409998943845096,39.429998865634424,39.44999878742375,39.46999870921308,39.48999863100241],"SMUCurrent":[4.638054858572253E-06,4.600019014273124E-06,4.607446131798989E-06,4.61892440433898E-06,4.633328511055796E-06,4.6506584519494904E-06,4.670239034517678E-06,4.68779403957879E-06,4.709400199654054E-06,4.73303193723634E-06,4.755088225646492E-06,4.781195669070743E-06,4.8093286900020155E-06,4.834986005091378E-06,4.864919539362283E-06,4.896428522805323E-06,4.9315385329276E-06,4.967323735552236E-06,5.008960606530549E-06,5.049697220839059E-06,5.1001115943479815E-06,5.146924941177639E-06,5.203866175542625E-06,5.261932730744802E-06,5.330802365984639E-06,5.402372771233884E-06,5.485196384855622E-06,5.574771923500893E-06,5.677626248025734E-06,5.797585449276825E-06,5.925872024723557E-06,6.079590851092181E-06,6.257391543378006E-06,6.471427566623355E-06,6.724849819172551E-06,7.029136573565503E-06,7.403193219868094E-06,7.873802394006935E-06,8.46347051272701E-06,9.226438040383923E-06,1.0209293259639916E-05,1.1499586131633158E-05,1.320692290591202E-05,1.5451262783727597E-05,1.8442365569143666E-05,2.235128002942252E-05,2.740892200036834E-05,3.392430458389048E-05,4.20590238522184E-05,5.211511591807054E-05,6.418935837345058E-05,7.839765926459549E-05,9.469207992383831E-05,0.00011310840555380369,0.0001334555566763262,0.00015556631061499018,0.00017923135769406677,0.0002045495010830667,0.00023091666855655298,0.00025825768868259724,0.0002871289200831369,0.0003162652770729331,0.00034686477621532455,0.00037815409703095154,0.0004103565031739248,0.00044343508412078255,0.0004769426373708009,0.0005110277052744968,0.0005463760583500922,0.0005815574138134392,0.0006180025045770203,0.0006549431866373272,0.0006930017624173604,0.0007306302405733959,0.0007695285307621865,0.0008085841408040251,0.0008483565802191932,0.0008884596388963458,0.0009293902585172139,0.0009708549554074417,0.001011196582102092,0.0010550264783280561,0.001096109466390288,0.0011390015202304865,0.0011820594463620958,0.0012264616807658865,0.0012695619189609765,0.0013139643784289346,0.0013584782446597807,0.0014032961725808522,0.0014479720850122627,0.001493903180305544,0.0015405821638272631,0.001586432010956095,0.0016328028816325743,0.0016791485451222994,0.0017257521321479225,0.001773194308261466,0.0018211579580509922,0.0018690351832002172],