{"IsIVDone":true,"IsSPSDone":false,"SiPMLocation":{"Block":0,"Module":1,"Array":1,"SiPM":6},"Barcode":"00549","SiPMMeasurementDetails":{"DMMResistance":0,"IV":1,"SPS":0,"DarkCurrent":0,"ForwardResistance":0,"SPSVoltagesIsOffsets":0,"IVVoltages":[],"SPSVoltages":[],"OperatingVoltage":41.23},"Checks":{"SelectedForMeasurement":true,"DMMResistanceOK":true,"RForwardDone":true,"RForwardOK":true,"IDarkDone":true,"IDarkOK":true,"IVDone":true,"IVTemperatureOK":true,"IVMeasurementOK":true,"IVVoltageCheckOK":true,"IVCurrentCheckOK":true,"IVVbrOK":true},"Temperatures":[{"Block":0,"Module1":[25.008,24.945,24.992,25.031,25.016,24.977,24.969,25.047],"Module2":[25.039,24.992,24.984,24.969,25.055,25.016,24.953,25.008],"Pulser":28.281,"ControlTemperature":28.32,"Timestamp":1732543953},{"Block":0,"Module1":[25.008,24.945,24.992,25.039,25.016,24.977,24.969,25.047],"Module2":[25.047,24.984,24.992,24.969,25.047,25.016,24.953,25.0],"Pulser":28.273,"ControlTemperature":28.336,"Timestamp":1732543976}],"DMMResistanceResult":{"Identifier":{"Type":2,"ID":"163ccccd-90a2-4d01-927e-9ff420e83ea6"},"StartTimestamp":1732538725,"EndTimestamp":1732538727,"ErrorHappened":false,"ErrorMessage":null,"CorrectionPercentage":0,"Voltages":[29.999998232735635,29.999998232735635,29.999998232735635,29.999998232735635,29.999998232735635,29.999998232735635],"Currents":[3.2440074053843686E-06,3.2197004752997234E-06,3.2082222027597597E-06,3.201245213568782E-06,3.198544443559374E-06,3.196068737717437E-06],"Resistance":9342263.176130798},"IVMeasurementID":{"Type":0,"ID":"4278da22-ea53-4866-a2ec-acdd1679e15b"},"SPSMeasurementID":{"Type":999,"ID":"1bf7e07a-8232-4d84-bb3d-34d23bc51cf3"},"IVResult":{"Identifier":{"Type":0,"ID":"4278da22-ea53-4866-a2ec-acdd1679e15b"},"StartTimestamp":1732543956,"EndTimestamp":1732543978,"ErrorHappened":false,"ErrorMessage":null,"Temperatures":[{"Block":0,"Module1":[25.008,24.945,24.992,25.031,25.016,24.977,24.969,25.047],"Module2":[25.039,24.992,24.984,24.969,25.055,25.016,24.953,25.008],"Pulser":28.281,"ControlTemperature":28.32,"Timestamp":1732543953},{"Block":0,"Module1":[25.008,24.945,24.992,25.039,25.016,24.977,24.969,25.047],"Module2":[25.047,24.984,24.992,24.969,25.047,25.016,24.953,25.0],"Pulser":28.273,"ControlTemperature":28.336,"Timestamp":1732543976}],"SMUVoltage":[37.40999926306617,37.42999543393243,37.449999106644825,37.469999028434145,37.48999895022348,37.509995121089744,37.529998793802136,37.549998715591464,37.56999863738079,37.58999855917012,37.60999848095945,37.629998402748775,37.6499983245381,37.66999824632743,37.68999816811676,37.70999808990609,37.729998011695415,37.74999793348474,37.76999785527407,37.7899977770634,37.809997698852726,37.829997620642054,37.84999754243138,37.86999746422071,37.88999738601004,37.909997307799365,37.93000098051176,37.94999715137802,37.96999707316735,37.99000074587975,38.009996916746005,38.0300005894584,38.04999676032466,38.06999668211399,38.089996603903316,38.109996525692644,38.12999644748197,38.1499963692713,38.17000004198369,38.189999963773026,38.209999885562354,38.22999980735168,38.24999972914101,38.26999965093034,38.289999572719665,38.30999949450899,38.32999941629832,38.34999933808765,38.36999925987698,38.389999181666305,38.40999910345563,38.42999902524496,38.44999894703429,38.469998868823616,38.48999503968987,38.50999871240227,38.5299986341916,38.54999855598093,38.569998477770255,38.58999839955958,38.60999832134891,38.62999824313824,38.64999816492757,38.669998086716895,38.68999800850622,38.70999793029555,38.72999785208488,38.749997773874206,38.769997695663534,38.78999761745286,38.80999753924219,38.82999746103152,38.849997382820845,38.86999730461017,38.8899972263995,38.90999714818883,38.93000082090122,38.949996991767485,38.96999691355681,38.98999683534614,39.00999675713547,39.03000042984787,39.05000035163719,39.06999652250345,39.09000019521584,39.11000011700518,39.1300000387945,39.14999620966076,39.169999882373155,39.18999980416249,39.20999972595181,39.229999647741145,39.249999569530466,39.2699994913198,39.28999941310912,39.30999933489846,39.329999256687785,39.34999917847711,39.36999910026644,39.38999902205577],"SMUCurrent":[4.181849791150255E-06,4.135261508488014E-06,4.13143541764136E-06,4.130085032636669E-06,4.133460995148436E-06,4.136611893492732E-06,4.1431387543487946E-06,4.14831523020014E-06,4.1539418343863996E-06,4.158668181902857E-06,4.163844657754229E-06,4.174647737791834E-06,4.180949534480453E-06,4.188826780341233E-06,4.194228320360022E-06,4.2034559512254925E-06,4.212458517923519E-06,4.223486662128595E-06,4.232264164659151E-06,4.242392052194424E-06,4.2534201963995E-06,4.266924046446513E-06,4.2804278964935535E-06,4.294832003210369E-06,4.3105864949319025E-06,4.326340986653436E-06,4.3461466333890675E-06,4.365727215957255E-06,4.388233632702295E-06,4.4145661402939895E-06,4.4417989045554866E-06,4.471507374658948E-06,4.507292577283557E-06,4.5489294482618965E-06,4.596192923426496E-06,4.654709606963589E-06,4.7190779588544124E-06,4.800326123304016E-06,4.900929806154336E-06,5.029891574103427E-06,5.189687132993226E-06,5.388868921186844E-06,5.654444638778335E-06,6.005319675833555E-06,6.46625109077201E-06,7.0791008187395105E-06,7.89945970909627E-06,8.9691896969881E-06,1.0375615679385778E-05,1.217657914732401E-05,1.445557890692695E-05,1.7299489726830457E-05,2.0718439494569725E-05,2.4771169957849427E-05,2.9465558362530247E-05,3.478652540939304E-05,4.0705938077506486E-05,4.7125893454029666E-05,5.409635578413656E-05,6.152572395167487E-05,6.933049915052048E-05,7.752170952487844E-05,8.604826550873755E-05,9.488113382449667E-05,0.00010413667264672766,0.0001137052757258822,0.000123467884117379,0.00013364145967864025,0.0001438926823776719,0.00015438292322253588,0.00016530101104972314,0.00017645699170190546,0.0001880405942722436,0.00019956928118572382,0.00021151028565397323,0.00022383007311604165,0.00023616448974899437,0.0002484217093725116,0.00026132351277160685,0.00027408645157938515,0.0002872961427595526,0.00030054319459151674,0.00031422552052332996,0.0003278340254082195,0.00034158116982025853,0.0003556319257941882,0.00037005223713107134,0.0003841716376760733,0.00039878347861945683,0.000414132179647073,0.0004286560205009834,0.0004434303577732661,0.00045848174903568027,0.000473880189244303,0.0004894852383586452,0.0005049235149249066,0.0005208936181188534,0.0005367412864057072,0.0005532594208473957,0.0005692254728863284],