{"IsIVDone":true,"IsSPSDone":false,"SiPMLocation":{"Block":0,"Module":1,"Array":3,"SiPM":1},"Barcode":"00546","SiPMMeasurementDetails":{"DMMResistance":0,"IV":1,"SPS":0,"DarkCurrent":0,"ForwardResistance":0,"SPSVoltagesIsOffsets":0,"IVVoltages":[],"SPSVoltages":[],"OperatingVoltage":41.31},"Checks":{"SelectedForMeasurement":true,"DMMResistanceOK":true,"RForwardDone":true,"RForwardOK":true,"IDarkDone":true,"IDarkOK":true,"IVDone":true,"IVTemperatureOK":true,"IVMeasurementOK":true,"IVVoltageCheckOK":true,"IVCurrentCheckOK":true,"IVVbrOK":true},"Temperatures":[{"Block":0,"Module1":[25.008,24.945,25.0,25.039,25.016,24.977,24.969,25.055],"Module2":[25.039,24.992,24.984,24.969,25.055,25.008,24.953,25.008],"Pulser":28.375,"ControlTemperature":28.523,"Timestamp":1732544577},{"Block":0,"Module1":[25.008,24.945,24.992,25.039,25.016,24.977,24.969,25.047],"Module2":[25.039,24.984,24.984,24.969,25.055,25.016,24.953,25.0],"Pulser":28.383,"ControlTemperature":28.523,"Timestamp":1732544600}],"DMMResistanceResult":{"Identifier":{"Type":2,"ID":"163ccccd-90a2-4d01-927e-9ff420e83ea6"},"StartTimestamp":1732538725,"EndTimestamp":1732538727,"ErrorHappened":false,"ErrorMessage":null,"CorrectionPercentage":0,"Voltages":[29.999998232735635,29.999998232735635,29.999998232735635,29.999998232735635,29.999998232735635,29.999998232735635],"Currents":[3.2440074053843686E-06,3.2197004752997234E-06,3.2082222027597597E-06,3.201245213568782E-06,3.198544443559374E-06,3.196068737717437E-06],"Resistance":9342263.176130798},"IVMeasurementID":{"Type":0,"ID":"efbb3c61-b58b-44ad-9d6f-bc5a0138fb12"},"SPSMeasurementID":{"Type":999,"ID":"cc5ef108-405a-4b4a-a0c0-b4183c487b49"},"IVResult":{"Identifier":{"Type":0,"ID":"efbb3c61-b58b-44ad-9d6f-bc5a0138fb12"},"StartTimestamp":1732544580,"EndTimestamp":1732544602,"ErrorHappened":false,"ErrorMessage":null,"Temperatures":[{"Block":0,"Module1":[25.008,24.945,25.0,25.039,25.016,24.977,24.969,25.055],"Module2":[25.039,24.992,24.984,24.969,25.055,25.008,24.953,25.008],"Pulser":28.375,"ControlTemperature":28.523,"Timestamp":1732544577},{"Block":0,"Module1":[25.008,24.945,24.992,25.039,25.016,24.977,24.969,25.047],"Module2":[25.039,24.984,24.984,24.969,25.055,25.016,24.953,25.0],"Pulser":28.383,"ControlTemperature":28.523,"Timestamp":1732544600}],"SMUVoltage":[37.48999895022348,37.50999887201281,37.529998793802136,37.549998715591464,37.56999863738079,37.58999855917012,37.60999848095945,37.629998402748775,37.6499983245381,37.66999824632743,37.68999816811676,37.70999808990609,37.729998011695415,37.74999793348474,37.76999785527407,37.79000152798646,37.809997698852726,37.829997620642054,37.84999754243138,37.86999746422071,37.88999738601004,37.909997307799365,37.92999722958869,37.94999715137802,37.96999707316735,37.98999699495668,38.009996916746005,38.02999683853533,38.04999676032466,38.07000043303706,38.089996603903316,38.109996525692644,38.130000198405035,38.15000012019437,38.17000004198369,38.189996212849955,38.20999613463928,38.22999980735168,38.24999972914101,38.269995900007274,38.289999572719665,38.30999949450899,38.32999566537525,38.349995587164585,38.36999925987698,38.389999181666305,38.40999910345563,38.42999902524496,38.44999894703429,38.469998868823616,38.489998790612944,38.50999871240227,38.5299986341916,38.54999855598093,38.569998477770255,38.58999839955958,38.60999832134891,38.62999824313824,38.64999816492757,38.669998086716895,38.68999800850622,38.70999793029555,38.72999785208488,38.749997773874206,38.769997695663534,38.78999761745286,38.80999753924219,38.82999746103152,38.85000113374391,38.86999730461017,38.890000977322565,38.90999714818883,38.93000082090122,38.949996991767485,38.970000664479876,38.98999683534614,39.00999675713547,39.029996678924796,39.049996600714124,39.07000027342652,39.09000019521584,39.11000011700518,39.129996287871435,39.149999960583834,39.169999882373155,39.18999980416249,39.20999972595181,39.229999647741145,39.249999569530466,39.26999574039673,39.28999566218606,39.30999933489846,39.329999256687785,39.34999917847711,39.36999910026644,39.389995271132705,39.409998943845096,39.429998865634424,39.44999878742375,39.46999870921308],"SMUCurrent":[4.789748107433828E-06,4.753737840641775E-06,4.760939894000196E-06,4.776919449889173E-06,4.796049904122446E-06,4.813154780848697E-06,4.834535876756463E-06,4.859067871008579E-06,4.885625442767718E-06,4.9108326295221655E-06,4.937840329616219E-06,4.967098671384765E-06,4.999732975665078E-06,5.035518178289714E-06,5.069502867574718E-06,5.107088583538932E-06,5.147150005345083E-06,5.1903623254955845E-06,5.23740073649274E-06,5.287590045834165E-06,5.341830510189715E-06,5.401697578731525E-06,5.465165673952546E-06,5.532459860020222E-06,5.610782190292973E-06,5.69428099641707E-06,5.78588211256939E-06,5.891662271271083E-06,6.008470574177851E-06,6.139908047968879E-06,6.28800027015127E-06,6.460174358250835E-06,6.654629798927996E-06,6.8844203138948784E-06,7.1612492398588894E-06,7.48961786016907E-06,7.886180923216701E-06,8.377045872426061E-06,8.986969766216682E-06,9.76366620808808E-06,1.076025034155853E-05,1.2048967764379637E-05,1.3741900431941685E-05,1.5979938513068642E-05,1.8931655069180864E-05,2.282886619275231E-05,2.7928370098843886E-05,3.454728219939324E-05,4.294307590196364E-05,5.342971572014844E-05,6.626557531818069E-05,8.163138122252309E-05,9.951160400562158E-05,0.00011999154298693983,0.00014291050235091827,0.00016803711613341788,0.00019534572701934927,0.00022453970043601282,0.0002553154248215179,0.0002875758975196934,0.0003211309393090437,0.0003558650922716668,0.0003918548782244957,0.00042862091049086114,0.0004665102380169716,0.0005052498579677098,0.000544942399603433,0.0005853895813926174,0.000626444886562253,0.0006681936144318032,0.0007110246758826224,0.000754644362176188,0.0007991001618518319,0.0008437047289421605,0.0008893274863260348,0.0009348530159895704,0.0009813854827382795,0.001028665837715426,0.0010757231541026293,0.001124707469891543,0.0011739200007462515,0.0012227971859914589,0.0012717256858668447,0.001321609133004723,0.0013722834556270218,0.0014229746580618795,0.0014756651054961994,0.001525298056215705,0.00157806840142947,0.001629992505373621,0.0016826773262037544,0.00173631799455305,0.001789320831051791,0.001843718390196222,0.001896733380160005,0.001951410018872075,0.002005799925834813,0.0020601434695790557,0.0021152153209691685,0.0021703063028135146],