{"IsIVDone":true,"IsSPSDone":false,"SiPMLocation":{"Block":0,"Module":0,"Array":3,"SiPM":4},"Barcode":"00553","SiPMMeasurementDetails":{"DMMResistance":0,"IV":1,"SPS":0,"DarkCurrent":0,"ForwardResistance":0,"SPSVoltagesIsOffsets":0,"IVVoltages":[],"SPSVoltages":[],"OperatingVoltage":41.34},"Checks":{"SelectedForMeasurement":true,"DMMResistanceOK":true,"RForwardDone":true,"RForwardOK":true,"IDarkDone":true,"IDarkOK":true,"IVDone":true,"IVTemperatureOK":true,"IVMeasurementOK":true,"IVVoltageCheckOK":true,"IVCurrentCheckOK":true,"IVVbrOK":true},"Temperatures":[{"Block":0,"Module1":[25.008,24.953,25.0,25.031,25.016,24.984,24.969,25.047],"Module2":[25.031,24.992,24.992,24.961,25.047,25.023,24.961,25.0],"Pulser":28.117,"ControlTemperature":28.016,"Timestamp":1732543033},{"Block":0,"Module1":[25.0,24.953,24.992,25.031,25.016,24.984,24.977,25.047],"Module2":[25.039,24.992,25.0,24.961,25.047,25.023,24.961,24.992],"Pulser":28.117,"ControlTemperature":28.023,"Timestamp":1732543056}],"DMMResistanceResult":{"Identifier":{"Type":2,"ID":"163ccccd-90a2-4d01-927e-9ff420e83ea6"},"StartTimestamp":1732538725,"EndTimestamp":1732538727,"ErrorHappened":false,"ErrorMessage":null,"CorrectionPercentage":0,"Voltages":[29.999998232735635,29.999998232735635,29.999998232735635,29.999998232735635,29.999998232735635,29.999998232735635],"Currents":[3.2440074053843686E-06,3.2197004752997234E-06,3.2082222027597597E-06,3.201245213568782E-06,3.198544443559374E-06,3.196068737717437E-06],"Resistance":9342263.176130798},"IVMeasurementID":{"Type":0,"ID":"bc6c2df1-5e1c-4a11-b531-5d9cdac3bad1"},"SPSMeasurementID":{"Type":999,"ID":"4e97fc19-9683-4e52-a06e-fd7c4a1d156f"},"IVResult":{"Identifier":{"Type":0,"ID":"bc6c2df1-5e1c-4a11-b531-5d9cdac3bad1"},"StartTimestamp":1732543036,"EndTimestamp":1732543058,"ErrorHappened":false,"ErrorMessage":null,"Temperatures":[{"Block":0,"Module1":[25.008,24.953,25.0,25.031,25.016,24.984,24.969,25.047],"Module2":[25.031,24.992,24.992,24.961,25.047,25.023,24.961,25.0],"Pulser":28.117,"ControlTemperature":28.016,"Timestamp":1732543033},{"Block":0,"Module1":[25.0,24.953,24.992,25.031,25.016,24.984,24.977,25.047],"Module2":[25.039,24.992,25.0,24.961,25.047,25.023,24.961,24.992],"Pulser":28.117,"ControlTemperature":28.023,"Timestamp":1732543056}],"SMUVoltage":[37.51999883290747,37.539998754696796,37.559998676486124,37.57999859827545,37.59999852006478,37.61999844185411,37.639998363643436,37.65999828543276,37.67999820722209,37.699998129011426,37.71999805080075,37.73999797259008,37.7599978943794,37.77999781616874,37.79999773795806,37.81999765974739,37.839997581536714,37.85999750332605,37.87999742511537,37.899997346904705,37.9200010196171,37.93999719048336,37.95999711227268,37.979997034062016,37.99999695585134,38.01999687764067,38.03999679942999,38.06000047214239,38.079996643008656,38.10000031572105,38.120000237510375,38.1400001592997,38.16000008108903,38.179996251955295,38.19999617374462,38.219999846457014,38.23999601732328,38.25999969003567,38.279999611825,38.299999533614326,38.31999570448059,38.33999937719298,38.359995548059246,38.37999922077164,38.39999914256097,38.41999906435029,38.43999898613963,38.45999890792895,38.479998829718284,38.499998751507604,38.51999867329694,38.53999859508626,38.559998516875595,38.579998438664916,38.59999836045425,38.61999828224357,38.639998204032906,38.65999812582223,38.67999804761156,38.69999796940088,38.71999789119022,38.73999781297954,38.75999773476887,38.779997656558194,38.79999757834752,38.82000125105992,38.83999742192618,38.85999734371551,38.879997265504834,38.89999718729417,38.91999710908349,38.939997030872824,38.959996952662145,38.980000625374544,38.9999967962408,39.019996718030136,39.04000039074253,39.060000312531855,39.08000023432118,39.09999640518745,39.11999632697677,39.13999999968917,39.159999921478494,39.17999984326782,39.19999976505715,39.21999968684648,39.239999608635806,39.25999577950207,39.27999945221446,39.29999937400379,39.31999554487005,39.339999217582445,39.35999913937177,39.3799990611611,39.39999898295043,39.41999890473976,39.439998826529084,39.45999874831841,39.47999867010774,39.49999859189707],"SMUCurrent":[5.367262761111634E-06,5.347457114375975E-06,5.368613146116297E-06,5.3987717445546735E-06,5.430730856332628E-06,5.465840866454905E-06,5.506127352428527E-06,5.5439381325601855E-06,5.586250196040857E-06,5.629912644526246E-06,5.679426761365339E-06,5.730966455711481E-06,5.784306663397256E-06,5.839447384422609E-06,5.89863926046206E-06,5.964357997357574E-06,6.034127889267214E-06,6.1083990645258396E-06,6.183570496454295E-06,6.268644751750553E-06,6.3609210604052054E-06,6.461524743255553E-06,6.573381634478393E-06,6.687939295710668E-06,6.820727154506414E-06,6.961842387497827E-06,7.11623640636881E-06,7.289760879473093E-06,7.483766191815339E-06,7.70297869091206E-06,7.949649018437695E-06,8.228728586076226E-06,8.543368292171922E-06,8.91719987430707E-06,9.354049423328323E-06,9.875298035143503E-06,1.0497600458143891E-05,1.1250440098265532E-05,1.2183106008180073E-05,1.334781307473599E-05,1.483728773492285E-05,1.675798533994473E-05,1.9252821636132623E-05,2.249374564741865E-05,2.682082933082037E-05,3.251315225397636E-05,4.002601922763877E-05,4.974811606899449E-05,6.228891654349924E-05,7.809494795937467E-05,9.759113146476715E-05,0.00012112271549254563,0.00014865999157260667,0.0001803125659544986,0.00021589633614924698,0.0002552051433794672,0.000297920521848217,0.00034372580627189356,0.00039206643854189913,0.00044257196303861023,0.0004949486710235042,0.0005492307722500332,0.0006047207928632687,0.0006624540280334826,0.0007206166856351918,0.0007808677136466735,0.0008413435807614382,0.0009039213221360222,0.0009669494169096746,0.0010307490316493468,0.0010948664369934595,0.0011606274859524623,0.0012270214153503357,0.0012942366038952355,0.0013625019418454592,0.0014313796793953154,0.001500779790877824,0.00157161018514448,0.001643414882192029,0.0017149621058320148,0.0017863180249296673,0.0018596036441990399,0.0019330706651873777,0.0020070890933859688,0.002080552063219292,0.0021558331013972806,0.0022317837054734338,0.00230768457036858,0.002382092584641028,0.002459809042174997,0.0025372651004672256,0.0026146356343758237,0.002692700041112671,0.0027699663703117387,0.002848115626239715,0.002927527942275423,0.0030070426625073213,0.0030862978837541484,0.0031672172294551046,0.0032455116517710863],