{"IsIVDone":true,"IsSPSDone":false,"SiPMLocation":{"Block":0,"Module":1,"Array":0,"SiPM":13},"Barcode":"00548","SiPMMeasurementDetails":{"DMMResistance":0,"IV":1,"SPS":0,"DarkCurrent":0,"ForwardResistance":0,"SPSVoltagesIsOffsets":0,"IVVoltages":[],"SPSVoltages":[],"OperatingVoltage":41.23},"Checks":{"SelectedForMeasurement":true,"DMMResistanceOK":true,"RForwardDone":true,"RForwardOK":true,"IDarkDone":true,"IDarkOK":true,"IVDone":true,"IVTemperatureOK":true,"IVMeasurementOK":true,"IVVoltageCheckOK":true,"IVCurrentCheckOK":true,"IVVbrOK":true},"Temperatures":[{"Block":0,"Module1":[25.0,24.953,25.0,25.031,25.016,24.977,24.977,25.055],"Module2":[25.039,24.992,24.992,24.961,25.047,25.023,24.961,24.992],"Pulser":28.219,"ControlTemperature":28.195,"Timestamp":1732543539},{"Block":0,"Module1":[25.008,24.953,25.0,25.039,25.016,24.984,24.977,25.047],"Module2":[25.039,24.992,24.992,24.961,25.047,25.016,24.961,25.0],"Pulser":28.219,"ControlTemperature":28.203,"Timestamp":1732543562}],"DMMResistanceResult":{"Identifier":{"Type":2,"ID":"163ccccd-90a2-4d01-927e-9ff420e83ea6"},"StartTimestamp":1732538725,"EndTimestamp":1732538727,"ErrorHappened":false,"ErrorMessage":null,"CorrectionPercentage":0,"Voltages":[29.999998232735635,29.999998232735635,29.999998232735635,29.999998232735635,29.999998232735635,29.999998232735635],"Currents":[3.2440074053843686E-06,3.2197004752997234E-06,3.2082222027597597E-06,3.201245213568782E-06,3.198544443559374E-06,3.196068737717437E-06],"Resistance":9342263.176130798},"IVMeasurementID":{"Type":0,"ID":"85b73ed6-b550-4830-80eb-ebae988002eb"},"SPSMeasurementID":{"Type":999,"ID":"166a4127-cc61-4662-8b72-3fcdce224b24"},"IVResult":{"Identifier":{"Type":0,"ID":"85b73ed6-b550-4830-80eb-ebae988002eb"},"StartTimestamp":1732543541,"EndTimestamp":1732543564,"ErrorHappened":false,"ErrorMessage":null,"Temperatures":[{"Block":0,"Module1":[25.0,24.953,25.0,25.031,25.016,24.977,24.977,25.055],"Module2":[25.039,24.992,24.992,24.961,25.047,25.023,24.961,24.992],"Pulser":28.219,"ControlTemperature":28.195,"Timestamp":1732543539},{"Block":0,"Module1":[25.008,24.953,25.0,25.039,25.016,24.984,24.977,25.047],"Module2":[25.039,24.992,24.992,24.961,25.047,25.016,24.961,25.0],"Pulser":28.219,"ControlTemperature":28.203,"Timestamp":1732543562}],"SMUVoltage":[37.40999926306617,37.42999543393243,37.449999106644825,37.469999028434145,37.48999895022348,37.50999887201281,37.529998793802136,37.549998715591464,37.56999863738079,37.58999855917012,37.60999848095945,37.629998402748775,37.6499983245381,37.66999824632743,37.68999816811676,37.70999808990609,37.729998011695415,37.74999793348474,37.76999785527407,37.7899977770634,37.809997698852726,37.829997620642054,37.84999754243138,37.86999746422071,37.88999738601004,37.909997307799365,37.92999722958869,37.94999715137802,37.96999707316735,37.98999699495668,38.01000066766907,38.02999683853533,38.050000511247724,38.07000043303706,38.089996603903316,38.110000276615715,38.130000198405035,38.15000012019437,38.17000004198369,38.189996212849955,38.20999613463928,38.22999980735168,38.24999972914101,38.26999965093034,38.289995821796595,38.30999574358593,38.32999941629832,38.34999933808765,38.36999925987698,38.389999181666305,38.40999535253256,38.42999902524496,38.44999519611122,38.469998868823616,38.489998790612944,38.50999871240227,38.5299986341916,38.54999855598093,38.569998477770255,38.58999839955958,38.60999832134891,38.62999824313824,38.64999816492757,38.669998086716895,38.68999800850622,38.70999793029555,38.73000160300794,38.749997773874206,38.769997695663534,38.790001368375925,38.80999753924219,38.82999746103152,38.849997382820845,38.86999730461017,38.8899972263995,38.90999714818883,38.93000082090122,38.949996991767485,38.96999691355681,38.98999683534614,39.01000050805853,39.03000042984787,39.049996600714124,39.06999652250345,39.08999644429278,39.10999636608211,39.1300000387945,39.149999960583834,39.16999613145009,39.18999980416249,39.20999972595181,39.229999647741145,39.249999569530466,39.2699994913198,39.28999941310912,39.30999933489846,39.329999256687785,39.34999917847711,39.36999910026644,39.38999902205577],"SMUCurrent":[4.269849880623365E-06,4.226412496305447E-06,4.220335763784272E-06,4.224386918798398E-06,4.2284380738124964E-06,4.235865191338362E-06,4.24419256553403E-06,4.250494362222648E-06,4.259721993088092E-06,4.270525073125724E-06,4.276151677311984E-06,4.288080078186863E-06,4.301358864066432E-06,4.309461174094656E-06,4.321839703304422E-06,4.336693938356153E-06,4.3488474033984755E-06,4.361676060943157E-06,4.380581451008986E-06,4.396786071065407E-06,4.41254056278694E-06,4.433471530359846E-06,4.451701727923316E-06,4.473983080500885E-06,4.4969396255808394E-06,4.525297710679583E-06,4.552305410773636E-06,4.585389843388864E-06,4.621175046013473E-06,4.66191166032201E-06,4.703323467132879E-06,4.7521623914696404E-06,4.808878561667128E-06,4.872796785223063E-06,4.9490935379887385E-06,5.037543755796736E-06,5.144449235335702E-06,5.271385425777717E-06,5.4291554071604934E-06,5.6233857836701835E-06,5.872081688702895E-06,6.192798127319739E-06,6.603315168749298E-06,7.1475203256444325E-06,7.866600340648513E-06,8.82492356565239E-06,1.009901181758921E-05,1.1789693843476738E-05,1.4010176919542557E-05,1.688964787790323E-05,2.0532536492255676E-05,2.5077932418084343E-05,3.060303266482465E-05,3.714024647258952E-05,4.469475031723025E-05,5.323886130615049E-05,6.271541314081779E-05,7.302515252338655E-05,8.406364968015977E-05,9.580389691104338E-05,0.00010828280473949927,0.00012097597365536796,0.00013448635056324912,0.00014842660003096058,0.00016288247150630095,0.00017778802118820723,0.00019300078345868337,0.00020876337749024086,0.0002250776037962193,0.00024147037749663798,0.00025849648176426215,0.0002756324173456021,0.0002932151052993311,0.0003115168732680642,0.0003296349888761578,0.00034818365223658403,0.0003673633955225412,0.00038679656106104757,0.000406440611724455,0.00042649968071264093,0.0004467228214788983,0.0004677422392695952,0.0004883344852704711,0.0005089429358914037,0.0005303465382159384,0.0005516567389109812,0.0005735478302222137,0.0005963367024974058,0.0006178703919107269,0.0006401134835798517,0.000663494049551271,0.0006859698575695395,0.0007085739521632548,0.0007322770350866306,0.0007558155961036,0.0007793647351364396,0.0008029645136069556,0.0008264938469930595,0.0008513188747911756,0.0008750201572012117],