{"IsIVDone":true,"IsSPSDone":false,"SiPMLocation":{"Block":0,"Module":0,"Array":1,"SiPM":6},"Barcode":"00552","SiPMMeasurementDetails":{"DMMResistance":0,"IV":1,"SPS":0,"DarkCurrent":0,"ForwardResistance":0,"SPSVoltagesIsOffsets":0,"IVVoltages":[],"SPSVoltages":[],"OperatingVoltage":41.32},"Checks":{"SelectedForMeasurement":true,"DMMResistanceOK":true,"RForwardDone":true,"RForwardOK":true,"IDarkDone":true,"IDarkOK":true,"IVDone":true,"IVTemperatureOK":true,"IVMeasurementOK":true,"IVVoltageCheckOK":true,"IVCurrentCheckOK":true,"IVVbrOK":true},"Temperatures":[{"Block":0,"Module1":[25.0,24.961,25.0,25.023,25.016,24.984,24.984,25.047],"Module2":[25.031,24.992,25.0,24.961,25.039,25.016,24.969,25.0],"Pulser":27.469,"ControlTemperature":27.82,"Timestamp":1732542481},{"Block":0,"Module1":[25.0,24.953,25.0,25.031,25.016,24.992,24.977,25.039],"Module2":[25.031,24.992,24.992,24.961,25.047,25.023,24.961,25.0],"Pulser":27.516,"ControlTemperature":27.828,"Timestamp":1732542504}],"DMMResistanceResult":{"Identifier":{"Type":2,"ID":"163ccccd-90a2-4d01-927e-9ff420e83ea6"},"StartTimestamp":1732538725,"EndTimestamp":1732538727,"ErrorHappened":false,"ErrorMessage":null,"CorrectionPercentage":0,"Voltages":[29.999998232735635,29.999998232735635,29.999998232735635,29.999998232735635,29.999998232735635,29.999998232735635],"Currents":[3.2440074053843686E-06,3.2197004752997234E-06,3.2082222027597597E-06,3.201245213568782E-06,3.198544443559374E-06,3.196068737717437E-06],"Resistance":9342263.176130798},"IVMeasurementID":{"Type":0,"ID":"757ebacc-9872-410c-853c-e493a5525acb"},"SPSMeasurementID":{"Type":999,"ID":"a80701eb-04e0-4454-8d9a-a736e9634baa"},"IVResult":{"Identifier":{"Type":0,"ID":"757ebacc-9872-410c-853c-e493a5525acb"},"StartTimestamp":1732542484,"EndTimestamp":1732542506,"ErrorHappened":false,"ErrorMessage":null,"Temperatures":[{"Block":0,"Module1":[25.0,24.961,25.0,25.023,25.016,24.984,24.984,25.047],"Module2":[25.031,24.992,25.0,24.961,25.039,25.016,24.969,25.0],"Pulser":27.469,"ControlTemperature":27.82,"Timestamp":1732542481},{"Block":0,"Module1":[25.0,24.953,25.0,25.031,25.016,24.992,24.977,25.039],"Module2":[25.031,24.992,24.992,24.961,25.047,25.023,24.961,25.0],"Pulser":27.516,"ControlTemperature":27.828,"Timestamp":1732542504}],"SMUVoltage":[37.50999887201281,37.529998793802136,37.549998715591464,37.56999863738079,37.58999855917012,37.60999848095945,37.629998402748775,37.6499983245381,37.66999824632743,37.68999816811676,37.70999808990609,37.729998011695415,37.74999793348474,37.76999785527407,37.7899977770634,37.809997698852726,37.829997620642054,37.84999754243138,37.86999746422071,37.8900011369331,37.909997307799365,37.92999722958869,37.95000090230109,37.96999707316735,37.98999699495668,38.009996916746005,38.0300005894584,38.04999676032466,38.07000043303706,38.089996603903316,38.110000276615715,38.12999644748197,38.15000012019437,38.16999629106063,38.189999963773026,38.209999885562354,38.22999980735168,38.24999972914101,38.26999965093034,38.289999572719665,38.30999949450899,38.32999941629832,38.349995587164585,38.36999925987698,38.389999181666305,38.40999910345563,38.42999902524496,38.44999894703429,38.469998868823616,38.489998790612944,38.50999871240227,38.5299986341916,38.54999855598093,38.569998477770255,38.58999839955958,38.60999832134891,38.62999824313824,38.64999816492757,38.669998086716895,38.68999800850622,38.70999793029555,38.72999785208488,38.749997773874206,38.769997695663534,38.78999761745286,38.80999753924219,38.82999746103152,38.849997382820845,38.87000105553324,38.890000977322565,38.91000089911189,38.92999706997816,38.950000742690555,38.96999691355681,38.99000058626921,39.00999675713547,39.029996678924796,39.049996600714124,39.06999652250345,39.08999644429278,39.11000011700518,39.1300000387945,39.14999620966076,39.169999882373155,39.18999980416249,39.20999972595181,39.229999647741145,39.249999569530466,39.2699994913198,39.28999941310912,39.30999933489846,39.329999256687785,39.34999917847711,39.36999910026644,39.38999902205577,39.409998943845096,39.429998865634424,39.44999878742375,39.46999870921308,39.48999863100241],"SMUCurrent":[4.570535608337134E-06,4.530699250698426E-06,4.534750405712525E-06,4.545103357415215E-06,4.5572568224575645E-06,4.570985736672021E-06,4.5871903567284696E-06,4.604745361789608E-06,4.623200623520522E-06,4.640530564414217E-06,4.65966101864749E-06,4.678116280378431E-06,4.70129788962583E-06,4.72605494804539E-06,4.749686685627676E-06,4.7764693215542585E-06,4.805952727490276E-06,4.8340857484215755E-06,4.865819796032086E-06,4.900029549484533E-06,4.934464367104479E-06,4.974300724743186E-06,5.01616265988897E-06,5.063876263388458E-06,5.114515701064797E-06,5.169431357922706E-06,5.2283981697946865E-06,5.293666778355313E-06,5.36816301778141E-06,5.448285861393766E-06,5.545063453397432E-06,5.646567392917582E-06,5.76765191500592E-06,5.904040800480876E-06,6.061585717696155E-06,6.249289233349809E-06,6.4732280799629604E-06,6.7390288617218954E-06,7.063346327017977E-06,7.474763625117312E-06,7.979582552708627E-06,8.631368381645032E-06,9.471983047072338E-06,1.0570521248397827E-05,1.201385775425736E-05,1.3947384016823922E-05,1.6490834173181078E-05,1.9858694374909146E-05,2.4261624682741682E-05,2.995619824757215E-05,3.720641533781993E-05,4.616419426651402E-05,5.7082507157868713E-05,7.005498070554338E-05,8.506338471197453E-05,0.00010205235339196935,0.00012092420889685436,0.00014147864411759873,0.0001637210605942212,0.0001873370436847936,0.00021221653701143263,0.00023821009796695124,0.00026514780310492433,0.00029311765251482507,0.00032209038785488485,0.00035161340508436093,0.00038230675598457915,0.00041374979562657475,0.0004453578073033115,0.00047815348259168405,0.0005116043196715049,0.0005453340112547966,0.0005799592331603737,0.0006147237697856026,0.0006511456789399363,0.0006877278337814948,0.0007243514004298641,0.0007615882669345358,0.000800574332148632,0.0008387341868040179,0.0008782286719723848,0.0009179792801633102,0.0009575610902286479,0.0009991698281860439,0.0010383859089792746,0.0010799476085256736,0.0011211566325216777,0.0011632127980439652,0.0012064728317979449,0.0012477108890715503,0.0012915522635700545,0.001336304247690063,0.0013789473805610613,0.001423506484689565,0.0014686016916649353,0.0015122454598244183,0.0015573417921206259,0.0016027264316153375,0.0016498010779434347,0.0016939838747839612],