{"IsIVDone":true,"IsSPSDone":false,"SiPMLocation":{"Block":0,"Module":0,"Array":2,"SiPM":1},"Barcode":"00551","SiPMMeasurementDetails":{"DMMResistance":0,"IV":1,"SPS":0,"DarkCurrent":0,"ForwardResistance":0,"SPSVoltagesIsOffsets":0,"IVVoltages":[],"SPSVoltages":[],"OperatingVoltage":41.33},"Checks":{"SelectedForMeasurement":true,"DMMResistanceOK":true,"RForwardDone":true,"RForwardOK":true,"IDarkDone":true,"IDarkOK":true,"IVDone":true,"IVTemperatureOK":true,"IVMeasurementOK":true,"IVVoltageCheckOK":true,"IVCurrentCheckOK":true,"IVVbrOK":true},"Temperatures":[{"Block":0,"Module1":[25.008,24.961,25.0,25.031,25.016,24.984,24.977,25.047],"Module2":[25.039,25.0,24.992,24.961,25.039,25.023,24.969,25.0],"Pulser":27.883,"ControlTemperature":27.922,"Timestamp":1732542734},{"Block":0,"Module1":[25.008,24.953,25.0,25.031,25.023,24.984,24.977,25.039],"Module2":[25.039,24.992,24.992,24.961,25.039,25.023,24.961,25.0],"Pulser":27.906,"ControlTemperature":27.93,"Timestamp":1732542757}],"DMMResistanceResult":{"Identifier":{"Type":2,"ID":"163ccccd-90a2-4d01-927e-9ff420e83ea6"},"StartTimestamp":1732538725,"EndTimestamp":1732538727,"ErrorHappened":false,"ErrorMessage":null,"CorrectionPercentage":0,"Voltages":[29.999998232735635,29.999998232735635,29.999998232735635,29.999998232735635,29.999998232735635,29.999998232735635],"Currents":[3.2440074053843686E-06,3.2197004752997234E-06,3.2082222027597597E-06,3.201245213568782E-06,3.198544443559374E-06,3.196068737717437E-06],"Resistance":9342263.176130798},"IVMeasurementID":{"Type":0,"ID":"abb38d83-f2d2-41a4-b119-d76d47d70ea1"},"SPSMeasurementID":{"Type":999,"ID":"9dafc345-a018-432d-a76f-3df475aedb09"},"IVResult":{"Identifier":{"Type":0,"ID":"abb38d83-f2d2-41a4-b119-d76d47d70ea1"},"StartTimestamp":1732542736,"EndTimestamp":1732542759,"ErrorHappened":false,"ErrorMessage":null,"Temperatures":[{"Block":0,"Module1":[25.008,24.961,25.0,25.031,25.016,24.984,24.977,25.047],"Module2":[25.039,25.0,24.992,24.961,25.039,25.023,24.969,25.0],"Pulser":27.883,"ControlTemperature":27.922,"Timestamp":1732542734},{"Block":0,"Module1":[25.008,24.953,25.0,25.031,25.023,24.984,24.977,25.039],"Module2":[25.039,24.992,24.992,24.961,25.039,25.023,24.961,25.0],"Pulser":27.906,"ControlTemperature":27.93,"Timestamp":1732542757}],"SMUVoltage":[37.51999883290747,37.539998754696796,37.559998676486124,37.57999859827545,37.59999852006478,37.61999844185411,37.639998363643436,37.65999828543276,37.67999820722209,37.699998129011426,37.71999805080075,37.73999797259008,37.760001645302474,37.77999781616874,37.79999773795806,37.81999765974739,37.839997581536714,37.86000125424911,37.87999742511537,37.899997346904705,37.9200010196171,37.93999719048336,37.95999711227268,37.979997034062016,37.99999695585134,38.01999687764067,38.03999679942999,38.05999672121933,38.079996643008656,38.10000031572105,38.11999648658731,38.13999640837664,38.16000008108903,38.18000000287836,38.19999992466769,38.219999846457014,38.23999976824634,38.25999969003567,38.279999611825,38.299999533614326,38.319999455403654,38.33999937719298,38.35999929898231,38.37999922077164,38.39999914256097,38.41999906435029,38.43999898613963,38.45999890792895,38.479998829718284,38.499998751507604,38.51999867329694,38.53999859508626,38.559998516875595,38.58000218958799,38.59999836045425,38.61999828224357,38.639998204032906,38.65999812582223,38.67999804761156,38.69999796940088,38.71999789119022,38.73999781297954,38.75999773476887,38.779997656558194,38.79999757834752,38.82000125105992,38.83999742192618,38.85999734371551,38.880001016427904,38.89999718729417,38.91999710908349,38.939997030872824,38.959996952662145,38.97999687445148,39.00000054716387,39.019996718030136,39.03999663981946,39.05999656160879,39.08000023432118,39.10000015611051,39.11999632697677,39.13999999968917,39.159999921478494,39.17999609234476,39.19999976505715,39.219995935923414,39.239999608635806,39.25999577950207,39.27999945221446,39.29999937400379,39.31999929579312,39.339999217582445,39.35999913937177,39.3799990611611,39.39999898295043,39.41999890473976,39.439998826529084,39.45999874831841,39.47999867010774,39.49999859189707],"SMUCurrent":[4.959896618026371E-06,4.9299630837554384E-06,4.943241869635035E-06,4.964848029710272E-06,4.988704831460002E-06,5.0150373390517235E-06,5.041594910810862E-06,5.07040312424452E-06,5.100786786850313E-06,5.132745898628295E-06,5.166280459578383E-06,5.202965918872795E-06,5.241451891506812E-06,5.28241356998282E-06,5.325175761798406E-06,5.373564557800226E-06,5.421278161299713E-06,5.474393304818017E-06,5.5331350525225805E-06,5.594127441901637E-06,5.66052137129951E-06,5.731866712381311E-06,5.810189042654035E-06,5.895713426285181E-06,5.990240376614354E-06,6.093094701139221E-06,6.205851849031864E-06,6.333913360311179E-06,6.476378978307283E-06,6.639100371373934E-06,6.82185247534366E-06,7.032962664412157E-06,7.272656002746842E-06,7.558037367073992E-06,7.895633618249616E-06,8.302099504665076E-06,8.79318951804188E-06,9.40041264182312E-06,1.0149876319432994E-05,1.1104823581925132E-05,1.2321295406994635E-05,1.3907997787520102E-05,1.598601524558979E-05,1.871649372509827E-05,2.2317970532639874E-05,2.703644080323788E-05,3.3200273157202485E-05,4.1113304220591736E-05,5.1198429564044986E-05,6.370884637594393E-05,7.905732233939266E-05,9.735323863977206E-05,0.00011858849296705393,0.0001429136532492626,0.000170147317767433,0.00019997124578879027,0.000232462184194435,0.00026685784064921263,0.0003032462152425963,0.0003415604639168531,0.0003814260798973457,0.00042238573279581475,0.00046470634871485653,0.0005086564292062393,0.0005532049553188727,0.0005988281628310819,0.000645450205118436,0.0006933704175236441,0.0007414128397717779,0.0007907471303410771,0.0008408407874113539,0.0008919060464925142,0.0009435560222807107,0.0009952057730047397,0.001047558624187884,0.0011013833950261538,0.0011565148884206406,0.0012112790770938487,0.0012662194910101703,0.0013219892663835467,0.001378583451802294,0.001435156481189301,0.0014932892052567392,0.001550691145972466,0.0016082956444388983,0.0016671469983930058,0.0017265531355198786,0.0017863081221062996,0.0018459377479514505,0.0019051660843860377,0.001966169501909306,0.0020271213797382285,0.0020892843278522014,0.0021508497306015934,0.0022122825705563572,0.0022762856433034048,0.00233926759992273,0.0024019074590075303,0.002464309650331503,0.0025279884056132545],