{"IsIVDone":true,"IsSPSDone":false,"SiPMLocation":{"Block":0,"Module":0,"Array":2,"SiPM":9},"Barcode":"00551","SiPMMeasurementDetails":{"DMMResistance":0,"IV":1,"SPS":0,"DarkCurrent":0,"ForwardResistance":0,"SPSVoltagesIsOffsets":0,"IVVoltages":[],"SPSVoltages":[],"OperatingVoltage":41.3},"Checks":{"SelectedForMeasurement":true,"DMMResistanceOK":true,"RForwardDone":true,"RForwardOK":true,"IDarkDone":true,"IDarkOK":true,"IVDone":true,"IVTemperatureOK":true,"IVMeasurementOK":true,"IVVoltageCheckOK":true,"IVCurrentCheckOK":true,"IVVbrOK":true},"Temperatures":[{"Block":0,"Module1":[25.008,24.961,25.0,25.031,25.023,24.984,24.977,25.039],"Module2":[25.039,24.992,24.992,24.961,25.047,25.023,24.961,25.0],"Pulser":27.938,"ControlTemperature":27.938,"Timestamp":1732542780},{"Block":0,"Module1":[25.0,24.953,25.0,25.031,25.016,24.984,24.977,25.039],"Module2":[25.039,24.992,24.992,24.961,25.047,25.016,24.961,25.0],"Pulser":27.953,"ControlTemperature":27.945,"Timestamp":1732542803}],"DMMResistanceResult":{"Identifier":{"Type":2,"ID":"163ccccd-90a2-4d01-927e-9ff420e83ea6"},"StartTimestamp":1732538725,"EndTimestamp":1732538727,"ErrorHappened":false,"ErrorMessage":null,"CorrectionPercentage":0,"Voltages":[29.999998232735635,29.999998232735635,29.999998232735635,29.999998232735635,29.999998232735635,29.999998232735635],"Currents":[3.2440074053843686E-06,3.2197004752997234E-06,3.2082222027597597E-06,3.201245213568782E-06,3.198544443559374E-06,3.196068737717437E-06],"Resistance":9342263.176130798},"IVMeasurementID":{"Type":0,"ID":"0aeada70-266e-4e8c-b7dc-ffbfa8dc0a95"},"SPSMeasurementID":{"Type":999,"ID":"9fc755de-6412-48f0-87c2-2aaf6175cd9f"},"IVResult":{"Identifier":{"Type":0,"ID":"0aeada70-266e-4e8c-b7dc-ffbfa8dc0a95"},"StartTimestamp":1732542782,"EndTimestamp":1732542805,"ErrorHappened":false,"ErrorMessage":null,"Temperatures":[{"Block":0,"Module1":[25.008,24.961,25.0,25.031,25.023,24.984,24.977,25.039],"Module2":[25.039,24.992,24.992,24.961,25.047,25.023,24.961,25.0],"Pulser":27.938,"ControlTemperature":27.938,"Timestamp":1732542780},{"Block":0,"Module1":[25.0,24.953,25.0,25.031,25.016,24.984,24.977,25.039],"Module2":[25.039,24.992,24.992,24.961,25.047,25.016,24.961,25.0],"Pulser":27.953,"ControlTemperature":27.945,"Timestamp":1732542803}],"SMUVoltage":[37.47999898932881,37.49999891111814,37.51999883290747,37.539998754696796,37.559998676486124,37.57999859827545,37.59999852006478,37.61999844185411,37.639998363643436,37.65999828543276,37.67999820722209,37.699994378088356,37.71999805080075,37.73999797259008,37.7599978943794,37.77999781616874,37.79999773795806,37.81999765974739,37.839997581536714,37.85999750332605,37.88000117603844,37.899997346904705,37.919997268694026,37.93999719048336,37.95999711227268,37.98000078498508,38.00000070677441,38.01999687764067,38.03999679942999,38.05999672121933,38.08000039393172,38.09999656479798,38.11999648658731,38.1400001592997,38.16000008108903,38.179996251955295,38.19999617374462,38.219999846457014,38.23999976824634,38.25999969003567,38.279995860901934,38.29999578269126,38.319999455403654,38.33999937719298,38.35999929898231,38.37999922077164,38.39999914256097,38.41999906435029,38.43999898613963,38.45999890792895,38.479998829718284,38.499998751507604,38.51999867329694,38.53999859508626,38.559998516875595,38.579998438664916,38.59999836045425,38.61999828224357,38.639994453109836,38.65999812582223,38.67999804761156,38.69999796940088,38.71999789119022,38.73999781297954,38.75999773476887,38.779997656558194,38.79999757834752,38.81999750013686,38.83999742192618,38.86000109463858,38.879997265504834,38.89999718729417,38.91999710908349,38.94000078179589,38.960000703585216,38.980000625374544,38.9999967962408,39.0200004689532,39.04000039074253,39.05999656160879,39.08000023432118,39.09999640518745,39.11999632697677,39.1399962487661,39.159999921478494,39.17999609234476,39.19999976505715,39.219995935923414,39.239999608635806,39.259999530425134,39.27999945221446,39.29999937400379,39.31999929579312,39.339999217582445,39.35999913937177,39.3799990611611,39.39999898295043,39.41999515381669,39.439998826529084,39.45999874831841],"SMUCurrent":[4.94841834548638E-06,4.918034682880587E-06,4.9297380195879946E-06,4.946167703811887E-06,4.970249569729088E-06,4.995456756483536E-06,5.021114071572871E-06,5.049472156671615E-06,5.079855819277435E-06,5.112265059390277E-06,5.146249748675308E-06,5.18090963046267E-06,5.2205209239339335E-06,5.2614826024099145E-06,5.30627037173255E-06,5.351508269390101E-06,5.40214770706644E-06,5.45413752974747E-06,5.509053186605379E-06,5.5711708968216825E-06,5.635539248712506E-06,5.708009910631554E-06,5.785657048401946E-06,5.870956367865648E-06,5.966608639032094E-06,6.068787771054549E-06,6.179294277272726E-06,6.309831494393951E-06,6.452297112390082E-06,6.610517222107719E-06,6.792819197742558E-06,7.004604579313414E-06,7.242497404308493E-06,7.5283288969705305E-06,7.865024891476352E-06,8.267439622877714E-06,8.756504058747469E-06,9.358325642509893E-06,1.0111615410966421E-05,1.1070613828472657E-05,1.229496289940294E-05,1.3889992654124049E-05,1.5989391208101557E-05,1.8748677901043667E-05,2.2409571648792195E-05,2.7193760656285743E-05,3.349398189572529E-05,4.158616403640507E-05,5.180835345783562E-05,6.456296489141828E-05,8.007461237626856E-05,9.851524493631857E-05,0.00011992469892920706,0.00014435608949845232,0.00017160955966335836,0.00020159418350027523,0.00023377880957401993,0.00026830972959343525,0.0003048637514140624,0.000343097427116372,0.00038259731382475767,0.00042426321808068613,0.0004665442227062566,0.000510300748013632,0.0005548906859330763,0.0006005147937019553,0.0006474931125663835,0.0006954252533724665,0.0007441032568294802,0.0007934872865797859,0.0008437927290316336,0.0008950708988152019,0.0009471037087522316,0.0009999123148744628,0.001053077197573768,0.0011074463986331007,0.0011609603558561214,0.001217139973078425,0.0012740161638989877,0.00133074673820321,0.0013875884942061527,0.0014447565932518985,0.0015017714235996107,0.0015610060618308863,0.001619769640759688,0.0016795527603670403,0.0017408712677247395,0.0018012168226865502,0.0018624725371415305,0.0019232943278816666,0.0019859002022771816,0.0020467285198781738,0.002109044511626013,0.0021721090667947925,0.002235944241672922,0.002299690741269076,0.0023630404527380153,0.0024272283031665396,0.0024915367879888174,0.0025567387775558732],