{"IsIVDone":true,"IsSPSDone":false,"SiPMLocation":{"Block":0,"Module":1,"Array":3,"SiPM":5},"Barcode":"00546","SiPMMeasurementDetails":{"DMMResistance":0,"IV":1,"SPS":0,"DarkCurrent":0,"ForwardResistance":0,"SPSVoltagesIsOffsets":0,"IVVoltages":[],"SPSVoltages":[],"OperatingVoltage":41.31},"Checks":{"SelectedForMeasurement":true,"DMMResistanceOK":true,"RForwardDone":true,"RForwardOK":true,"IDarkDone":true,"IDarkOK":true,"IVDone":true,"IVTemperatureOK":true,"IVMeasurementOK":true,"IVVoltageCheckOK":true,"IVCurrentCheckOK":true,"IVVbrOK":true},"Temperatures":[{"Block":0,"Module1":[25.008,24.945,24.992,25.039,25.016,24.977,24.969,25.047],"Module2":[25.039,24.984,24.984,24.961,25.055,25.016,24.953,25.0],"Pulser":28.383,"ControlTemperature":28.523,"Timestamp":1732544600},{"Block":0,"Module1":[25.008,24.945,25.0,25.039,25.016,24.969,24.969,25.055],"Module2":[25.039,24.984,24.984,24.969,25.055,25.008,24.945,25.008],"Pulser":28.383,"ControlTemperature":28.531,"Timestamp":1732544623}],"DMMResistanceResult":{"Identifier":{"Type":2,"ID":"163ccccd-90a2-4d01-927e-9ff420e83ea6"},"StartTimestamp":1732538725,"EndTimestamp":1732538727,"ErrorHappened":false,"ErrorMessage":null,"CorrectionPercentage":0,"Voltages":[29.999998232735635,29.999998232735635,29.999998232735635,29.999998232735635,29.999998232735635,29.999998232735635],"Currents":[3.2440074053843686E-06,3.2197004752997234E-06,3.2082222027597597E-06,3.201245213568782E-06,3.198544443559374E-06,3.196068737717437E-06],"Resistance":9342263.176130798},"IVMeasurementID":{"Type":0,"ID":"758fc0f1-74d3-40f9-9e44-c0413c74bb60"},"SPSMeasurementID":{"Type":999,"ID":"fcbf1b42-b0a4-4081-8160-1f2e3112345f"},"IVResult":{"Identifier":{"Type":0,"ID":"758fc0f1-74d3-40f9-9e44-c0413c74bb60"},"StartTimestamp":1732544603,"EndTimestamp":1732544625,"ErrorHappened":false,"ErrorMessage":null,"Temperatures":[{"Block":0,"Module1":[25.008,24.945,24.992,25.039,25.016,24.977,24.969,25.047],"Module2":[25.039,24.984,24.984,24.961,25.055,25.016,24.953,25.0],"Pulser":28.383,"ControlTemperature":28.523,"Timestamp":1732544600},{"Block":0,"Module1":[25.008,24.945,25.0,25.039,25.016,24.969,24.969,25.055],"Module2":[25.039,24.984,24.984,24.969,25.055,25.008,24.945,25.008],"Pulser":28.383,"ControlTemperature":28.531,"Timestamp":1732544623}],"SMUVoltage":[37.48999895022348,37.50999887201281,37.529998793802136,37.549998715591464,37.56999863738079,37.58999855917012,37.60999848095945,37.629998402748775,37.6499983245381,37.66999824632743,37.68999816811676,37.70999808990609,37.729998011695415,37.74999793348474,37.76999785527407,37.7899977770634,37.809997698852726,37.829997620642054,37.84999754243138,37.86999746422071,37.88999738601004,37.909997307799365,37.92999722958869,37.94999715137802,37.97000082409041,37.98999699495668,38.009996916746005,38.02999683853533,38.04999676032466,38.07000043303706,38.09000035482638,38.110000276615715,38.12999644748197,38.1499963692713,38.16999629106063,38.189999963773026,38.209999885562354,38.22999980735168,38.24999972914101,38.269995900007274,38.289995821796595,38.30999574358593,38.32999941629832,38.34999933808765,38.36999925987698,38.389999181666305,38.40999910345563,38.42999902524496,38.44999894703429,38.469998868823616,38.489998790612944,38.50999871240227,38.5299986341916,38.54999855598093,38.569998477770255,38.58999839955958,38.60999832134891,38.62999824313824,38.64999816492757,38.669998086716895,38.68999800850622,38.70999793029555,38.72999785208488,38.749997773874206,38.769997695663534,38.790001368375925,38.80999753924219,38.82999746103152,38.849997382820845,38.87000105553324,38.8899972263995,38.90999714818883,38.92999706997816,38.949996991767485,38.96999691355681,38.98999683534614,39.01000050805853,39.03000042984787,39.049996600714124,39.06999652250345,39.09000019521584,39.11000011700518,39.1300000387945,39.14999620966076,39.169999882373155,39.18999605323942,39.20999597502875,39.229999647741145,39.249999569530466,39.2699994913198,39.28999566218606,39.30999933489846,39.329999256687785,39.34999917847711,39.36999910026644,39.38999902205577,39.409998943845096,39.429998865634424,39.44999878742375,39.46999870921308],"SMUCurrent":[4.601819527612756E-06,4.561758105806551E-06,4.564683939983403E-06,4.577062469193196E-06,4.590341255072765E-06,4.6036200409523345E-06,4.6200497251762266E-06,4.636254345232648E-06,4.653359221958871E-06,4.6747403178666646E-06,4.6967966062768166E-06,4.7217787288638205E-06,4.744060081441389E-06,4.769942460698196E-06,4.797625353294608E-06,4.827558887565513E-06,4.857717486003862E-06,4.890351790284175E-06,4.923211158731932E-06,4.961021938863617E-06,5.000408168167437E-06,5.046546322494763E-06,5.094710054329165E-06,5.145574556172949E-06,5.204766432212427E-06,5.265758821591484E-06,5.337779355175617E-06,5.415876621280897E-06,5.502526325749317E-06,5.598403661083207E-06,5.708910167301356E-06,5.838547127752779E-06,5.983038323255959E-06,6.154537218853193E-06,6.357320033725995E-06,6.603090104581854E-06,6.89724897143956E-06,7.264328628551201E-06,7.717382797628903E-06,8.287020205445902E-06,9.03130740720443E-06,9.991431145547913E-06,1.125674189495415E-05,1.2918615707408046E-05,1.5136623077631928E-05,1.805593039363128E-05,2.1913080095396548E-05,2.6888123516888074E-05,3.330087684005283E-05,4.13568236497731E-05,5.121193341409201E-05,6.306088663785418E-05,7.703647117985536E-05,9.3068467019851E-05,0.00011105874618083273,0.0001309607203801383,0.00015243544298158742,0.00017550879636443685,0.00019989877512687122,0.00022547124102509011,0.0002524620613065815,0.00028016138358720683,0.0003087812183127044,0.0003384034888400261,0.0003687162562330857,0.00039982845154892913,0.00043182627436369003,0.00046461654811204376,0.0004981709147088918,0.0005320988878237074,0.0005665575622453711,0.000602417936301916,0.0006381556503872005,0.0006747184497103582,0.0007116487788189625,0.0007495165001849977,0.0007878458281584737,0.0008261641279877446,0.0008656946234229035,0.0009050680240691821,0.0009460222754276323,0.000986597968856431,0.0010272035958195005,0.0010688001803118544,0.0011105509337589119,0.0011521272624761948,0.001194618477034164,0.0012380997488647477,0.00128125715335837,0.0013252441443732147,0.001369831606586817,0.001414402414052028,0.0014577074606394978,0.0015034031388136261,0.0015487497424640387,0.0015944442953173296,0.0016399894055634336,0.0016854564185434322,0.001731633508971737,0.001779031122380125],