{"IsIVDone":true,"IsSPSDone":false,"SiPMLocation":{"Block":0,"Module":1,"Array":3,"SiPM":14},"Barcode":"00546","SiPMMeasurementDetails":{"DMMResistance":0,"IV":1,"SPS":0,"DarkCurrent":0,"ForwardResistance":0,"SPSVoltagesIsOffsets":0,"IVVoltages":[],"SPSVoltages":[],"OperatingVoltage":41.34},"Checks":{"SelectedForMeasurement":true,"DMMResistanceOK":true,"RForwardDone":true,"RForwardOK":true,"IDarkDone":true,"IDarkOK":true,"IVDone":true,"IVTemperatureOK":true,"IVMeasurementOK":true,"IVVoltageCheckOK":true,"IVCurrentCheckOK":true,"IVVbrOK":true},"Temperatures":[{"Block":0,"Module1":[25.008,24.945,25.0,25.039,25.016,24.977,24.969,25.055],"Module2":[25.047,24.984,24.984,24.969,25.047,25.016,24.953,25.008],"Pulser":28.398,"ControlTemperature":28.562,"Timestamp":1732544738},{"Block":0,"Module1":[25.008,24.945,24.992,25.039,25.016,24.977,24.969,25.055],"Module2":[25.039,24.984,24.984,24.969,25.055,25.016,24.953,25.008],"Pulser":28.398,"ControlTemperature":28.57,"Timestamp":1732544762}],"DMMResistanceResult":{"Identifier":{"Type":2,"ID":"163ccccd-90a2-4d01-927e-9ff420e83ea6"},"StartTimestamp":1732538725,"EndTimestamp":1732538727,"ErrorHappened":false,"ErrorMessage":null,"CorrectionPercentage":0,"Voltages":[29.999998232735635,29.999998232735635,29.999998232735635,29.999998232735635,29.999998232735635,29.999998232735635],"Currents":[3.2440074053843686E-06,3.2197004752997234E-06,3.2082222027597597E-06,3.201245213568782E-06,3.198544443559374E-06,3.196068737717437E-06],"Resistance":9342263.176130798},"IVMeasurementID":{"Type":0,"ID":"bf995c64-7c2a-4512-9396-39f5488e4edc"},"SPSMeasurementID":{"Type":999,"ID":"9c048b14-5d3d-4965-93ef-e259c315c9fe"},"IVResult":{"Identifier":{"Type":0,"ID":"bf995c64-7c2a-4512-9396-39f5488e4edc"},"StartTimestamp":1732544741,"EndTimestamp":1732544764,"ErrorHappened":false,"ErrorMessage":null,"Temperatures":[{"Block":0,"Module1":[25.008,24.945,25.0,25.039,25.016,24.977,24.969,25.055],"Module2":[25.047,24.984,24.984,24.969,25.047,25.016,24.953,25.008],"Pulser":28.398,"ControlTemperature":28.562,"Timestamp":1732544738},{"Block":0,"Module1":[25.008,24.945,24.992,25.039,25.016,24.977,24.969,25.055],"Module2":[25.039,24.984,24.984,24.969,25.055,25.016,24.953,25.008],"Pulser":28.398,"ControlTemperature":28.57,"Timestamp":1732544762}],"SMUVoltage":[37.529998793802136,37.549998715591464,37.56999863738079,37.58999855917012,37.60999848095945,37.629998402748775,37.6499983245381,37.66999824632743,37.68999816811676,37.71000184082915,37.729998011695415,37.74999793348474,37.76999785527407,37.7899977770634,37.809997698852726,37.829997620642054,37.850001293354445,37.86999746422071,37.88999738601004,37.909997307799365,37.92999722958869,37.94999715137802,37.96999707316735,37.99000074587975,38.01000066766907,38.02999683853533,38.04999676032466,38.07000043303706,38.089996603903316,38.109996525692644,38.12999644748197,38.15000012019437,38.17000004198369,38.189996212849955,38.209999885562354,38.22999605642861,38.24999972914101,38.26999965093034,38.289999572719665,38.30999574358593,38.32999941629832,38.34999933808765,38.36999925987698,38.389999181666305,38.40999910345563,38.4299952743219,38.44999894703429,38.469998868823616,38.489998790612944,38.50999871240227,38.5299986341916,38.54999855598093,38.569998477770255,38.58999839955958,38.60999832134891,38.62999824313824,38.64999816492757,38.669998086716895,38.68999800850622,38.70999793029555,38.72999785208488,38.749997773874206,38.769997695663534,38.78999761745286,38.80999753924219,38.82999746103152,38.849997382820845,38.86999730461017,38.8899972263995,38.91000089911189,38.92999706997816,38.949996991767485,38.96999691355681,38.98999683534614,39.00999675713547,39.029996678924796,39.049996600714124,39.06999652250345,39.08999644429278,39.10999636608211,39.1300000387945,39.149999960583834,39.169999882373155,39.18999980416249,39.20999972595181,39.229995896818075,39.249999569530466,39.2699994913198,39.28999941310912,39.30999933489846,39.329999256687785,39.34999542755404,39.36999910026644,39.38999902205577,39.409998943845096,39.429998865634424,39.44999878742375,39.46999870921308,39.48999863100241,39.509998552791735],"SMUCurrent":[4.387783504367407E-06,4.336018745853794E-06,4.33016707750009E-06,4.336243810021238E-06,4.338269387528314E-06,4.348622339231032E-06,4.356274520924314E-06,4.366402408459587E-06,4.3763052318274165E-06,4.388008568534851E-06,4.40128735441442E-06,4.414341076126546E-06,4.4280699903410025E-06,4.441123712053128E-06,4.456428075439773E-06,4.473983080500885E-06,4.490412764724777E-06,4.508868026455718E-06,4.532949892372919E-06,4.552980603275995E-06,4.57593714835595E-06,4.602719784282559E-06,4.627701906869536E-06,4.658085569475356E-06,4.691620130425444E-06,4.7269552047151655E-06,4.766566498186429E-06,4.811129203341648E-06,4.856367100999171E-06,4.9135333995315735E-06,4.9767764305851505E-06,5.048796964169283E-06,5.129595000283972E-06,5.224572078948059E-06,5.337779355175617E-06,5.470792278138806E-06,5.633063542870569E-06,5.8288693685524205E-06,6.07463943940828E-06,6.382302156312999E-06,6.778640155193186E-06,7.290886200310339E-06,7.964503253489452E-06,8.85508216409074E-06,1.0034643465698387E-05,1.1602890584492913E-05,1.36759566308787E-05,1.6374475998609224E-05,1.9876924572472644E-05,2.430438687455724E-05,2.9809681474561947E-05,3.652537116711497E-05,4.448341506399431E-05,5.371622240531282E-05,6.41792304859153E-05,7.581324742976232E-05,8.848728589139774E-05,0.0001022486093459861,0.00011670087979464725,0.00013203585190804895,0.00014805952037384894,0.00016477751179623347,0.00018206198972809068,0.0001999883506655165,0.0002183623642320012,0.00023735350374563493,0.0002571562246470949,0.00027709510936986233,0.00029753611225021167,0.0003183700771669294,0.0003398036130257351,0.0003615081261421511,0.0003836501640000907,0.0004065054302046807,0.0004294714279796563,0.000452974653922336,0.00047676776251269183,0.0005010109994379485,0.0005251979703213426,0.000550386926878226,0.0005754649268005564,0.0006009446662617857,0.0006266879558630993,0.0006533742643260304,0.0006797128486502505,0.0007062332848217705,0.0007335047601200725,0.000760255211870727,0.0007878924164411359,0.0008154830327288827,0.0008439475731788394,0.0008719500568930205,0.000899784867802451,0.0009284873010774028,0.000957649090318121,0.000987042020458811,0.001015516238667968,0.0010454009340145369,0.0010759475430775773,0.0011052882583314186],