{"IsIVDone":true,"IsSPSDone":false,"SiPMLocation":{"Block":0,"Module":1,"Array":2,"SiPM":1},"Barcode":"00547","SiPMMeasurementDetails":{"DMMResistance":0,"IV":1,"SPS":0,"DarkCurrent":0,"ForwardResistance":0,"SPSVoltagesIsOffsets":0,"IVVoltages":[],"SPSVoltages":[],"OperatingVoltage":41.18},"Checks":{"SelectedForMeasurement":true,"DMMResistanceOK":true,"RForwardDone":true,"RForwardOK":true,"IDarkDone":true,"IDarkOK":true,"IVDone":true,"IVTemperatureOK":true,"IVMeasurementOK":true,"IVVoltageCheckOK":true,"IVCurrentCheckOK":true,"IVVbrOK":true},"Temperatures":[{"Block":0,"Module1":[25.008,24.945,25.0,25.039,25.016,24.977,24.969,25.055],"Module2":[25.039,24.984,24.984,24.969,25.055,25.016,24.953,25.008],"Pulser":28.328,"ControlTemperature":28.414,"Timestamp":1732544208},{"Block":0,"Module1":[25.008,24.953,24.992,25.031,25.016,24.977,24.969,25.047],"Module2":[25.047,24.992,24.984,24.961,25.055,25.016,24.953,25.0],"Pulser":28.32,"ControlTemperature":28.406,"Timestamp":1732544231}],"DMMResistanceResult":{"Identifier":{"Type":2,"ID":"163ccccd-90a2-4d01-927e-9ff420e83ea6"},"StartTimestamp":1732538725,"EndTimestamp":1732538727,"ErrorHappened":false,"ErrorMessage":null,"CorrectionPercentage":0,"Voltages":[29.999998232735635,29.999998232735635,29.999998232735635,29.999998232735635,29.999998232735635,29.999998232735635],"Currents":[3.2440074053843686E-06,3.2197004752997234E-06,3.2082222027597597E-06,3.201245213568782E-06,3.198544443559374E-06,3.196068737717437E-06],"Resistance":9342263.176130798},"IVMeasurementID":{"Type":0,"ID":"77789143-ea52-4ed9-9690-fca7b1d27e74"},"SPSMeasurementID":{"Type":999,"ID":"7844e721-2926-4bcf-a4f6-72fa30a02636"},"IVResult":{"Identifier":{"Type":0,"ID":"77789143-ea52-4ed9-9690-fca7b1d27e74"},"StartTimestamp":1732544211,"EndTimestamp":1732544233,"ErrorHappened":false,"ErrorMessage":null,"Temperatures":[{"Block":0,"Module1":[25.008,24.945,25.0,25.039,25.016,24.977,24.969,25.055],"Module2":[25.039,24.984,24.984,24.969,25.055,25.016,24.953,25.008],"Pulser":28.328,"ControlTemperature":28.414,"Timestamp":1732544208},{"Block":0,"Module1":[25.008,24.953,24.992,25.031,25.016,24.977,24.969,25.047],"Module2":[25.047,24.992,24.984,24.961,25.055,25.016,24.953,25.0],"Pulser":28.32,"ControlTemperature":28.406,"Timestamp":1732544231}],"SMUVoltage":[37.36999941948751,37.38999934127684,37.40999926306617,37.4299991848555,37.449999106644825,37.469999028434145,37.48999895022348,37.50999887201281,37.529998793802136,37.549998715591464,37.56999863738079,37.58999855917012,37.60999848095945,37.629998402748775,37.6499983245381,37.670001997250495,37.68999816811676,37.70999808990609,37.729998011695415,37.74999793348474,37.76999785527407,37.7899977770634,37.809997698852726,37.829997620642054,37.84999754243138,37.86999746422071,37.88999738601004,37.909997307799365,37.92999722958869,37.94999715137802,37.96999707316735,37.98999699495668,38.009996916746005,38.02999683853533,38.04999676032466,38.06999668211399,38.09000035482638,38.110000276615715,38.130000198405035,38.1499963692713,38.16999629106063,38.189999963773026,38.20999613463928,38.22999605642861,38.24999972914101,38.26999965093034,38.289999572719665,38.30999949450899,38.32999941629832,38.349995587164585,38.36999925987698,38.389999181666305,38.40999910345563,38.42999902524496,38.44999894703429,38.469998868823616,38.489998790612944,38.50999871240227,38.5299986341916,38.54999855598093,38.569998477770255,38.58999839955958,38.60999832134891,38.62999824313824,38.64999816492757,38.669998086716895,38.68999800850622,38.70999793029555,38.72999785208488,38.749997773874206,38.769997695663534,38.78999761745286,38.80999753924219,38.82999746103152,38.849997382820845,38.87000105553324,38.8899972263995,38.90999714818883,38.92999706997816,38.949996991767485,38.970000664479876,38.99000058626921,39.00999675713547,39.029996678924796,39.049996600714124,39.07000027342652,39.09000019521584,39.10999636608211,39.1300000387945,39.14999620966076,39.169999882373155,39.18999605323942,39.20999597502875,39.229999647741145,39.249999569530466,39.2699994913198,39.28999566218606,39.30999933489846,39.329999256687785,39.34999917847711],"SMUCurrent":[4.866494988534445E-06,4.833860684254132E-06,4.846014149296454E-06,4.86041825601327E-06,4.88292467275831E-06,4.906556410340596E-06,4.9326638537648465E-06,4.95764597635185E-06,4.985553933115706E-06,5.015262403219167E-06,5.048121771666924E-06,5.081431268449596E-06,5.116091150236959E-06,5.153901930368617E-06,5.19351322383988E-06,5.236275415655467E-06,5.282863698317708E-06,5.329451980979922E-06,5.38301725283314E-06,5.4397334230306545E-06,5.49915036323755E-06,5.56554429263545E-06,5.635539248712506E-06,5.712061065645652E-06,5.796910256774466E-06,5.891887335438554E-06,5.995641916633197E-06,6.112225155372494E-06,6.241411987489029E-06,6.385903182992209E-06,6.552225602738071E-06,6.740604310894084E-06,6.96274264416763E-06,7.2186406025587626E-06,7.520901779444665E-06,7.885505730714342E-06,8.318979317223856E-06,8.853281650751161E-06,9.528024024767494E-06,1.0363687278510899E-05,1.1448496565621903E-05,1.2848620751330963E-05,1.4683343844386782E-05,1.7111786211176775E-05,2.032592758653622E-05,2.458751759720987E-05,3.0179236837515525E-05,3.7449934767001285E-05,4.676714117111369E-05,5.842839087922221E-05,7.28115666284761E-05,9.00562082026946E-05,0.00011027934896895193,0.00013330251304245993,0.0001591763398608949,0.00018760374472322233,0.00021833828236608401,0.0002510963719384924,0.0002855586473868353,0.0003218272878431353,0.0003593535868671483,0.00039833222496371876,0.0004380490735295266,0.000479254721563019,0.0005214090150623149,0.000564411350344564,0.0006084681112513183,0.0006534165763895111,0.0006988327248676658,0.0007456039846980396,0.0007929430814228908,0.0008406222501047596,0.0008895867602469376,0.0009392199360306109,0.0009891524471569934,0.001039696232562171,0.0010911767350322774,0.0011428602453814238,0.0011959229489487066,0.001248235963774212,0.0013013704628109116,0.0013560556539613442,0.0014102916170335462,0.0014647542197223705,0.001520465028283875,0.0015765814024751247,0.001632066246612509,0.0016884947848040128,0.0017462478256209623,0.0018035158531570562,0.0018606639214918989,0.0019189778222141348,0.001977428787014348,0.002035322943064289,0.0020952757610538985,0.002155080261757159,0.002213939492957127,0.0022733154714855617,0.0023334361873440894,0.002392831296326757],