{"IsIVDone":true,"IsSPSDone":false,"SiPMLocation":{"Block":0,"Module":1,"Array":2,"SiPM":2},"Barcode":"00547","SiPMMeasurementDetails":{"DMMResistance":0,"IV":1,"SPS":0,"DarkCurrent":0,"ForwardResistance":0,"SPSVoltagesIsOffsets":0,"IVVoltages":[],"SPSVoltages":[],"OperatingVoltage":41.24},"Checks":{"SelectedForMeasurement":true,"DMMResistanceOK":true,"RForwardDone":true,"RForwardOK":true,"IDarkDone":true,"IDarkOK":true,"IVDone":true,"IVTemperatureOK":true,"IVMeasurementOK":true,"IVVoltageCheckOK":true,"IVCurrentCheckOK":true,"IVVbrOK":true},"Temperatures":[{"Block":0,"Module1":[25.008,24.945,25.0,25.039,25.016,24.977,24.977,25.055],"Module2":[25.039,24.992,24.984,24.961,25.055,25.016,24.945,25.0],"Pulser":28.328,"ControlTemperature":28.438,"Timestamp":1732544300},{"Block":0,"Module1":[25.008,24.938,24.992,25.039,25.016,24.984,24.969,25.055],"Module2":[25.047,24.992,24.984,24.961,25.055,25.016,24.953,25.008],"Pulser":28.328,"ControlTemperature":28.445,"Timestamp":1732544323}],"DMMResistanceResult":{"Identifier":{"Type":2,"ID":"163ccccd-90a2-4d01-927e-9ff420e83ea6"},"StartTimestamp":1732538725,"EndTimestamp":1732538727,"ErrorHappened":false,"ErrorMessage":null,"CorrectionPercentage":0,"Voltages":[29.999998232735635,29.999998232735635,29.999998232735635,29.999998232735635,29.999998232735635,29.999998232735635],"Currents":[3.2440074053843686E-06,3.2197004752997234E-06,3.2082222027597597E-06,3.201245213568782E-06,3.198544443559374E-06,3.196068737717437E-06],"Resistance":9342263.176130798},"IVMeasurementID":{"Type":0,"ID":"c542ab95-4189-4bad-b082-6ac3baedb8da"},"SPSMeasurementID":{"Type":999,"ID":"4f017d93-bc23-4c5a-86c9-b28a49b4b51b"},"IVResult":{"Identifier":{"Type":0,"ID":"c542ab95-4189-4bad-b082-6ac3baedb8da"},"StartTimestamp":1732544303,"EndTimestamp":1732544325,"ErrorHappened":false,"ErrorMessage":null,"Temperatures":[{"Block":0,"Module1":[25.008,24.945,25.0,25.039,25.016,24.977,24.977,25.055],"Module2":[25.039,24.992,24.984,24.961,25.055,25.016,24.945,25.0],"Pulser":28.328,"ControlTemperature":28.438,"Timestamp":1732544300},{"Block":0,"Module1":[25.008,24.938,24.992,25.039,25.016,24.984,24.969,25.055],"Module2":[25.047,24.992,24.984,24.961,25.055,25.016,24.953,25.008],"Pulser":28.328,"ControlTemperature":28.445,"Timestamp":1732544323}],"SMUVoltage":[37.4299991848555,37.449999106644825,37.469999028434145,37.48999519930041,37.50999887201281,37.529998793802136,37.549998715591464,37.56999863738079,37.58999855917012,37.60999848095945,37.629998402748775,37.6499983245381,37.66999824632743,37.68999816811676,37.70999808990609,37.729998011695415,37.74999793348474,37.76999785527407,37.7899977770634,37.809997698852726,37.830001371565125,37.84999754243138,37.86999746422071,37.88999738601004,37.909997307799365,37.92999722958869,37.94999715137802,37.96999707316735,37.98999699495668,38.01000066766907,38.02999683853533,38.050000511247724,38.07000043303706,38.089996603903316,38.109996525692644,38.12999644748197,38.15000012019437,38.16999629106063,38.189996212849955,38.209999885562354,38.22999980735168,38.24999972914101,38.26999965093034,38.289995821796595,38.30999949450899,38.32999941629832,38.34999933808765,38.36999925987698,38.389999181666305,38.40999910345563,38.42999902524496,38.44999894703429,38.469998868823616,38.489998790612944,38.50999871240227,38.5299986341916,38.54999855598093,38.569998477770255,38.58999839955958,38.60999832134891,38.62999824313824,38.64999816492757,38.669998086716895,38.68999800850622,38.70999793029555,38.73000160300794,38.749997773874206,38.769997695663534,38.78999761745286,38.80999753924219,38.82999746103152,38.85000113374391,38.86999730461017,38.8899972263995,38.90999714818883,38.93000082090122,38.949996991767485,38.970000664479876,38.98999683534614,39.00999675713547,39.029996678924796,39.05000035163719,39.07000027342652,39.09000019521584,39.10999636608211,39.1300000387945,39.14999620966076,39.16999613145009,39.18999980416249,39.20999597502875,39.229999647741145,39.249999569530466,39.2699994913198,39.28999941310912,39.30999933489846,39.329999256687785,39.34999917847711,39.36999910026644,39.38999902205577,39.409998943845096],"SMUCurrent":[4.838136903435674E-06,4.805952727490276E-06,4.817205935862796E-06,4.8340857484215755E-06,4.85479165182701E-06,4.878648453576767E-06,4.902280191159054E-06,4.927712442080945E-06,4.955620398844801E-06,4.985553933115706E-06,5.015712531554055E-06,5.051047605843776E-06,5.084132038459004E-06,5.122167882758106E-06,5.161554112061926E-06,5.204991496379871E-06,5.252254971544444E-06,5.301093895881178E-06,5.35353384689715E-06,5.409124696257391E-06,5.470117085636447E-06,5.537411271704123E-06,5.610332061958058E-06,5.689779713068083E-06,5.7795803158807715E-06,5.877708292889155E-06,5.9855140290979234E-06,6.109749449530557E-06,6.2510897466893874E-06,6.406609086397644E-06,6.5855350995207155E-06,6.793044261910029E-06,7.036338626923924E-06,7.320819734581244E-06,7.665167910780402E-06,8.081311556396221E-06,8.588606189829446E-06,9.222837013704712E-06,1.0028791797344683E-05,1.1067687994295805E-05,1.241402184398423E-05,1.4178074788460607E-05,1.6494210135692845E-05,1.9577814293931037E-05,2.3638647067238908E-05,2.896794148829738E-05,3.591297156748238E-05,4.4773072647503E-05,5.584960564857533E-05,6.94752154101911E-05,8.581262332541697E-05,0.0001048836606184956,0.0001267128592836791,0.00015119488929060072,0.00017812201641270367,0.00020712333490202967,0.00023823778085954763,0.00027116264298003676,0.00030531117897895384,0.0003408841460936646,0.0003778912220833694,0.000415911536954936,0.00045499145392685923,0.0004954714950844915,0.0005363926620103265,0.0005786693904167154,0.0006216163599137717,0.0006654147471562928,0.0007104390589189165,0.000755468772221559,0.0008014511821450189,0.000848525378344781,0.0008958070837069323,0.0009444310717637579,0.00099320630294111,0.0010425250640828552,0.0010926794884783438,0.0011429955089460617,0.0011950708560107394,0.00124622524050221,0.001299172711215758,0.0013515397414414518,0.0014048045526311049,0.0014590616717350471,0.0015123584420364783,0.0015667132389890939,0.0016223509016961768,0.0016776264361578323,0.0017336102475544537,0.0017885175770381602,0.001844891649701141,0.0019019978561008381,0.0019592800626794813,0.002015796600960458,0.0020731107666508795,0.0021306677765779796,0.0021894063733841943,0.0022472996291774652,0.0023059063383815545,0.0023662825020701384],