{"IsIVDone":true,"IsSPSDone":false,"SiPMLocation":{"Block":0,"Module":0,"Array":3,"SiPM":14},"Barcode":"00553","SiPMMeasurementDetails":{"DMMResistance":0,"IV":1,"SPS":0,"DarkCurrent":0,"ForwardResistance":0,"SPSVoltagesIsOffsets":0,"IVVoltages":[],"SPSVoltages":[],"OperatingVoltage":41.33},"Checks":{"SelectedForMeasurement":true,"DMMResistanceOK":true,"RForwardDone":true,"RForwardOK":true,"IDarkDone":true,"IDarkOK":true,"IVDone":true,"IVTemperatureOK":true,"IVMeasurementOK":true,"IVVoltageCheckOK":true,"IVCurrentCheckOK":true,"IVVbrOK":true},"Temperatures":[{"Block":0,"Module1":[25.0,24.945,25.0,25.039,25.016,24.984,24.977,25.055],"Module2":[25.039,24.992,24.992,24.961,25.047,25.016,24.953,25.0],"Pulser":28.188,"ControlTemperature":28.086,"Timestamp":1732543263},{"Block":0,"Module1":[25.008,24.953,25.0,25.031,25.016,24.977,24.984,25.055],"Module2":[25.039,24.992,24.992,24.961,25.047,25.016,24.961,25.0],"Pulser":28.195,"ControlTemperature":28.102,"Timestamp":1732543286}],"DMMResistanceResult":{"Identifier":{"Type":2,"ID":"163ccccd-90a2-4d01-927e-9ff420e83ea6"},"StartTimestamp":1732538725,"EndTimestamp":1732538727,"ErrorHappened":false,"ErrorMessage":null,"CorrectionPercentage":0,"Voltages":[29.999998232735635,29.999998232735635,29.999998232735635,29.999998232735635,29.999998232735635,29.999998232735635],"Currents":[3.2440074053843686E-06,3.2197004752997234E-06,3.2082222027597597E-06,3.201245213568782E-06,3.198544443559374E-06,3.196068737717437E-06],"Resistance":9342263.176130798},"IVMeasurementID":{"Type":0,"ID":"973ea1e8-201b-4174-8e5a-92360339a31c"},"SPSMeasurementID":{"Type":999,"ID":"85cf71d8-355e-431f-a78b-5bd9de13fa2e"},"IVResult":{"Identifier":{"Type":0,"ID":"973ea1e8-201b-4174-8e5a-92360339a31c"},"StartTimestamp":1732543265,"EndTimestamp":1732543288,"ErrorHappened":false,"ErrorMessage":null,"Temperatures":[{"Block":0,"Module1":[25.0,24.945,25.0,25.039,25.016,24.984,24.977,25.055],"Module2":[25.039,24.992,24.992,24.961,25.047,25.016,24.953,25.0],"Pulser":28.188,"ControlTemperature":28.086,"Timestamp":1732543263},{"Block":0,"Module1":[25.008,24.953,25.0,25.031,25.016,24.977,24.984,25.055],"Module2":[25.039,24.992,24.992,24.961,25.047,25.016,24.961,25.0],"Pulser":28.195,"ControlTemperature":28.102,"Timestamp":1732543286}],"SMUVoltage":[37.51999883290747,37.539998754696796,37.559998676486124,37.57999484735239,37.59999852006478,37.61999844185411,37.639998363643436,37.65999828543276,37.67999820722209,37.699998129011426,37.71999805080075,37.73999797259008,37.7599978943794,37.77999781616874,37.79999773795806,37.81999765974739,37.839997581536714,37.85999750332605,37.87999742511537,37.899997346904705,37.919997268694026,37.940000941406424,37.96000086319575,37.979997034062016,38.00000070677441,38.01999687764067,38.03999679942999,38.06000047214239,38.08000039393172,38.09999656479798,38.120000237510375,38.13999640837664,38.15999633016597,38.179996251955295,38.19999992466769,38.21999609553395,38.23999976824634,38.25999969003567,38.279999611825,38.299999533614326,38.319999455403654,38.33999937719298,38.35999929898231,38.37999922077164,38.39999914256097,38.41999906435029,38.43999898613963,38.45999890792895,38.479998829718284,38.499998751507604,38.51999867329694,38.53999859508626,38.559998516875595,38.579998438664916,38.59999836045425,38.61999828224357,38.639998204032906,38.65999812582223,38.67999804761156,38.69999796940088,38.71999789119022,38.73999781297954,38.75999773476887,38.779997656558194,38.79999757834752,38.82000125105992,38.83999742192618,38.85999734371551,38.879997265504834,38.89999718729417,38.91999710908349,38.939997030872824,38.960000703585216,38.980000625374544,38.9999967962408,39.0200004689532,39.04000039074253,39.05999656160879,39.08000023432118,39.10000015611051,39.12000007789984,39.13999999968917,39.159999921478494,39.17999984326782,39.19999976505715,39.21999968684648,39.23999585771274,39.25999577950207,39.27999945221446,39.29999937400379,39.31999929579312,39.339999217582445,39.35999913937177,39.3799990611611,39.39999898295043,39.41999890473976,39.439998826529084,39.45999874831841,39.47999867010774,39.49999859189707],"SMUCurrent":[4.660561275317293E-06,4.6229755593530785E-06,4.6283770993718945E-06,4.639855371911858E-06,4.655159735298504E-06,4.671364355354925E-06,4.688469232081149E-06,4.70827487881678E-06,4.7301061030594884E-06,4.753737840641775E-06,4.777369578224061E-06,4.799650930801657E-06,4.8284591442353155E-06,4.852315945985046E-06,4.884500121930471E-06,4.914883784536291E-06,4.950218858825985E-06,4.98577899728315E-06,5.024715098252082E-06,5.063426135053543E-06,5.109114161045981E-06,5.159753598722321E-06,5.210167972231216E-06,5.269134784103224E-06,5.3328279434916885E-06,5.400572257894279E-06,5.478444459832115E-06,5.564869100133091E-06,5.659396050462263E-06,5.764726080829068E-06,5.884685282080132E-06,6.0262506434064335E-06,6.1880717798032815E-06,6.3746499746196895E-06,6.596113115390904E-06,6.864614667159247E-06,7.188031875785499E-06,7.583019489660996E-06,8.076585208879736E-06,8.700463081052313E-06,9.50304190218049E-06,1.0554091564173962E-05,1.193148426897051E-05,1.374505133028598E-05,1.6147611317819194E-05,1.934352249561514E-05,2.3525214726843906E-05,2.8947460649059376E-05,3.592062374917569E-05,4.46164279869575E-05,5.5345686977653847E-05,6.821958241998522E-05,8.331801209339653E-05,0.00010070241851560173,0.00012018802400512404,0.00014181984139545353,0.00016528458136549925,0.00019033894955024726,0.00021698137050052543,0.00024505204865744396,0.00027443777674477526,0.0003047518945228395,0.0003360126321892003,0.0003683950896661339,0.0004019604844071869,0.0004359154652220966,0.0004705125541067424,0.0005063189127630992,0.0005428648322736982,0.000579892389102641,0.0006178071488796733,0.0006564758736176647,0.0006958146143821557,0.0007351022655806357,0.0007749413239893691,0.000815447697654593,0.0008565856013736829,0.0008984108510601662,0.0009413738001131114,0.0009839467129638651,0.0010277246193671483,0.0010710623002588985,0.001115792228090497,0.0011606400895458394,0.001206085046237428,0.001251218514121265,0.0012962867133965415,0.0013421831488080354,0.0013897578877162071,0.0014365559301825076,0.0014845798971689105,0.0015319399248613346,0.0015805342044480568,0.001628710764939991,0.0016770937092734771,0.001725051957522984,0.0017746052355272128,0.001824363772052156,0.0018721568232027545,0.0019230026447206508],