{"IsIVDone":true,"IsSPSDone":false,"SiPMLocation":{"Block":0,"Module":1,"Array":0,"SiPM":7},"Barcode":"00548","SiPMMeasurementDetails":{"DMMResistance":0,"IV":1,"SPS":0,"DarkCurrent":0,"ForwardResistance":0,"SPSVoltagesIsOffsets":0,"IVVoltages":[],"SPSVoltages":[],"OperatingVoltage":41.25},"Checks":{"SelectedForMeasurement":true,"DMMResistanceOK":true,"RForwardDone":true,"RForwardOK":true,"IDarkDone":true,"IDarkOK":true,"IVDone":true,"IVTemperatureOK":true,"IVMeasurementOK":true,"IVVoltageCheckOK":true,"IVCurrentCheckOK":true,"IVVbrOK":true},"Temperatures":[{"Block":0,"Module1":[25.0,24.953,25.0,25.031,25.016,24.977,24.969,25.047],"Module2":[25.047,24.992,24.984,24.961,25.055,25.016,24.961,25.0],"Pulser":28.242,"ControlTemperature":28.234,"Timestamp":1732543677},{"Block":0,"Module1":[25.008,24.953,25.0,25.031,25.016,24.977,24.977,25.047],"Module2":[25.039,24.992,24.984,24.961,25.055,25.016,24.961,25.0],"Pulser":28.258,"ControlTemperature":28.242,"Timestamp":1732543700}],"DMMResistanceResult":{"Identifier":{"Type":2,"ID":"163ccccd-90a2-4d01-927e-9ff420e83ea6"},"StartTimestamp":1732538725,"EndTimestamp":1732538727,"ErrorHappened":false,"ErrorMessage":null,"CorrectionPercentage":0,"Voltages":[29.999998232735635,29.999998232735635,29.999998232735635,29.999998232735635,29.999998232735635,29.999998232735635],"Currents":[3.2440074053843686E-06,3.2197004752997234E-06,3.2082222027597597E-06,3.201245213568782E-06,3.198544443559374E-06,3.196068737717437E-06],"Resistance":9342263.176130798},"IVMeasurementID":{"Type":0,"ID":"73ff1b80-a05c-4155-b38e-23d67cff7b30"},"SPSMeasurementID":{"Type":999,"ID":"4ad83e00-6546-4f79-8cbe-e4c3ed1fc025"},"IVResult":{"Identifier":{"Type":0,"ID":"73ff1b80-a05c-4155-b38e-23d67cff7b30"},"StartTimestamp":1732543680,"EndTimestamp":1732543702,"ErrorHappened":false,"ErrorMessage":null,"Temperatures":[{"Block":0,"Module1":[25.0,24.953,25.0,25.031,25.016,24.977,24.969,25.047],"Module2":[25.047,24.992,24.984,24.961,25.055,25.016,24.961,25.0],"Pulser":28.242,"ControlTemperature":28.234,"Timestamp":1732543677},{"Block":0,"Module1":[25.008,24.953,25.0,25.031,25.016,24.977,24.977,25.047],"Module2":[25.039,24.992,24.984,24.961,25.055,25.016,24.961,25.0],"Pulser":28.258,"ControlTemperature":28.242,"Timestamp":1732543700}],"SMUVoltage":[37.439999145750164,37.459999067539485,37.47999898932881,37.49999891111814,37.51999883290747,37.539998754696796,37.559998676486124,37.57999859827545,37.59999852006478,37.61999844185411,37.639998363643436,37.65999828543276,37.68000195814516,37.699998129011426,37.71999805080075,37.73999797259008,37.7599978943794,37.77999781616874,37.79999773795806,37.81999765974739,37.839997581536714,37.85999750332605,37.87999742511537,37.899997346904705,37.919997268694026,37.93999719048336,37.96000086319575,37.979997034062016,37.99999695585134,38.020000628563736,38.03999679942999,38.06000047214239,38.08000039393172,38.09999656479798,38.11999648658731,38.1400001592997,38.15999633016597,38.18000000287836,38.19999617374462,38.21999609553395,38.23999601732328,38.25999969003567,38.279999611825,38.299999533614326,38.31999570448059,38.33999562626992,38.35999929898231,38.37999922077164,38.39999914256097,38.41999906435029,38.43999898613963,38.45999890792895,38.479998829718284,38.499998751507604,38.51999867329694,38.53999859508626,38.559998516875595,38.579998438664916,38.59999836045425,38.61999828224357,38.639998204032906,38.65999812582223,38.67999804761156,38.69999796940088,38.71999789119022,38.74000156390261,38.75999773476887,38.779997656558194,38.79999757834752,38.81999750013686,38.83999742192618,38.85999734371551,38.879997265504834,38.90000093821723,38.92000086000656,38.939997030872824,38.959996952662145,38.980000625374544,39.00000054716387,39.0200004689532,39.03999663981946,39.05999656160879,39.07999648339811,39.10000015611051,39.11999632697677,39.1399962487661,39.159996170555424,39.17999609234476,39.19999976505715,39.21999968684648,39.23999585771274,39.25999577950207,39.27999945221446,39.29999937400379,39.31999929579312,39.339999217582445,39.35999913937177,39.3799990611611,39.39999898295043,39.41999890473976],"SMUCurrent":[4.3981364560701246E-06,4.3542489434172916E-06,4.353573750914933E-06,4.35830009843139E-06,4.367302665129417E-06,4.37653029599486E-06,4.387558440199936E-06,4.39993696940973E-06,4.413440819456743E-06,4.425369220331622E-06,4.441348776220599E-06,4.4584536529468225E-06,4.469256732984455E-06,4.488612251385199E-06,4.5081928339533864E-06,4.527548352354103E-06,4.549379576596784E-06,4.569410287499887E-06,4.592141768412371E-06,4.619149468506424E-06,4.646832361102836E-06,4.674065125364333E-06,4.7048989163050135E-06,4.7386585414226E-06,4.777369578224061E-06,4.818106192532598E-06,4.864694475194812E-06,4.915333912871179E-06,4.972275147236137E-06,5.035293114122243E-06,5.107088583538932E-06,5.188111683821091E-06,5.281288249145546E-06,5.390669434526449E-06,5.518055753303379E-06,5.673575093011635E-06,5.862403929502536E-06,6.0894936744600105E-06,6.371274012107923E-06,6.732276936698389E-06,7.188031875785499E-06,7.787377753705959E-06,8.569475735596173E-06,9.611072702556703E-06,1.0978112455650534E-05,1.2818912281227501E-05,1.5232050284630903E-05,1.8417833574891577E-05,2.2520078155010344E-05,2.774561799487416E-05,3.423106704412541E-05,4.2050696478022735E-05,5.13667775612979E-05,6.216085503221995E-05,7.430261673783513E-05,8.778306011144537E-05,0.00010251891141109407,0.00011836050296542666,0.00013499994699337097,0.00015273410313179414,0.00017113197350002857,0.0001902984380001062,0.00021016777789513148,0.00023082371705539597,0.00025181815272350583,0.0002732696937157076,0.00029536221745680806,0.0003182944556066661,0.00034236056703213934,0.00036603956808959785,0.0003906955726979586,0.0004151719761006939,0.00044071270795130235,0.00046659351175892827,0.0004930092930925838,0.0005195448085633231,0.0005468862788177022,0.0005738741732650167,0.0006019043398717942,0.0006301827522552694,0.0006587508222222534,0.0006877737468716546,0.0007173176950687035,0.0007469975820228927,0.0007772414797807124,0.000807549745890423,0.0008380914035417796,0.0008679187075256487,0.0008985650200148697,0.0009300361926777966,0.0009616201224886162,0.0009951843919088319,0.0010271896418411188,0.0010594924266027748,0.0010926545063557568,0.001123974886026492,0.0011585235861151359,0.0011925127766834979,0.0012256021607103932,0.0012598182159595454],