{"IsIVDone":true,"IsSPSDone":false,"SiPMLocation":{"Block":0,"Module":1,"Array":1,"SiPM":12},"Barcode":"00549","SiPMMeasurementDetails":{"DMMResistance":0,"IV":1,"SPS":0,"DarkCurrent":0,"ForwardResistance":0,"SPSVoltagesIsOffsets":0,"IVVoltages":[],"SPSVoltages":[],"OperatingVoltage":41.2},"Checks":{"SelectedForMeasurement":true,"DMMResistanceOK":true,"RForwardDone":true,"RForwardOK":true,"IDarkDone":true,"IDarkOK":true,"IVDone":true,"IVTemperatureOK":true,"IVMeasurementOK":true,"IVVoltageCheckOK":true,"IVCurrentCheckOK":true,"IVVbrOK":true},"Temperatures":[{"Block":0,"Module1":[25.008,24.945,24.992,25.039,25.008,24.984,24.969,25.047],"Module2":[25.039,24.992,24.992,24.961,25.047,25.016,24.953,25.008],"Pulser":28.281,"ControlTemperature":28.289,"Timestamp":1732543815},{"Block":0,"Module1":[25.008,24.953,24.992,25.039,25.016,24.984,24.969,25.047],"Module2":[25.039,24.984,24.984,24.969,25.055,25.016,24.953,25.008],"Pulser":28.281,"ControlTemperature":28.289,"Timestamp":1732543838}],"DMMResistanceResult":{"Identifier":{"Type":2,"ID":"163ccccd-90a2-4d01-927e-9ff420e83ea6"},"StartTimestamp":1732538725,"EndTimestamp":1732538727,"ErrorHappened":false,"ErrorMessage":null,"CorrectionPercentage":0,"Voltages":[29.999998232735635,29.999998232735635,29.999998232735635,29.999998232735635,29.999998232735635,29.999998232735635],"Currents":[3.2440074053843686E-06,3.2197004752997234E-06,3.2082222027597597E-06,3.201245213568782E-06,3.198544443559374E-06,3.196068737717437E-06],"Resistance":9342263.176130798},"IVMeasurementID":{"Type":0,"ID":"01562c64-7e79-4a96-89ad-abea853214a5"},"SPSMeasurementID":{"Type":999,"ID":"2841b910-2ae3-43cb-ac0b-73c13746c9b2"},"IVResult":{"Identifier":{"Type":0,"ID":"01562c64-7e79-4a96-89ad-abea853214a5"},"StartTimestamp":1732543818,"EndTimestamp":1732543840,"ErrorHappened":false,"ErrorMessage":null,"Temperatures":[{"Block":0,"Module1":[25.008,24.945,24.992,25.039,25.008,24.984,24.969,25.047],"Module2":[25.039,24.992,24.992,24.961,25.047,25.016,24.953,25.008],"Pulser":28.281,"ControlTemperature":28.289,"Timestamp":1732543815},{"Block":0,"Module1":[25.008,24.953,24.992,25.039,25.016,24.984,24.969,25.047],"Module2":[25.039,24.984,24.984,24.969,25.055,25.016,24.953,25.008],"Pulser":28.281,"ControlTemperature":28.289,"Timestamp":1732543838}],"SMUVoltage":[37.37999938038217,37.39999930217151,37.419995473037766,37.439999145750164,37.459999067539485,37.47999898932881,37.49999891111814,37.51999883290747,37.539998754696796,37.559998676486124,37.57999859827545,37.59999852006478,37.61999844185411,37.639998363643436,37.65999828543276,37.67999820722209,37.699998129011426,37.71999805080075,37.73999797259008,37.7599978943794,37.77999781616874,37.79999773795806,37.81999765974739,37.839997581536714,37.85999750332605,37.87999742511537,37.899997346904705,37.919997268694026,37.93999719048336,37.95999711227268,37.98000078498508,38.00000070677441,38.01999687764067,38.040000550353064,38.05999672121933,38.08000039393172,38.10000031572105,38.120000237510375,38.1400001592997,38.15999633016597,38.179996251955295,38.19999992466769,38.21999609553395,38.23999976824634,38.25999969003567,38.279999611825,38.29999578269126,38.319999455403654,38.33999937719298,38.359995548059246,38.37999922077164,38.39999914256097,38.41999906435029,38.43999898613963,38.459995157005885,38.479998829718284,38.499998751507604,38.51999867329694,38.53999859508626,38.559998516875595,38.579998438664916,38.59999836045425,38.62000203316664,38.639998204032906,38.6600018767453,38.67999804761156,38.69999796940088,38.71999789119022,38.73999781297954,38.75999773476887,38.779997656558194,38.79999757834752,38.82000125105992,38.83999742192618,38.85999734371551,38.879997265504834,38.89999718729417,38.91999710908349,38.939997030872824,38.959996952662145,38.97999687445148,38.9999967962408,39.019996718030136,39.03999663981946,39.05999656160879,39.07999648339811,39.10000015611051,39.11999632697677,39.13999999968917,39.159999921478494,39.17999984326782,39.19999976505715,39.21999968684648,39.239999608635806,39.259999530425134,39.2799957012914,39.29999937400379,39.31999929579312,39.339999217582445,39.35999913937177],"SMUCurrent":[4.3846326060230844E-06,4.341195221705166E-06,4.342545606709857E-06,4.347947146728673E-06,4.353573750914933E-06,4.363251510115291E-06,4.37292926931565E-06,4.385757926860331E-06,4.400162033577174E-06,4.410740049447335E-06,4.42379377115946E-06,4.438422942043747E-06,4.456203011272329E-06,4.473307887998553E-06,4.492213278064382E-06,4.509768283125521E-06,4.53204963570309E-06,4.5516302182712774E-06,4.576837405025752E-06,4.600469142608039E-06,4.626576586032289E-06,4.655159735298504E-06,4.684868205401938E-06,4.720653408026547E-06,4.758014059823344E-06,4.797625353294608E-06,4.843988571789378E-06,4.894853073633188E-06,4.951119115495788E-06,5.012561633209759E-06,5.087057872635856E-06,5.166055395410939E-06,5.260807409907556E-06,5.370188595288486E-06,5.501175940744626E-06,5.658495793792461E-06,5.850475528627658E-06,6.083642006106307E-06,6.3771256804616265E-06,6.746005850912873E-06,7.222016565070502E-06,7.845444308908164E-06,8.667153584269641E-06,9.742285112180287E-06,1.1172567896327695E-05,1.3069183635432374E-05,1.5581349872513935E-05,1.882655010298153E-05,2.297830879993939E-05,2.8209925372324368E-05,3.463978357221538E-05,4.242250248265082E-05,5.156550922115663E-05,6.213969900047962E-05,7.407507686454275E-05,8.72604611146255E-05,0.00010169607681489534,0.00011699863968818417,0.00013334865119678726,0.00015074363563486262,0.0001688889840072177,0.00018765618467423827,0.00020705986680680865,0.00022722876710871043,0.00024793219480830693,0.00026930316282856143,0.0002913700292545726,0.0003136889675481282,0.0003365327554801782,0.00036029863130627256,0.00038471449244796373,0.00040940920809312597,0.00043383654750735716,0.0004591375860196308,0.0004850778067674637,0.0005117222532952489,0.0005381078760304662,0.0005656035152395488,0.0005926672563112941,0.0006202061078405274,0.0006486708733546516,0.000676859485135314,0.0007056157087462865,0.0007354763222269383,0.0007649248432169883,0.0007950458559393801,0.0008265809468258629,0.0008564105014514064,0.000887753612603054,0.0009181537048930843,0.0009498179826116837,0.000981295907199634,0.0010136265999180541,0.0010451873481196262,0.001078304415039118,0.0011110562028148379,0.0011434625170935213,0.0011759498544724866,0.0012100713827713097,0.0012431733703915824],