{"IsIVDone":true,"IsSPSDone":false,"SiPMLocation":{"Block":0,"Module":1,"Array":3,"SiPM":13},"Barcode":"00546","SiPMMeasurementDetails":{"DMMResistance":0,"IV":1,"SPS":0,"DarkCurrent":0,"ForwardResistance":0,"SPSVoltagesIsOffsets":0,"IVVoltages":[],"SPSVoltages":[],"OperatingVoltage":41.27},"Checks":{"SelectedForMeasurement":true,"DMMResistanceOK":true,"RForwardDone":true,"RForwardOK":true,"IDarkDone":true,"IDarkOK":true,"IVDone":true,"IVTemperatureOK":true,"IVMeasurementOK":true,"IVVoltageCheckOK":true,"IVCurrentCheckOK":true,"IVVbrOK":true},"Temperatures":[{"Block":0,"Module1":[25.016,24.945,25.0,25.047,25.023,24.977,24.969,25.055],"Module2":[25.047,24.984,24.984,24.969,25.062,25.016,24.953,25.0],"Pulser":28.383,"ControlTemperature":28.539,"Timestamp":1732544646},{"Block":0,"Module1":[25.0,24.945,24.992,25.047,25.016,24.969,24.977,25.055],"Module2":[25.047,24.984,24.984,24.969,25.055,25.016,24.953,25.0],"Pulser":28.391,"ControlTemperature":28.555,"Timestamp":1732544669}],"DMMResistanceResult":{"Identifier":{"Type":2,"ID":"163ccccd-90a2-4d01-927e-9ff420e83ea6"},"StartTimestamp":1732538725,"EndTimestamp":1732538727,"ErrorHappened":false,"ErrorMessage":null,"CorrectionPercentage":0,"Voltages":[29.999998232735635,29.999998232735635,29.999998232735635,29.999998232735635,29.999998232735635,29.999998232735635],"Currents":[3.2440074053843686E-06,3.2197004752997234E-06,3.2082222027597597E-06,3.201245213568782E-06,3.198544443559374E-06,3.196068737717437E-06],"Resistance":9342263.176130798},"IVMeasurementID":{"Type":0,"ID":"333e622f-9d59-49f1-ae7e-17a2b85b64a1"},"SPSMeasurementID":{"Type":999,"ID":"9a5ee70c-5101-4ff1-8183-2fdb466e2c39"},"IVResult":{"Identifier":{"Type":0,"ID":"333e622f-9d59-49f1-ae7e-17a2b85b64a1"},"StartTimestamp":1732544649,"EndTimestamp":1732544671,"ErrorHappened":false,"ErrorMessage":null,"Temperatures":[{"Block":0,"Module1":[25.016,24.945,25.0,25.047,25.023,24.977,24.969,25.055],"Module2":[25.047,24.984,24.984,24.969,25.062,25.016,24.953,25.0],"Pulser":28.383,"ControlTemperature":28.539,"Timestamp":1732544646},{"Block":0,"Module1":[25.0,24.945,24.992,25.047,25.016,24.969,24.977,25.055],"Module2":[25.047,24.984,24.984,24.969,25.055,25.016,24.953,25.0],"Pulser":28.391,"ControlTemperature":28.555,"Timestamp":1732544669}],"SMUVoltage":[37.459999067539485,37.47999898932881,37.49999891111814,37.51999883290747,37.539998754696796,37.559998676486124,37.57999859827545,37.59999852006478,37.61999844185411,37.639998363643436,37.65999828543276,37.67999820722209,37.699998129011426,37.71999805080075,37.73999797259008,37.7599978943794,37.77999781616874,37.79999773795806,37.81999765974739,37.839997581536714,37.85999750332605,37.87999742511537,37.899997346904705,37.919997268694026,37.93999719048336,37.95999711227268,37.979997034062016,38.00000070677441,38.01999687764067,38.03999679942999,38.05999672121933,38.079996643008656,38.10000031572105,38.120000237510375,38.13999640837664,38.16000008108903,38.18000000287836,38.19999992466769,38.219999846457014,38.23999976824634,38.25999969003567,38.279999611825,38.299999533614326,38.319999455403654,38.33999562626992,38.35999929898231,38.37999922077164,38.39999914256097,38.41999906435029,38.43999898613963,38.459995157005885,38.479998829718284,38.499998751507604,38.51999867329694,38.53999859508626,38.559998516875595,38.579998438664916,38.59999836045425,38.61999828224357,38.639998204032906,38.65999812582223,38.67999804761156,38.69999796940088,38.71999789119022,38.73999781297954,38.75999773476887,38.779997656558194,38.79999757834752,38.81999750013686,38.84000117284925,38.85999734371551,38.879997265504834,38.89999718729417,38.91999710908349,38.94000078179589,38.960000703585216,38.97999687445148,39.00000054716387,39.019996718030136,39.04000039074253,39.060000312531855,39.08000023432118,39.10000015611051,39.12000007789984,39.1399962487661,39.159996170555424,39.17999984326782,39.199996014134086,39.21999968684648,39.23999585771274,39.259999530425134,39.27999945221446,39.29999937400379,39.31999929579312,39.339999217582445,39.35999913937177,39.3799990611611,39.39999898295043,39.41999890473976,39.439998826529084],"SMUCurrent":[4.3378192591933995E-06,4.29280642570332E-06,4.292356297368405E-06,4.297307709052333E-06,4.30405963407584E-06,4.311261687434234E-06,4.3184637407926555E-06,4.328591628327929E-06,4.336919002523597E-06,4.348397275063588E-06,4.360100611770995E-06,4.3763052318274165E-06,4.390484274376815E-06,4.402187611084223E-06,4.418617295308088E-06,4.434371787029621E-06,4.449901214583711E-06,4.4694817971518985E-06,4.490862893059692E-06,4.510893603962767E-06,4.534075213210166E-06,4.557481886625008E-06,4.5847146508865054E-06,4.613972992655052E-06,4.646382232767921E-06,4.681717307057642E-06,4.720428343859103E-06,4.763415599842133E-06,4.811354267509092E-06,4.865369667697171E-06,4.92816257041586E-06,5.0010833606697685E-06,5.0834568459566455E-06,5.178884052955621E-06,5.292316393350622E-06,5.4314060488349866E-06,5.5988537894180945E-06,5.805912823472493E-06,6.065636872710253E-06,6.397831583867088E-06,6.823652988683266E-06,7.3858632789744266E-06,8.12272336320709E-06,9.099726914109352E-06,1.0397897031963347E-05,1.21167120787822E-05,1.4364652983276987E-05,1.7274507604243426E-05,2.0979063800477315E-05,2.5612459815779092E-05,3.127057298548259E-05,3.802924993401867E-05,4.5934178687379696E-05,5.497950757721202E-05,6.514813172678935E-05,7.63403477099312E-05,8.84933626239189E-05,0.00010144873129486732,0.00011538042832421566,0.00012990787020480526,0.00014510892913857396,0.00016101758981480678,0.0001773401434949809,0.0001943464421158694,0.000211862961204368,0.00022975016097665746,0.0002483690443573282,0.000267319222192486,0.00028654622895360774,0.00030646530802963957,0.0003269150884125195,0.00034772497146332005,0.0003685197752149014,0.00038996546453874947,0.0004119938449921266,0.00043426214384800586,0.0004568770415217588,0.0004798452899384089,0.0005031446077453785,0.0005265751379619718,0.0005503725227715092,0.000574747197170557,0.0005990811349552961,0.0006241012933865917,0.000649013421017511,0.0006746405775084204,0.0006997046234523688,0.0007258118418124499,0.0007521144158698778,0.0007788250312628936,0.0008053587462202931,0.0008315195298522275,0.0008589528262869263,0.0008862324038952566,0.0009142258850427397,0.0009417870179245504,0.0009692599256527206,0.0009976096833772775,0.0010263132419730666,0.0010543845953224877],