{"IsIVDone":true,"IsSPSDone":false,"SiPMLocation":{"Block":0,"Module":1,"Array":3,"SiPM":11},"Barcode":"00546","SiPMMeasurementDetails":{"DMMResistance":0,"IV":1,"SPS":0,"DarkCurrent":0,"ForwardResistance":0,"SPSVoltagesIsOffsets":0,"IVVoltages":[],"SPSVoltages":[],"OperatingVoltage":41.31},"Checks":{"SelectedForMeasurement":true,"DMMResistanceOK":true,"RForwardDone":true,"RForwardOK":true,"IDarkDone":true,"IDarkOK":true,"IVDone":true,"IVTemperatureOK":true,"IVMeasurementOK":true,"IVVoltageCheckOK":true,"IVCurrentCheckOK":true,"IVVbrOK":true},"Temperatures":[{"Block":0,"Module1":[25.008,24.945,24.992,25.039,25.016,24.977,24.969,25.055],"Module2":[25.047,24.984,24.984,24.969,25.055,25.016,24.953,25.008],"Pulser":28.406,"ControlTemperature":28.578,"Timestamp":1732544808},{"Block":0,"Module1":[25.008,24.945,24.992,25.039,25.016,24.977,24.969,25.055],"Module2":[25.047,24.984,24.977,24.969,25.055,25.008,24.953,25.008],"Pulser":28.414,"ControlTemperature":28.594,"Timestamp":1732544831}],"DMMResistanceResult":{"Identifier":{"Type":2,"ID":"163ccccd-90a2-4d01-927e-9ff420e83ea6"},"StartTimestamp":1732538725,"EndTimestamp":1732538727,"ErrorHappened":false,"ErrorMessage":null,"CorrectionPercentage":0,"Voltages":[29.999998232735635,29.999998232735635,29.999998232735635,29.999998232735635,29.999998232735635,29.999998232735635],"Currents":[3.2440074053843686E-06,3.2197004752997234E-06,3.2082222027597597E-06,3.201245213568782E-06,3.198544443559374E-06,3.196068737717437E-06],"Resistance":9342263.176130798},"IVMeasurementID":{"Type":0,"ID":"ee391811-512c-4fef-a04d-e81bcfeea9d3"},"SPSMeasurementID":{"Type":999,"ID":"2a5f40ad-c8fe-479f-a22f-154fdfa359ca"},"IVResult":{"Identifier":{"Type":0,"ID":"ee391811-512c-4fef-a04d-e81bcfeea9d3"},"StartTimestamp":1732544811,"EndTimestamp":1732544833,"ErrorHappened":false,"ErrorMessage":null,"Temperatures":[{"Block":0,"Module1":[25.008,24.945,24.992,25.039,25.016,24.977,24.969,25.055],"Module2":[25.047,24.984,24.984,24.969,25.055,25.016,24.953,25.008],"Pulser":28.406,"ControlTemperature":28.578,"Timestamp":1732544808},{"Block":0,"Module1":[25.008,24.945,24.992,25.039,25.016,24.977,24.969,25.055],"Module2":[25.047,24.984,24.977,24.969,25.055,25.008,24.953,25.008],"Pulser":28.414,"ControlTemperature":28.594,"Timestamp":1732544831}],"SMUVoltage":[37.49999891111814,37.51999883290747,37.539998754696796,37.559998676486124,37.57999859827545,37.59999852006478,37.61999844185411,37.639998363643436,37.65999828543276,37.67999820722209,37.699998129011426,37.71999805080075,37.73999797259008,37.7599978943794,37.77999781616874,37.79999773795806,37.81999765974739,37.839997581536714,37.85999750332605,37.87999742511537,37.899997346904705,37.919997268694026,37.93999719048336,37.95999711227268,37.979997034062016,38.00000070677441,38.01999687764067,38.040000550353064,38.05999672121933,38.08000039393172,38.09999656479798,38.11999648658731,38.1400001592997,38.16000008108903,38.18000000287836,38.19999992466769,38.21999609553395,38.23999976824634,38.25999969003567,38.279999611825,38.299999533614326,38.319999455403654,38.33999937719298,38.35999929898231,38.37999922077164,38.3999953916379,38.41999906435029,38.43999898613963,38.45999890792895,38.479998829718284,38.499998751507604,38.51999867329694,38.53999859508626,38.559998516875595,38.579998438664916,38.59999836045425,38.61999828224357,38.639998204032906,38.65999812582223,38.67999804761156,38.69999796940088,38.71999789119022,38.73999781297954,38.75999773476887,38.779997656558194,38.79999757834752,38.81999750013686,38.83999742192618,38.85999734371551,38.879997265504834,38.89999718729417,38.91999710908349,38.94000078179589,38.959996952662145,38.980000625374544,38.9999967962408,39.019996718030136,39.04000039074253,39.060000312531855,39.07999648339811,39.09999640518745,39.12000007789984,39.1399962487661,39.159999921478494,39.17999984326782,39.19999976505715,39.21999968684648,39.239999608635806,39.259999530425134,39.27999945221446,39.29999937400379,39.31999929579312,39.339999217582445,39.35999913937177,39.3799990611611,39.39999898295043,39.41999890473976,39.439998826529084,39.45999874831841,39.47999867010774],"SMUCurrent":[4.349297531733363E-06,4.302934313238593E-06,4.30405963407584E-06,4.308110789089938E-06,4.31531284244836E-06,4.3213895749695075E-06,4.330842270002422E-06,4.342770670877301E-06,4.355149200087094E-06,4.3650520234548966E-06,4.376755360162331E-06,4.388458696869739E-06,4.402187611084223E-06,4.418842359475559E-06,4.434596851197065E-06,4.451701727923316E-06,4.467906347979737E-06,4.486811738045566E-06,4.510218411460409E-06,4.530474186530955E-06,4.5543309882807126E-06,4.580213367537492E-06,4.60767119596646E-06,4.636029281065204E-06,4.672714740359615E-06,4.708499942984224E-06,4.7490114931253175E-06,4.796950160792249E-06,4.847364534301145E-06,4.904080704498659E-06,4.9709247622314195E-06,5.046996450829678E-06,5.134996540302788E-06,5.2394263139997625E-06,5.3627614777625936E-06,5.514229662456751E-06,5.698557215598639E-06,5.9247467038862835E-06,6.216204800734581E-06,6.586885484525433E-06,7.066722289529717E-06,7.699152600065378E-06,8.533015340469205E-06,9.641231300995052E-06,1.109964710607376E-05,1.303294830447285E-05,1.5565820444959845E-05,1.881957311379058E-05,2.2934871415621446E-05,2.804900449259731E-05,3.4233767814134805E-05,4.156343255549257E-05,5.007108314928584E-05,5.9723410098731935E-05,7.042543632516677E-05,8.213394950843987E-05,9.486200337026338E-05,0.00010824251825352565,0.00012250348415985396,0.0001374405428252033,0.00015290515189905646,0.00016905080514361456,0.00018572873514419288,0.00020302761718276694,0.00022075839735867834,0.00023909617559420351,0.0002579588034682231,0.00027694161560766115,0.00029671687868069215,0.0003167401624662535,0.0003372390068376376,0.00035803696148756334,0.0003792872951140644,0.0004012049439970559,0.00042332042428323634,0.00044539201705676395,0.0004683292066183059,0.0004913906316002805,0.0005151117196570522,0.0005386356515031373,0.0005626716043301722,0.0005869132658062568,0.0006118494753030934,0.0006365185336331662,0.0006622796033037085,0.0006873427489909871,0.000712985209845283,0.000738927456170623,0.0007648701526242978,0.0007917531671695804,0.0008182306160851175,0.0008450283313109363,0.000872086220714328,0.0008991940743628936,0.000927129714019342,0.0009541257107766847,0.0009824556628545062,0.0010109679169079623,0.0010400918953685488,0.0010679442612830405],