{"IsIVDone":true,"IsSPSDone":false,"SiPMLocation":{"Block":0,"Module":1,"Array":1,"SiPM":1},"Barcode":"00549","SiPMMeasurementDetails":{"DMMResistance":0,"IV":1,"SPS":0,"DarkCurrent":0,"ForwardResistance":0,"SPSVoltagesIsOffsets":0,"IVVoltages":[],"SPSVoltages":[],"OperatingVoltage":41.23},"Checks":{"SelectedForMeasurement":true,"DMMResistanceOK":true,"RForwardDone":true,"RForwardOK":true,"IDarkDone":true,"IDarkOK":true,"IVDone":true,"IVTemperatureOK":true,"IVMeasurementOK":true,"IVVoltageCheckOK":true,"IVCurrentCheckOK":true,"IVVbrOK":true},"Temperatures":[{"Block":0,"Module1":[25.008,24.953,24.992,25.039,25.016,24.984,24.969,25.047],"Module2":[25.039,24.984,24.984,24.969,25.055,25.016,24.953,25.008],"Pulser":28.281,"ControlTemperature":28.289,"Timestamp":1732543838},{"Block":0,"Module1":[25.008,24.945,25.0,25.031,25.016,24.984,24.977,25.047],"Module2":[25.039,24.992,24.992,24.969,25.047,25.016,24.953,25.008],"Pulser":28.273,"ControlTemperature":28.297,"Timestamp":1732543861}],"DMMResistanceResult":{"Identifier":{"Type":2,"ID":"163ccccd-90a2-4d01-927e-9ff420e83ea6"},"StartTimestamp":1732538725,"EndTimestamp":1732538727,"ErrorHappened":false,"ErrorMessage":null,"CorrectionPercentage":0,"Voltages":[29.999998232735635,29.999998232735635,29.999998232735635,29.999998232735635,29.999998232735635,29.999998232735635],"Currents":[3.2440074053843686E-06,3.2197004752997234E-06,3.2082222027597597E-06,3.201245213568782E-06,3.198544443559374E-06,3.196068737717437E-06],"Resistance":9342263.176130798},"IVMeasurementID":{"Type":0,"ID":"f68ed713-29c3-44b0-b417-eaa7bf6be3e5"},"SPSMeasurementID":{"Type":999,"ID":"00d1490a-0b4b-40c9-b96b-6ff6bf976640"},"IVResult":{"Identifier":{"Type":0,"ID":"f68ed713-29c3-44b0-b417-eaa7bf6be3e5"},"StartTimestamp":1732543840,"EndTimestamp":1732543863,"ErrorHappened":false,"ErrorMessage":null,"Temperatures":[{"Block":0,"Module1":[25.008,24.953,24.992,25.039,25.016,24.984,24.969,25.047],"Module2":[25.039,24.984,24.984,24.969,25.055,25.016,24.953,25.008],"Pulser":28.281,"ControlTemperature":28.289,"Timestamp":1732543838},{"Block":0,"Module1":[25.008,24.945,25.0,25.031,25.016,24.984,24.977,25.047],"Module2":[25.039,24.992,24.992,24.969,25.047,25.016,24.953,25.008],"Pulser":28.273,"ControlTemperature":28.297,"Timestamp":1732543861}],"SMUVoltage":[37.40999926306617,37.4299991848555,37.449999106644825,37.469999028434145,37.48999895022348,37.50999887201281,37.529998793802136,37.549998715591464,37.56999863738079,37.58999855917012,37.60999848095945,37.629998402748775,37.6499983245381,37.66999824632743,37.68999816811676,37.70999808990609,37.729998011695415,37.74999793348474,37.76999785527407,37.7899977770634,37.809997698852726,37.829997620642054,37.850001293354445,37.86999746422071,37.8900011369331,37.909997307799365,37.92999722958869,37.94999715137802,37.97000082409041,37.98999699495668,38.009996916746005,38.02999683853533,38.04999676032466,38.06999668211399,38.09000035482638,38.110000276615715,38.130000198405035,38.15000012019437,38.17000004198369,38.189996212849955,38.209999885562354,38.22999605642861,38.24999972914101,38.26999965093034,38.289995821796595,38.30999949450899,38.32999941629832,38.349995587164585,38.369995508953906,38.389999181666305,38.40999910345563,38.42999902524496,38.44999894703429,38.469998868823616,38.489998790612944,38.50999871240227,38.5299986341916,38.54999855598093,38.569998477770255,38.58999839955958,38.60999832134891,38.62999824313824,38.64999816492757,38.669998086716895,38.68999800850622,38.70999793029555,38.72999785208488,38.749997773874206,38.769997695663534,38.78999761745286,38.80999753924219,38.82999746103152,38.849997382820845,38.86999730461017,38.8899972263995,38.91000089911189,38.92999706997816,38.949996991767485,38.96999691355681,38.98999683534614,39.00999675713547,39.029996678924796,39.05000035163719,39.06999652250345,39.08999644429278,39.10999636608211,39.1300000387945,39.14999620966076,39.169999882373155,39.18999980416249,39.20999972595181,39.229999647741145,39.249999569530466,39.2699994913198,39.28999941310912,39.309995583975386,39.329999256687785,39.34999917847711,39.36999910026644,39.389995271132705],"SMUCurrent":[4.158668181902857E-06,4.11230496340806E-06,4.104652781714778E-06,4.106678359221827E-06,4.107128487556715E-06,4.1102793859010376E-06,4.1168062467571E-06,4.119732080933952E-06,4.124458428450409E-06,4.130760225139028E-06,4.137962278497422E-06,4.1435888826837095E-06,4.149440551037413E-06,4.155742347726005E-06,4.163394529419341E-06,4.170821646945179E-06,4.180274341978094E-06,4.189501972843592E-06,4.19917973204395E-06,4.207507106239618E-06,4.216734737105062E-06,4.224837047133286E-06,4.2392411538501014E-06,4.251169554725007E-06,4.267824303116316E-06,4.282003345665688E-06,4.297757837387221E-06,4.314862714113445E-06,4.3353435533514625E-06,4.357624905929031E-06,4.38080651517643E-06,4.408714471940286E-06,4.4395482628809934E-06,4.4778091713475665E-06,4.5216966840003995E-06,4.5707606725045775E-06,4.6313029335487465E-06,4.7080498146493364E-06,4.799650930801657E-06,4.915108848703735E-06,5.060725365044135E-06,5.2533802923817176E-06,5.5002756840748235E-06,5.825943534375569E-06,6.256941415043118E-06,6.827254015362476E-06,7.576267564637462E-06,8.555296693046774E-06,9.819482121615792E-06,1.1420363544690604E-05,1.3433337458367163E-05,1.5892613616097864E-05,1.884703094221952E-05,2.2270932121642718E-05,2.6254117757180224E-05,3.074459802615097E-05,3.570411202008839E-05,4.1146163589039506E-05,4.702799054118874E-05,5.323548534363872E-05,5.982086288323796E-05,6.667159107626125E-05,7.38837723222099E-05,8.135837838740573E-05,8.912849370446398E-05,9.719096737504031E-05,0.00010542651539038601,0.00011390828360492247,0.0001225831568751314,0.00013156119157889604,0.000140853190796254,0.0001502448934397925,0.00015994043270938906,0.00016984145556386788,0.00017972514847745298,0.00019024914894743455,0.00020075086806483852,0.0002112240040329763,0.00022189789723847984,0.00023286369866916656,0.00024387788889585513,0.00025520784414947664,0.00026681147743071783,0.000278449545529579,0.0002901276750502463,0.00030200431116660483,0.0003140515459218908,0.0003267300856668752,0.000339245904018793,0.00035121661695714586,0.0003636455605404278,0.0003766394151840102,0.0003894813515145636,0.0004022121061463965,0.00041533177165958374,0.0004290251257356021,0.0004422426941616303,0.0004553186972263321,0.0004687167671146555,0.0004824553590883314],