{"IsIVDone":true,"IsSPSDone":false,"SiPMLocation":{"Block":0,"Module":1,"Array":3,"SiPM":3},"Barcode":"00546","SiPMMeasurementDetails":{"DMMResistance":0,"IV":1,"SPS":0,"DarkCurrent":0,"ForwardResistance":0,"SPSVoltagesIsOffsets":0,"IVVoltages":[],"SPSVoltages":[],"OperatingVoltage":41.36},"Checks":{"SelectedForMeasurement":true,"DMMResistanceOK":true,"RForwardDone":true,"RForwardOK":true,"IDarkDone":true,"IDarkOK":true,"IVDone":true,"IVTemperatureOK":true,"IVMeasurementOK":true,"IVVoltageCheckOK":true,"IVCurrentCheckOK":true,"IVVbrOK":true},"Temperatures":[{"Block":0,"Module1":[25.008,24.945,24.992,25.039,25.016,24.977,24.969,25.055],"Module2":[25.039,24.984,24.984,24.969,25.055,25.016,24.953,25.008],"Pulser":28.398,"ControlTemperature":28.57,"Timestamp":1732544762},{"Block":0,"Module1":[25.008,24.945,24.992,25.039,25.016,24.984,24.969,25.055],"Module2":[25.047,24.984,24.984,24.969,25.055,25.016,24.953,25.008],"Pulser":28.398,"ControlTemperature":28.578,"Timestamp":1732544785}],"DMMResistanceResult":{"Identifier":{"Type":2,"ID":"163ccccd-90a2-4d01-927e-9ff420e83ea6"},"StartTimestamp":1732538725,"EndTimestamp":1732538727,"ErrorHappened":false,"ErrorMessage":null,"CorrectionPercentage":0,"Voltages":[29.999998232735635,29.999998232735635,29.999998232735635,29.999998232735635,29.999998232735635,29.999998232735635],"Currents":[3.2440074053843686E-06,3.2197004752997234E-06,3.2082222027597597E-06,3.201245213568782E-06,3.198544443559374E-06,3.196068737717437E-06],"Resistance":9342263.176130798},"IVMeasurementID":{"Type":0,"ID":"e7a97aae-c416-4ebe-8c8a-fb6dd88f647f"},"SPSMeasurementID":{"Type":999,"ID":"eedf6742-a56a-4b09-b20d-fef4ff80736a"},"IVResult":{"Identifier":{"Type":0,"ID":"e7a97aae-c416-4ebe-8c8a-fb6dd88f647f"},"StartTimestamp":1732544765,"EndTimestamp":1732544787,"ErrorHappened":false,"ErrorMessage":null,"Temperatures":[{"Block":0,"Module1":[25.008,24.945,24.992,25.039,25.016,24.977,24.969,25.055],"Module2":[25.039,24.984,24.984,24.969,25.055,25.016,24.953,25.008],"Pulser":28.398,"ControlTemperature":28.57,"Timestamp":1732544762},{"Block":0,"Module1":[25.008,24.945,24.992,25.039,25.016,24.984,24.969,25.055],"Module2":[25.047,24.984,24.984,24.969,25.055,25.016,24.953,25.008],"Pulser":28.398,"ControlTemperature":28.578,"Timestamp":1732544785}],"SMUVoltage":[37.53999500377373,37.559998676486124,37.57999859827545,37.59999852006478,37.61999844185411,37.639998363643436,37.660002036355834,37.67999820722209,37.699998129011426,37.71999805080075,37.73999797259008,37.760001645302474,37.77999781616874,37.79999773795806,37.81999765974739,37.839997581536714,37.85999750332605,37.87999742511537,37.899997346904705,37.919997268694026,37.93999719048336,37.95999711227268,37.98000078498508,38.00000070677441,38.020000628563736,38.03999679942999,38.05999672121933,38.08000039393172,38.09999656479798,38.11999648658731,38.13999640837664,38.15999633016597,38.179996251955295,38.19999617374462,38.219999846457014,38.23999601732328,38.259995939112606,38.279999611825,38.29999578269126,38.319999455403654,38.33999937719298,38.35999929898231,38.37999922077164,38.39999914256097,38.41999906435029,38.43999898613963,38.45999890792895,38.479998829718284,38.499998751507604,38.51999867329694,38.53999859508626,38.559998516875595,38.579998438664916,38.59999836045425,38.61999828224357,38.639998204032906,38.65999812582223,38.67999804761156,38.69999796940088,38.71999789119022,38.73999781297954,38.75999773476887,38.779997656558194,38.79999757834752,38.81999750013686,38.83999742192618,38.85999734371551,38.879997265504834,38.89999718729417,38.91999710908349,38.939997030872824,38.959996952662145,38.97999687445148,39.00000054716387,39.0200004689532,39.04000039074253,39.05999656160879,39.08000023432118,39.09999640518745,39.12000007789984,39.1399962487661,39.159999921478494,39.17999984326782,39.19999976505715,39.21999968684648,39.23999585771274,39.25999577950207,39.27999945221446,39.299995623080726,39.31999929579312,39.339999217582445,39.35999913937177,39.3799990611611,39.39999898295043,39.41999890473976,39.439998826529084,39.45999499739535,39.47999867010774,39.49999859189707,39.5199985136864],"SMUCurrent":[4.7301061030594884E-06,4.693645707932521E-06,4.70129788962583E-06,4.711425777161076E-06,4.729205846389686E-06,4.747886172288071E-06,4.769717396530752E-06,4.788622786596581E-06,4.808653497499657E-06,4.832060170914526E-06,4.856592165166615E-06,4.884275057763E-06,4.913083271196659E-06,4.941666420462873E-06,4.9740756605757424E-06,5.008510478195661E-06,5.0451959374900725E-06,5.083906974291533E-06,5.125768909437317E-06,5.166505523745827E-06,5.2148943197476735E-06,5.265308693256569E-06,5.322925120123886E-06,5.383917509502943E-06,5.450311438900816E-06,5.523007164987307E-06,5.603805201101996E-06,5.691580226407662E-06,5.791058588420762E-06,5.9004397738016655E-06,6.028501285080954E-06,6.172542352249192E-06,6.339765028664883E-06,6.531519699332636E-06,6.757259059285393E-06,7.028686445230588E-06,7.3530039105266696E-06,7.743940369388041E-06,8.231429356085634E-06,8.851706201578973E-06,9.635379632641348E-06,1.064749319366586E-05,1.1969069984934724E-05,1.370769067848921E-05,1.598534005308743E-05,1.9001424961090504E-05,2.2968856104906476E-05,2.8111797395315985E-05,3.473070949586534E-05,4.305695837069356E-05,5.342138834595277E-05,6.593540618453091E-05,8.088236767324809E-05,9.802618050044882E-05,0.00011764975032461822,0.00013948187482397861,0.0001633929170380785,0.0001893115316258361,0.00021691137554444835,0.00024611975306782874,0.0002766994465634845,0.00030864145346471767,0.000341293087685922,0.00037527935242010727,0.000409965341650896,0.0004462256547330003,0.0004829545514117364,0.0005209138738939239,0.0005591151403561206,0.0005986735437480434,0.0006387003056724306,0.0006792111806210035,0.0007206214119827083,0.0007630070714461432,0.0008058883222063039,0.0008492860952307634,0.0008935224573431432,0.0009377342874612708,0.000983336564005907,0.001028297632737477,0.001074314927606892,0.0011210641311488554,0.0011678362912358991,0.0012153952756523494,0.001264061800836823,0.0013118663302599618,0.0013607167328692424,0.0014099900310491627,0.001460078511643588,0.0015095870018784938,0.0015599763932648005,0.0016099017023378244,0.0016611767212230486,0.0017127492749376423,0.0017649394047277195,0.0018175648086176462,0.0018691436641289283,0.001922352209276719,0.001974850451912036,0.002027532797036328],