{"IsIVDone":true,"IsSPSDone":false,"SiPMLocation":{"Block":0,"Module":0,"Array":1,"SiPM":2},"Barcode":"00552","SiPMMeasurementDetails":{"DMMResistance":0,"IV":1,"SPS":0,"DarkCurrent":0,"ForwardResistance":0,"SPSVoltagesIsOffsets":0,"IVVoltages":[],"SPSVoltages":[],"OperatingVoltage":41.32},"Checks":{"SelectedForMeasurement":true,"DMMResistanceOK":true,"RForwardDone":true,"RForwardOK":true,"IDarkDone":true,"IDarkOK":true,"IVDone":true,"IVTemperatureOK":true,"IVMeasurementOK":true,"IVVoltageCheckOK":true,"IVCurrentCheckOK":true,"IVVbrOK":true},"Temperatures":[{"Block":0,"Module1":[25.0,24.961,25.008,25.031,25.016,24.992,24.984,25.039],"Module2":[25.031,24.992,25.0,24.961,25.039,25.023,24.969,25.0],"Pulser":27.414,"ControlTemperature":27.805,"Timestamp":1732542458},{"Block":0,"Module1":[25.0,24.961,25.008,25.023,25.016,24.984,24.984,25.047],"Module2":[25.031,24.992,25.0,24.961,25.039,25.016,24.969,25.0],"Pulser":27.469,"ControlTemperature":27.82,"Timestamp":1732542481}],"DMMResistanceResult":{"Identifier":{"Type":2,"ID":"163ccccd-90a2-4d01-927e-9ff420e83ea6"},"StartTimestamp":1732538725,"EndTimestamp":1732538727,"ErrorHappened":false,"ErrorMessage":null,"CorrectionPercentage":0,"Voltages":[29.999998232735635,29.999998232735635,29.999998232735635,29.999998232735635,29.999998232735635,29.999998232735635],"Currents":[3.2440074053843686E-06,3.2197004752997234E-06,3.2082222027597597E-06,3.201245213568782E-06,3.198544443559374E-06,3.196068737717437E-06],"Resistance":9342263.176130798},"IVMeasurementID":{"Type":0,"ID":"fc77d7e1-13e0-4ea0-9d1e-4b14ccb6d3c4"},"SPSMeasurementID":{"Type":999,"ID":"c10fb1c6-b943-4306-b049-90da09655ce0"},"IVResult":{"Identifier":{"Type":0,"ID":"fc77d7e1-13e0-4ea0-9d1e-4b14ccb6d3c4"},"StartTimestamp":1732542461,"EndTimestamp":1732542483,"ErrorHappened":false,"ErrorMessage":null,"Temperatures":[{"Block":0,"Module1":[25.0,24.961,25.008,25.031,25.016,24.992,24.984,25.039],"Module2":[25.031,24.992,25.0,24.961,25.039,25.023,24.969,25.0],"Pulser":27.414,"ControlTemperature":27.805,"Timestamp":1732542458},{"Block":0,"Module1":[25.0,24.961,25.008,25.023,25.016,24.984,24.984,25.047],"Module2":[25.031,24.992,25.0,24.961,25.039,25.016,24.969,25.0],"Pulser":27.469,"ControlTemperature":27.82,"Timestamp":1732542481}],"SMUVoltage":[37.50999887201281,37.529998793802136,37.549998715591464,37.56999863738079,37.58999855917012,37.60999848095945,37.629998402748775,37.6499983245381,37.66999824632743,37.68999816811676,37.70999808990609,37.729998011695415,37.74999793348474,37.76999785527407,37.7899977770634,37.809997698852726,37.829997620642054,37.84999754243138,37.86999746422071,37.8900011369331,37.909997307799365,37.92999722958869,37.94999715137802,37.96999707316735,37.98999699495668,38.009996916746005,38.02999683853533,38.050000511247724,38.06999668211399,38.089996603903316,38.109996525692644,38.12999644748197,38.15000012019437,38.16999629106063,38.189996212849955,38.209999885562354,38.22999980735168,38.24999972914101,38.269995900007274,38.289999572719665,38.30999574358593,38.32999941629832,38.349995587164585,38.36999925987698,38.389999181666305,38.40999910345563,38.42999902524496,38.44999894703429,38.469998868823616,38.489998790612944,38.50999871240227,38.5299986341916,38.54999855598093,38.569998477770255,38.58999839955958,38.60999832134891,38.62999824313824,38.64999816492757,38.669998086716895,38.68999800850622,38.70999793029555,38.72999785208488,38.749997773874206,38.769997695663534,38.78999761745286,38.80999753924219,38.83000121195458,38.849997382820845,38.86999730461017,38.8899972263995,38.90999714818883,38.92999706997816,38.949996991767485,38.970000664479876,38.98999683534614,39.00999675713547,39.029996678924796,39.05000035163719,39.06999652250345,39.09000019521584,39.10999636608211,39.129996287871435,39.149999960583834,39.169999882373155,39.18999980416249,39.20999972595181,39.229999647741145,39.249999569530466,39.2699994913198,39.28999566218606,39.309995583975386,39.329999256687785,39.34999917847711,39.36999910026644,39.38999902205577,39.409998943845096,39.429998865634424,39.44999878742375,39.46999870921308,39.48999863100241],"SMUCurrent":[4.570535608337134E-06,4.53430027737761E-06,4.538801560726623E-06,4.546903870754847E-06,4.5599575924669725E-06,4.573011314179098E-06,4.590791383407653E-06,4.607221067631545E-06,4.62455100852524E-06,4.644131591093428E-06,4.664837494498862E-06,4.6859935262391844E-06,4.7080498146493364E-06,4.732131680566538E-06,4.758014059823344E-06,4.785696952419729E-06,4.814280101685944E-06,4.847364534301145E-06,4.878648453576767E-06,4.915333912871179E-06,4.953819885505196E-06,4.994331435646262E-06,5.037993884131651E-06,5.087958129305659E-06,5.139947951986689E-06,5.198239571356365E-06,5.261257538242471E-06,5.334178328496406E-06,5.415876621280897E-06,5.505002031591254E-06,5.604030265269467E-06,5.719938311506405E-06,5.852276041967263E-06,6.0068951250056896E-06,6.188296843970725E-06,6.40210780304863E-06,6.661381723951503E-06,6.974445980875065E-06,7.3635819263968036E-06,7.855122068108522E-06,8.476749298606578E-06,9.289230943102612E-06,1.0327677011718846E-05,1.1720599144069484E-05,1.3558023007134685E-05,1.5974536973049826E-05,1.9170448150845773E-05,2.3327158259487535E-05,2.869763942318942E-05,3.549795324270381E-05,4.3949787922969365E-05,5.422171652540645E-05,6.638418413442705E-05,8.054387116540267E-05,9.658149360958456E-05,0.00011452630980874132,0.0001342952710850837,0.0001554418501303901,0.0001781985382296368,0.000202201181559889,0.00022743109979524834,0.0002537773363011618,0.00028101302639683924,0.00030922774562092603,0.00033804406136460775,0.00036803678751155285,0.0003985908236921193,0.0004296708348320173,0.00046204766570476474,0.0004953661650541246,0.0005280535844779536,0.0005622115731719036,0.0005970393528281859,0.0006321675931480147,0.0006678116805396399,0.000704529098945836,0.0007408828136574322,0.0007787356807884157,0.0008169986148324938,0.0008551044540876916,0.0008936840534153724,0.0009330360729657433,0.0009732242058981922,0.0010130891466861827,0.0010540249427829019,0.0010932759085220873,0.00113609166560952,0.0011787633816297844,0.0012187800156666362,0.0012622435074279913,0.0013059077564267119,0.001348333477311953,0.001392569389295998,0.0014359707633471365,0.0014791774568934303,0.0015233755580973437,0.001568745568421171,0.0016144887351346314,0.0016587368005837187,0.0017038392096124474],