{"IsIVDone":true,"IsSPSDone":false,"SiPMLocation":{"Block":0,"Module":0,"Array":2,"SiPM":5},"Barcode":"00551","SiPMMeasurementDetails":{"DMMResistance":0,"IV":1,"SPS":0,"DarkCurrent":0,"ForwardResistance":0,"SPSVoltagesIsOffsets":0,"IVVoltages":[],"SPSVoltages":[],"OperatingVoltage":41.32},"Checks":{"SelectedForMeasurement":true,"DMMResistanceOK":true,"RForwardDone":true,"RForwardOK":true,"IDarkDone":true,"IDarkOK":true,"IVDone":true,"IVTemperatureOK":true,"IVMeasurementOK":true,"IVVoltageCheckOK":true,"IVCurrentCheckOK":true,"IVVbrOK":true},"Temperatures":[{"Block":0,"Module1":[25.008,24.953,25.0,25.031,25.023,24.984,24.977,25.039],"Module2":[25.039,25.0,24.992,24.961,25.047,25.023,24.961,25.0],"Pulser":27.906,"ControlTemperature":27.93,"Timestamp":1732542757},{"Block":0,"Module1":[25.008,24.961,25.0,25.031,25.023,24.984,24.977,25.039],"Module2":[25.039,24.992,24.992,24.961,25.047,25.023,24.961,24.992],"Pulser":27.938,"ControlTemperature":27.938,"Timestamp":1732542780}],"DMMResistanceResult":{"Identifier":{"Type":2,"ID":"163ccccd-90a2-4d01-927e-9ff420e83ea6"},"StartTimestamp":1732538725,"EndTimestamp":1732538727,"ErrorHappened":false,"ErrorMessage":null,"CorrectionPercentage":0,"Voltages":[29.999998232735635,29.999998232735635,29.999998232735635,29.999998232735635,29.999998232735635,29.999998232735635],"Currents":[3.2440074053843686E-06,3.2197004752997234E-06,3.2082222027597597E-06,3.201245213568782E-06,3.198544443559374E-06,3.196068737717437E-06],"Resistance":9342263.176130798},"IVMeasurementID":{"Type":0,"ID":"5d3bfb40-dba4-458a-9d09-71824ecc6bec"},"SPSMeasurementID":{"Type":999,"ID":"62ae3631-c74f-4829-8649-08a71b1c9ead"},"IVResult":{"Identifier":{"Type":0,"ID":"5d3bfb40-dba4-458a-9d09-71824ecc6bec"},"StartTimestamp":1732542759,"EndTimestamp":1732542782,"ErrorHappened":false,"ErrorMessage":null,"Temperatures":[{"Block":0,"Module1":[25.008,24.953,25.0,25.031,25.023,24.984,24.977,25.039],"Module2":[25.039,25.0,24.992,24.961,25.047,25.023,24.961,25.0],"Pulser":27.906,"ControlTemperature":27.93,"Timestamp":1732542757},{"Block":0,"Module1":[25.008,24.961,25.0,25.031,25.023,24.984,24.977,25.039],"Module2":[25.039,24.992,24.992,24.961,25.047,25.023,24.961,24.992],"Pulser":27.938,"ControlTemperature":27.938,"Timestamp":1732542780}],"SMUVoltage":[37.50999887201281,37.529995042879065,37.549998715591464,37.56999863738079,37.58999855917012,37.60999848095945,37.629998402748775,37.6499983245381,37.66999824632743,37.68999816811676,37.70999808990609,37.729998011695415,37.74999793348474,37.76999785527407,37.7899977770634,37.809997698852726,37.829997620642054,37.84999754243138,37.86999746422071,37.88999738601004,37.909997307799365,37.92999722958869,37.94999715137802,37.96999707316735,37.98999699495668,38.009996916746005,38.0300005894584,38.04999676032466,38.06999668211399,38.09000035482638,38.110000276615715,38.12999644748197,38.1499963692713,38.17000004198369,38.189999963773026,38.209999885562354,38.22999980735168,38.24999597821794,38.26999965093034,38.289999572719665,38.30999949450899,38.32999941629832,38.34999933808765,38.36999925987698,38.389999181666305,38.40999910345563,38.42999902524496,38.44999894703429,38.469998868823616,38.489998790612944,38.50999871240227,38.5299986341916,38.54999855598093,38.569998477770255,38.58999839955958,38.60999832134891,38.62999824313824,38.64999816492757,38.669998086716895,38.68999800850622,38.70999793029555,38.72999785208488,38.749997773874206,38.769997695663534,38.78999761745286,38.80999753924219,38.82999746103152,38.85000113374391,38.86999730461017,38.8899972263995,38.90999714818883,38.93000082090122,38.949996991767485,38.96999691355681,38.99000058626921,39.00999675713547,39.029996678924796,39.05000035163719,39.06999652250345,39.09000019521584,39.11000011700518,39.1300000387945,39.149999960583834,39.169999882373155,39.18999980416249,39.20999972595181,39.229995896818075,39.249999569530466,39.2699994913198,39.28999941310912,39.30999933489846,39.329999256687785,39.34999917847711,39.36999910026644,39.38999902205577,39.409998943845096,39.429998865634424,39.44999878742375,39.46999870921308,39.48999863100241],"SMUCurrent":[4.808203369164769E-06,4.774218679879765E-06,4.779620219898554E-06,4.796725096624805E-06,4.8140550375185E-06,4.835211069258822E-06,4.8586177426736645E-06,4.878648453576767E-06,4.904530832833547E-06,4.930863340425268E-06,4.957195848016963E-06,4.988704831460002E-06,5.016387724056414E-06,5.0505974775088614E-06,5.085482423463695E-06,5.1244185244325995E-06,5.1626794328992E-06,5.2065669455520055E-06,5.249329137367592E-06,5.300418703378819E-06,5.351508269390101E-06,5.410250017094637E-06,5.473493048148214E-06,5.539211785043728E-06,5.612582703632551E-06,5.690905033905303E-06,5.782956278392538E-06,5.880183998731119E-06,5.986864414102614E-06,6.1086241286932835E-06,6.249064169182365E-06,6.405708829727841E-06,6.5853100353532716E-06,6.795519967751966E-06,7.040164717770579E-06,7.327796723772195E-06,7.672144899971352E-06,8.09661591978284E-06,8.616289082425858E-06,9.26492401301794E-06,1.0084382646704924E-05,1.1148486030410494E-05,1.2536681815244674E-05,1.435632560908132E-05,1.674875770907926E-05,1.993431593517249E-05,2.4116458294736143E-05,2.9615451098052216E-05,3.666738665677617E-05,4.5679180985658366E-05,5.684618978204578E-05,7.045356934609807E-05,8.683531490231166E-05,0.00010580507332003762,0.00012756967856916287,0.00015186850634377983,0.00017833222634510234,0.00020718725312558558,0.00023805907991059202,0.0002706346424431981,0.0003047410914428019,0.00034023731167641207,0.00037705330818795153,0.0004150839760112208,0.0004543331412370667,0.0004943871359257153,0.0005357917406832338,0.0005776764073099241,0.0006205959189785515,0.0006643247613933304,0.0007087915892131794,0.000753806898409105,0.0007989617473888499,0.0008463523838080473,0.0008945901617535278,0.0009425281542279646,0.0009916722655757683,0.0010414785157042109,0.0010915669962986362,0.0011430375959453748,0.001193747028577796,0.0012448870089625497,0.0012979366588081204,0.0013503910139307847,0.001404695621574059,0.0014579698854587449,0.0015121131220939572,0.0015655179231957646,0.0016197302545303842,0.0016747564178945045,0.0017322384814538437,0.0017876351004375872,0.0018432855918022147,0.0018993342216790622,0.0019567471905389943,0.0020161078647040424,0.0020750625231110093,0.002131848238136257,0.0021910176077589716,0.0022499155499957416],