{"IsIVDone":true,"IsSPSDone":false,"SiPMLocation":{"Block":0,"Module":0,"Array":3,"SiPM":10},"Barcode":"00553","SiPMMeasurementDetails":{"DMMResistance":0,"IV":1,"SPS":0,"DarkCurrent":0,"ForwardResistance":0,"SPSVoltagesIsOffsets":0,"IVVoltages":[],"SPSVoltages":[],"OperatingVoltage":41.33},"Checks":{"SelectedForMeasurement":true,"DMMResistanceOK":true,"RForwardDone":true,"RForwardOK":true,"IDarkDone":true,"IDarkOK":true,"IVDone":true,"IVTemperatureOK":true,"IVMeasurementOK":true,"IVVoltageCheckOK":true,"IVCurrentCheckOK":true,"IVVbrOK":true},"Temperatures":[{"Block":0,"Module1":[25.0,24.953,25.0,25.039,25.016,24.977,24.977,25.047],"Module2":[25.039,24.984,24.992,24.961,25.055,25.023,24.961,25.0],"Pulser":28.172,"ControlTemperature":28.086,"Timestamp":1732543240},{"Block":0,"Module1":[25.0,24.945,25.0,25.031,25.016,24.984,24.977,25.055],"Module2":[25.039,24.992,24.992,24.961,25.047,25.016,24.961,25.0],"Pulser":28.188,"ControlTemperature":28.086,"Timestamp":1732543263}],"DMMResistanceResult":{"Identifier":{"Type":2,"ID":"163ccccd-90a2-4d01-927e-9ff420e83ea6"},"StartTimestamp":1732538725,"EndTimestamp":1732538727,"ErrorHappened":false,"ErrorMessage":null,"CorrectionPercentage":0,"Voltages":[29.999998232735635,29.999998232735635,29.999998232735635,29.999998232735635,29.999998232735635,29.999998232735635],"Currents":[3.2440074053843686E-06,3.2197004752997234E-06,3.2082222027597597E-06,3.201245213568782E-06,3.198544443559374E-06,3.196068737717437E-06],"Resistance":9342263.176130798},"IVMeasurementID":{"Type":0,"ID":"56c950ea-2cfe-4912-b4a1-05a05410f3f3"},"SPSMeasurementID":{"Type":999,"ID":"25e47926-f450-4e95-966e-8bd4459ee7a1"},"IVResult":{"Identifier":{"Type":0,"ID":"56c950ea-2cfe-4912-b4a1-05a05410f3f3"},"StartTimestamp":1732543243,"EndTimestamp":1732543265,"ErrorHappened":false,"ErrorMessage":null,"Temperatures":[{"Block":0,"Module1":[25.0,24.953,25.0,25.039,25.016,24.977,24.977,25.047],"Module2":[25.039,24.984,24.992,24.961,25.055,25.023,24.961,25.0],"Pulser":28.172,"ControlTemperature":28.086,"Timestamp":1732543240},{"Block":0,"Module1":[25.0,24.945,25.0,25.031,25.016,24.984,24.977,25.055],"Module2":[25.039,24.992,24.992,24.961,25.047,25.016,24.961,25.0],"Pulser":28.188,"ControlTemperature":28.086,"Timestamp":1732543263}],"SMUVoltage":[37.51999883290747,37.539998754696796,37.559998676486124,37.57999859827545,37.59999852006478,37.61999844185411,37.639998363643436,37.65999828543276,37.67999820722209,37.699998129011426,37.71999805080075,37.73999797259008,37.7599978943794,37.77999781616874,37.79999773795806,37.82000141067046,37.839997581536714,37.85999750332605,37.88000117603844,37.899997346904705,37.919997268694026,37.93999719048336,37.95999711227268,37.979997034062016,37.99999695585134,38.020000628563736,38.040000550353064,38.05999672121933,38.079996643008656,38.10000031572105,38.120000237510375,38.13999640837664,38.16000008108903,38.18000000287836,38.19999617374462,38.21999609553395,38.23999976824634,38.259995939112606,38.279999611825,38.299999533614326,38.319999455403654,38.33999937719298,38.35999929898231,38.37999922077164,38.39999914256097,38.41999906435029,38.43999523521656,38.45999890792895,38.479998829718284,38.499998751507604,38.51999867329694,38.53999859508626,38.559998516875595,38.579998438664916,38.59999836045425,38.61999828224357,38.639998204032906,38.65999812582223,38.68000179853462,38.69999796940088,38.71999789119022,38.73999781297954,38.75999773476887,38.779997656558194,38.79999757834752,38.81999750013686,38.83999742192618,38.85999734371551,38.880001016427904,38.90000093821723,38.92000086000656,38.939997030872824,38.960000703585216,38.980000625374544,38.9999967962408,39.019996718030136,39.04000039074253,39.05999656160879,39.08000023432118,39.10000015611051,39.11999632697677,39.13999999968917,39.159996170555424,39.17999984326782,39.19999976505715,39.21999968684648,39.239999608635806,39.259999530425134,39.2799957012914,39.29999937400379,39.31999929579312,39.33999546665938,39.35999913937177,39.3799990611611,39.39999898295043,39.41999890473976,39.439998826529084,39.45999874831841,39.47999867010774,39.49999859189707],"SMUCurrent":[4.7352825789108335E-06,4.700847761290915E-06,4.708725007151695E-06,4.7215536646963495E-06,4.737083092250439E-06,4.756663674818627E-06,4.776019193219371E-06,4.79717522495972E-06,4.8201317700396476E-06,4.844438700124293E-06,4.8725717210555924E-06,4.89777890781004E-06,4.9272623137460575E-06,4.956745719682048E-06,4.990505344799607E-06,5.027640932428934E-06,5.0643263917233455E-06,5.104387813529524E-06,5.1494006470196305E-06,5.193288159672436E-06,5.2423521481766416E-06,5.29501716336003E-06,5.35353384689715E-06,5.416101685448368E-06,5.487221962362698E-06,5.561043009286409E-06,5.646117264582667E-06,5.739518894074593E-06,5.844623860273954E-06,5.9661585106971795E-06,6.099171433660369E-06,6.254465709201154E-06,6.4349671714964145E-06,6.642926462220589E-06,6.886445891401928E-06,7.18173007909688E-06,7.535756014496396E-06,7.97260556351765E-06,8.516585656245313E-06,9.20168098196439E-06,1.0089334058388852E-05,1.1249089713260841E-05,1.2754543929336678E-05,1.4742085592091319E-05,1.7381188019614948E-05,2.087733479678972E-05,2.5441185984349302E-05,3.1341243134062034E-05,3.8890570502851424E-05,4.8305454755637314E-05,5.9821988204075206E-05,7.361166974376233E-05,8.983812102443515E-05,0.00010836697873812573,0.0001294237571806194,0.00015260491629967758,0.00017793903924456648,0.00020500818185633063,0.00023408332139258036,0.00026460427314053156,0.0002966027711477948,0.0003300774650293653,0.0003644879757191946,0.00039985140809400906,0.0004364490923631216,0.00047364319667597774,0.0005119824274728216,0.000550943510564331,0.0005909923287771282,0.0006322553681733204,0.0006735839012422406,0.0007157206397364755,0.0007593504539175763,0.0008029912962428822,0.0008475382469063434,0.0008921178318740851,0.0009379775818262847,0.0009841778538638365,0.001031028336281153,0.001077939586023681,0.001125179204386519,0.0011750291169634471,0.001222435507874366,0.0012725071086562326,0.0013221096757131327,0.0013719118746865612,0.0014234295127442968,0.0014740471191963984,0.0015258118777099947,0.0015779180585656128,0.0016297289552335364,0.0016821013869992487,0.001736277032874574,0.0017891981710805305,0.0018426205271873989,0.0018967799684426676,0.001951119686096064,0.002005503516326281,0.00206099938860787,0.002116334790138067],