{"IsIVDone":true,"IsSPSDone":false,"SiPMLocation":{"Block":0,"Module":0,"Array":2,"SiPM":11},"Barcode":"00551","SiPMMeasurementDetails":{"DMMResistance":0,"IV":1,"SPS":0,"DarkCurrent":0,"ForwardResistance":0,"SPSVoltagesIsOffsets":0,"IVVoltages":[],"SPSVoltages":[],"OperatingVoltage":41.35},"Checks":{"SelectedForMeasurement":true,"DMMResistanceOK":true,"RForwardDone":true,"RForwardOK":true,"IDarkDone":true,"IDarkOK":true,"IVDone":true,"IVTemperatureOK":true,"IVMeasurementOK":true,"IVVoltageCheckOK":true,"IVCurrentCheckOK":true,"IVVbrOK":true},"Temperatures":[{"Block":0,"Module1":[25.0,24.953,25.0,25.031,25.016,24.984,24.977,25.047],"Module2":[25.039,24.992,24.984,24.953,25.047,25.023,24.961,25.0],"Pulser":28.07,"ControlTemperature":27.992,"Timestamp":1732542964},{"Block":0,"Module1":[25.008,24.953,25.0,25.031,25.008,24.984,24.977,25.039],"Module2":[25.039,24.992,24.992,24.961,25.047,25.016,24.961,24.992],"Pulser":28.086,"ControlTemperature":28.0,"Timestamp":1732542987}],"DMMResistanceResult":{"Identifier":{"Type":2,"ID":"163ccccd-90a2-4d01-927e-9ff420e83ea6"},"StartTimestamp":1732538725,"EndTimestamp":1732538727,"ErrorHappened":false,"ErrorMessage":null,"CorrectionPercentage":0,"Voltages":[29.999998232735635,29.999998232735635,29.999998232735635,29.999998232735635,29.999998232735635,29.999998232735635],"Currents":[3.2440074053843686E-06,3.2197004752997234E-06,3.2082222027597597E-06,3.201245213568782E-06,3.198544443559374E-06,3.196068737717437E-06],"Resistance":9342263.176130798},"IVMeasurementID":{"Type":0,"ID":"63c5db93-3d7a-4eb6-b873-8b9afe06b16c"},"SPSMeasurementID":{"Type":999,"ID":"bc104032-79a1-40a3-97cb-435763afc3f8"},"IVResult":{"Identifier":{"Type":0,"ID":"63c5db93-3d7a-4eb6-b873-8b9afe06b16c"},"StartTimestamp":1732542966,"EndTimestamp":1732542989,"ErrorHappened":false,"ErrorMessage":null,"Temperatures":[{"Block":0,"Module1":[25.0,24.953,25.0,25.031,25.016,24.984,24.977,25.047],"Module2":[25.039,24.992,24.984,24.953,25.047,25.023,24.961,25.0],"Pulser":28.07,"ControlTemperature":27.992,"Timestamp":1732542964},{"Block":0,"Module1":[25.008,24.953,25.0,25.031,25.008,24.984,24.977,25.039],"Module2":[25.039,24.992,24.992,24.961,25.047,25.016,24.961,24.992],"Pulser":28.086,"ControlTemperature":28.0,"Timestamp":1732542987}],"SMUVoltage":[37.529998793802136,37.549998715591464,37.56999863738079,37.58999855917012,37.60999848095945,37.629998402748775,37.65000207546117,37.66999824632743,37.68999816811676,37.70999808990609,37.729998011695415,37.74999793348474,37.76999785527407,37.7899977770634,37.809997698852726,37.829997620642054,37.84999754243138,37.86999746422071,37.88999738601004,37.909997307799365,37.93000098051176,37.95000090230109,37.97000082409041,37.98999699495668,38.009996916746005,38.0300005894584,38.04999676032466,38.06999668211399,38.089996603903316,38.110000276615715,38.130000198405035,38.15000012019437,38.17000004198369,38.189999963773026,38.20999613463928,38.22999980735168,38.24999597821794,38.26999965093034,38.289999572719665,38.30999949450899,38.32999941629832,38.34999933808765,38.36999925987698,38.389999181666305,38.40999910345563,38.42999902524496,38.44999894703429,38.469998868823616,38.489998790612944,38.50999871240227,38.5299986341916,38.54999855598093,38.569998477770255,38.58999839955958,38.60999832134891,38.62999824313824,38.64999816492757,38.669998086716895,38.68999800850622,38.70999793029555,38.72999785208488,38.749997773874206,38.769997695663534,38.78999761745286,38.80999753924219,38.82999746103152,38.85000113374391,38.87000105553324,38.8899972263995,38.90999714818883,38.92999706997816,38.949996991767485,38.970000664479876,38.99000058626921,39.00999675713547,39.03000042984787,39.049996600714124,39.06999652250345,39.08999644429278,39.11000011700518,39.1300000387945,39.14999620966076,39.169999882373155,39.18999605323942,39.20999972595181,39.229999647741145,39.249999569530466,39.2699994913198,39.28999941310912,39.30999933489846,39.329999256687785,39.34999917847711,39.36999910026644,39.38999902205577,39.409998943845096,39.429998865634424,39.44999878742375,39.46999870921308,39.48999863100241,39.509998552791735],"SMUCurrent":[5.085257359296224E-06,5.054873696690431E-06,5.07040312424452E-06,5.091784220152286E-06,5.118116727743981E-06,5.148950518684716E-06,5.1764083471136566E-06,5.208367458891611E-06,5.241226827339368E-06,5.276336837461645E-06,5.314372681760774E-06,5.353983975232038E-06,5.396971231215068E-06,5.440858743867901E-06,5.485421449023066E-06,5.537636335871567E-06,5.591426671892229E-06,5.651743868768927E-06,5.7138615789852575E-06,5.779130187545884E-06,5.850250464460214E-06,5.927222409728275E-06,6.009595895015098E-06,6.099846626162728E-06,6.198199667338555E-06,6.3060054035472964E-06,6.426189668965832E-06,6.5580772710917745E-06,6.707069749943941E-06,6.8736172338572734E-06,7.060420492841098E-06,7.2737813235841154E-06,7.513924790253688E-06,7.799081090413394E-06,8.131275801570202E-06,8.524913030440981E-06,8.999348295426476E-06,9.570336088248166E-06,1.0286490269075394E-05,1.1168516741313597E-05,1.2300364439421757E-05,1.3749102485300079E-05,1.5623887000162077E-05,1.8094866494600213E-05,2.1344568008416822E-05,2.5604807634085783E-05,3.1179421997665186E-05,3.840848305617262E-05,4.768990425766042E-05,5.9367358585825356E-05,7.385001269709234E-05,9.131341664207263E-05,0.00011209494160777446,0.0001361401220656748,0.00016357071773036433,0.00019394312712779827,0.00022732892066322586,0.0002634769267257724,0.0003017661932774423,0.00034231938028949586,0.00038505006312163233,0.00042934449178921424,0.0004753041702317618,0.0005221233687298025,0.0005704797554915296,0.0006205668857009504,0.0006714613210790157,0.000723142130658153,0.0007758998722785404,0.000829192816489125,0.0008841690156080712,0.0009396189747995006,0.0009954479420489163,0.0010524868542625457,0.0011109389443835962,0.0011689098473146376,0.0012290276373389886,0.0012885242502611765,0.001349169365629864,0.0014095574577193228,0.0014714946664733432,0.0015345963572297517,0.0015971576689201119,0.0016610358310542245,0.00172496845871686,0.0017887946310282917,0.0018532345533243606,0.0019187149472665527,0.001984695208724652,0.002051622990327718,0.0021182741680689874,0.002185959515659691,0.0022532750828232737,0.0023205136780415888,0.0023887450313025273,0.0024565044250043225,0.002525482766237029,0.002595871584607147,0.002663558282582856,0.002733164102714414],