{"IsIVDone":true,"IsSPSDone":false,"SiPMLocation":{"Block":0,"Module":0,"Array":3,"SiPM":7},"Barcode":"00553","SiPMMeasurementDetails":{"DMMResistance":0,"IV":1,"SPS":0,"DarkCurrent":0,"ForwardResistance":0,"SPSVoltagesIsOffsets":0,"IVVoltages":[],"SPSVoltages":[],"OperatingVoltage":41.3},"Checks":{"SelectedForMeasurement":true,"DMMResistanceOK":true,"RForwardDone":true,"RForwardOK":true,"IDarkDone":true,"IDarkOK":true,"IVDone":true,"IVTemperatureOK":true,"IVMeasurementOK":true,"IVVoltageCheckOK":true,"IVCurrentCheckOK":true,"IVVbrOK":true},"Temperatures":[{"Block":0,"Module1":[25.0,24.953,25.0,25.039,25.016,24.977,24.969,25.055],"Module2":[25.031,24.992,24.992,24.961,25.047,25.016,24.961,25.0],"Pulser":28.203,"ControlTemperature":28.109,"Timestamp":1732543309},{"Block":0,"Module1":[25.008,24.945,25.0,25.039,25.016,24.977,24.984,25.047],"Module2":[25.039,24.992,24.992,24.969,25.047,25.016,24.961,25.0],"Pulser":28.211,"ControlTemperature":28.117,"Timestamp":1732543332}],"DMMResistanceResult":{"Identifier":{"Type":2,"ID":"163ccccd-90a2-4d01-927e-9ff420e83ea6"},"StartTimestamp":1732538725,"EndTimestamp":1732538727,"ErrorHappened":false,"ErrorMessage":null,"CorrectionPercentage":0,"Voltages":[29.999998232735635,29.999998232735635,29.999998232735635,29.999998232735635,29.999998232735635,29.999998232735635],"Currents":[3.2440074053843686E-06,3.2197004752997234E-06,3.2082222027597597E-06,3.201245213568782E-06,3.198544443559374E-06,3.196068737717437E-06],"Resistance":9342263.176130798},"IVMeasurementID":{"Type":0,"ID":"9f643b59-afe2-417a-89f3-0b875bd1dfe6"},"SPSMeasurementID":{"Type":999,"ID":"1284f6b8-0ea2-4b3b-b583-50c76d2e1bba"},"IVResult":{"Identifier":{"Type":0,"ID":"9f643b59-afe2-417a-89f3-0b875bd1dfe6"},"StartTimestamp":1732543311,"EndTimestamp":1732543334,"ErrorHappened":false,"ErrorMessage":null,"Temperatures":[{"Block":0,"Module1":[25.0,24.953,25.0,25.039,25.016,24.977,24.969,25.055],"Module2":[25.031,24.992,24.992,24.961,25.047,25.016,24.961,25.0],"Pulser":28.203,"ControlTemperature":28.109,"Timestamp":1732543309},{"Block":0,"Module1":[25.008,24.945,25.0,25.039,25.016,24.977,24.984,25.047],"Module2":[25.039,24.992,24.992,24.969,25.047,25.016,24.961,25.0],"Pulser":28.211,"ControlTemperature":28.117,"Timestamp":1732543332}],"SMUVoltage":[37.47999898932881,37.49999891111814,37.51999883290747,37.539998754696796,37.559998676486124,37.57999859827545,37.59999852006478,37.61999844185411,37.639998363643436,37.65999828543276,37.67999820722209,37.70000187993449,37.71999805080075,37.73999797259008,37.7599978943794,37.77999781616874,37.79999773795806,37.81999765974739,37.839997581536714,37.85999750332605,37.87999742511537,37.899997346904705,37.919997268694026,37.93999719048336,37.95999711227268,37.979997034062016,37.99999695585134,38.01999687764067,38.040000550353064,38.05999672121933,38.08000039393172,38.09999656479798,38.11999648658731,38.13999640837664,38.15999633016597,38.18000000287836,38.19999992466769,38.219999846457014,38.23999976824634,38.25999969003567,38.279995860901934,38.299999533614326,38.319999455403654,38.33999937719298,38.35999929898231,38.37999922077164,38.39999914256097,38.41999906435029,38.43999898613963,38.45999890792895,38.479998829718284,38.499998751507604,38.51999867329694,38.53999859508626,38.559998516875595,38.579998438664916,38.59999836045425,38.61999828224357,38.639998204032906,38.65999812582223,38.67999804761156,38.69999796940088,38.71999789119022,38.73999781297954,38.75999773476887,38.779997656558194,38.79999757834752,38.81999750013686,38.84000117284925,38.85999734371551,38.879997265504834,38.89999718729417,38.91999710908349,38.94000078179589,38.959996952662145,38.97999687445148,38.9999967962408,39.019996718030136,39.03999663981946,39.05999656160879,39.07999648339811,39.10000015611051,39.12000007789984,39.13999999968917,39.159999921478494,39.17999984326782,39.19999976505715,39.21999968684648,39.23999585771274,39.259999530425134,39.27999945221446,39.299995623080726,39.31999929579312,39.339999217582445,39.35999913937177,39.37999531023804,39.39999898295043,39.41999890473976,39.439998826529084,39.45999874831841],"SMUCurrent":[4.990730408967051E-06,4.962147259700864E-06,4.973400468073384E-06,4.99365624314393E-06,5.018413301563463E-06,5.046096194159848E-06,5.074229215091175E-06,5.104387813529524E-06,5.1354466686376755E-06,5.169881486257594E-06,5.206116817217118E-06,5.244152661516247E-06,5.286689789164362E-06,5.32877678847759E-06,5.375815199474719E-06,5.423978931309121E-06,5.476193818157595E-06,5.534935565862159E-06,5.596603147743574E-06,5.662772012974003E-06,5.730741391544037E-06,5.809063721816789E-06,5.892562527940885E-06,5.9855140290979234E-06,6.087468096952961E-06,6.1963991539989494E-06,6.3224350877711885E-06,6.458823973246145E-06,6.61411824878693E-06,6.786067272719051E-06,6.987274638419719E-06,7.217515281721489E-06,7.481065421805931E-06,7.798180833743591E-06,8.170436966706577E-06,8.622590879114476E-06,9.171747447693485E-06,9.84964072005414E-06,1.0701733658021438E-05,1.1789918907644182E-05,1.3186892195008945E-05,1.5014413234706343E-05,1.7441730280659117E-05,2.0654746335181288E-05,2.489900640496127E-05,3.0503104174476678E-05,3.7811387819926666E-05,4.722244598186589E-05,5.910830972908994E-05,7.379824793857873E-05,9.145048072004995E-05,0.00011242511074142422,0.00013651440377614483,0.00016360875357466343,0.00019352293232716833,0.00022598168655686766,0.00026087135885919895,0.00029780934014949647,0.00033654873503606716,0.00037722345669854404,0.0004191250031377931,0.00046227453038555474,0.000506850964454952,0.0005527455993531063,0.0005994997543067539,0.0006474224424178041,0.0006955845988030214,0.0007450035134992819,0.0007959400358766606,0.0008462315243501264,0.0008990921202950387,0.0009522369722834409,0.0010055141620023038,0.001058726983369276,0.001114872840966462,0.0011703297771470823,0.001228281324559723,0.001285457976043832,0.0013425668832135384,0.0014002231464384843,0.001459373385606966,0.0015186129752499254,0.0015780602991194417,0.001638510508919117,0.0016984698537695828,0.0017586164520073675,0.0018210364234005688,0.0018829137650860472,0.0019465072210483351,0.0020073571448094023,0.0020715175374094977,0.0021352034947446077,0.0021980049499016373,0.002262939338173595,0.002327235444466663,0.002392975562458093,0.002456281386414379,0.0025231198175429672,0.0025898367140211316,0.0026555676043816963],