{"IsIVDone":true,"IsSPSDone":false,"SiPMLocation":{"Block":0,"Module":1,"Array":0,"SiPM":1},"Barcode":"00548","SiPMMeasurementDetails":{"DMMResistance":0,"IV":1,"SPS":0,"DarkCurrent":0,"ForwardResistance":0,"SPSVoltagesIsOffsets":0,"IVVoltages":[],"SPSVoltages":[],"OperatingVoltage":41.25},"Checks":{"SelectedForMeasurement":true,"DMMResistanceOK":true,"RForwardDone":true,"RForwardOK":true,"IDarkDone":true,"IDarkOK":true,"IVDone":true,"IVTemperatureOK":true,"IVMeasurementOK":true,"IVVoltageCheckOK":true,"IVCurrentCheckOK":true,"IVVbrOK":true},"Temperatures":[{"Block":0,"Module1":[25.0,24.953,25.0,25.039,25.016,24.977,24.969,25.047],"Module2":[25.039,24.992,24.984,24.961,25.055,25.016,24.961,25.0],"Pulser":28.219,"ControlTemperature":28.164,"Timestamp":1732543470},{"Block":0,"Module1":[25.0,24.953,25.0,25.039,25.016,24.984,24.977,25.047],"Module2":[25.039,24.992,24.992,24.961,25.055,25.016,24.961,25.0],"Pulser":28.219,"ControlTemperature":28.172,"Timestamp":1732543493}],"DMMResistanceResult":{"Identifier":{"Type":2,"ID":"163ccccd-90a2-4d01-927e-9ff420e83ea6"},"StartTimestamp":1732538725,"EndTimestamp":1732538727,"ErrorHappened":false,"ErrorMessage":null,"CorrectionPercentage":0,"Voltages":[29.999998232735635,29.999998232735635,29.999998232735635,29.999998232735635,29.999998232735635,29.999998232735635],"Currents":[3.2440074053843686E-06,3.2197004752997234E-06,3.2082222027597597E-06,3.201245213568782E-06,3.198544443559374E-06,3.196068737717437E-06],"Resistance":9342263.176130798},"IVMeasurementID":{"Type":0,"ID":"287bd0fc-693b-4e04-b52f-ffe0686800ff"},"SPSMeasurementID":{"Type":999,"ID":"cdfcc01f-7d37-48c0-8fbc-3f042f9bb871"},"IVResult":{"Identifier":{"Type":0,"ID":"287bd0fc-693b-4e04-b52f-ffe0686800ff"},"StartTimestamp":1732543472,"EndTimestamp":1732543495,"ErrorHappened":false,"ErrorMessage":null,"Temperatures":[{"Block":0,"Module1":[25.0,24.953,25.0,25.039,25.016,24.977,24.969,25.047],"Module2":[25.039,24.992,24.984,24.961,25.055,25.016,24.961,25.0],"Pulser":28.219,"ControlTemperature":28.164,"Timestamp":1732543470},{"Block":0,"Module1":[25.0,24.953,25.0,25.039,25.016,24.984,24.977,25.047],"Module2":[25.039,24.992,24.992,24.961,25.055,25.016,24.961,25.0],"Pulser":28.219,"ControlTemperature":28.172,"Timestamp":1732543493}],"SMUVoltage":[37.43999539482709,37.459999067539485,37.47999898932881,37.49999891111814,37.51999883290747,37.539998754696796,37.559998676486124,37.57999859827545,37.59999852006478,37.61999844185411,37.639998363643436,37.65999828543276,37.68000195814516,37.699998129011426,37.71999805080075,37.73999797259008,37.7599978943794,37.77999781616874,37.79999773795806,37.81999765974739,37.839997581536714,37.85999750332605,37.88000117603844,37.899997346904705,37.9200010196171,37.940000941406424,37.95999711227268,37.979997034062016,37.99999695585134,38.020000628563736,38.03999679942999,38.05999672121933,38.08000039393172,38.10000031572105,38.11999648658731,38.1400001592997,38.15999633016597,38.18000000287836,38.19999617374462,38.219999846457014,38.23999601732328,38.25999969003567,38.279999611825,38.299999533614326,38.319999455403654,38.33999937719298,38.35999929898231,38.37999922077164,38.39999914256097,38.41999906435029,38.43999898613963,38.45999890792895,38.479998829718284,38.499998751507604,38.51999867329694,38.53999859508626,38.559998516875595,38.579998438664916,38.59999836045425,38.61999828224357,38.639998204032906,38.65999812582223,38.67999804761156,38.69999796940088,38.71999789119022,38.73999781297954,38.75999773476887,38.779997656558194,38.79999757834752,38.81999750013686,38.83999742192618,38.85999734371551,38.879997265504834,38.89999718729417,38.91999710908349,38.939997030872824,38.959996952662145,38.980000625374544,38.9999967962408,39.0200004689532,39.04000039074253,39.060000312531855,39.07999648339811,39.09999640518745,39.12000007789984,39.13999999968917,39.159999921478494,39.17999984326782,39.19999976505715,39.219995935923414,39.239999608635806,39.259999530425134,39.27999945221446,39.29999937400379,39.31999929579312,39.339999217582445,39.35999913937177,39.3799990611611,39.39999898295043,39.41999890473976],"SMUCurrent":[4.831610042579611E-06,4.802801829145953E-06,4.8120294600114235E-06,4.827783951732957E-06,4.8451138926266515E-06,4.868520566041494E-06,4.892602431958695E-06,4.917359490378228E-06,4.9463927679793305E-06,4.972275147236137E-06,5.002433745674486E-06,5.033717664950082E-06,5.071303380914323E-06,5.105738198534214E-06,5.14489936367059E-06,5.1876615554861765E-06,5.227722977292355E-06,5.2749864524569276E-06,5.326076018468182E-06,5.381441803660979E-06,5.436132396351444E-06,5.5027513899167605E-06,5.571846089324041E-06,5.64926816292699E-06,5.732766969051087E-06,5.818741481017147E-06,5.92249606221179E-06,6.037053723444066E-06,6.167590940565318E-06,6.3116320077335835E-06,6.475028593302566E-06,6.663182237291135E-06,6.884870442229793E-06,7.131765833922899E-06,7.435377395813492E-06,7.797280577073788E-06,8.235705575267176E-06,8.776759833817988E-06,9.46005464619746E-06,1.031799925251846E-05,1.1431166624728236E-05,1.28702269114062E-05,1.4773819639701856E-05,1.7295888700151246E-05,2.0615810234212356E-05,2.502346688956135E-05,3.0719840967731435E-05,3.8166989204498316E-05,4.75805230722795E-05,5.932212068816783E-05,7.362202269546506E-05,9.068188658820675E-05,0.00011035789636339212,0.00013299372500471794,0.00015810886051467757,0.00018555250990107922,0.00021527605930375362,0.00024666935976474266,0.00027990413524381103,0.0003144652138616647,0.0003508848723743239,0.00038827185667868506,0.00042667162973657305,0.0004657200377250532,0.0005061949024068341,0.000548040407868388,0.0005902185581694336,0.0006336163311938931,0.0006774399256231687,0.0007223910915313709,0.0007676166106596953,0.0008141022640615744,0.0008610114882265952,0.0009083674647640053,0.0009557506740656768,0.001004859225275023,0.0010532437450576815,0.0011034398063241482,0.0011536995607500035,0.0012046097506197904,0.001256202335045287,0.001309631893205514,0.001362795650583982,0.0014151577293979917,0.0014683322898564972,0.0015199633602546278,0.0015742022491610065,0.0016287060385924744,0.001684526903531862,0.0017376575764777146,0.001793913490452784,0.001850893210790374,0.001906977625869846,0.00196316512033801,0.002019422384698084,0.0020773127146571785,0.002134190705991081,0.0021929887197375026,0.002250267550353634,0.0023090549860841857],