{"IsIVDone":true,"IsSPSDone":false,"SiPMLocation":{"Block":0,"Module":1,"Array":3,"SiPM":10},"Barcode":"00546","SiPMMeasurementDetails":{"DMMResistance":0,"IV":1,"SPS":0,"DarkCurrent":0,"ForwardResistance":0,"SPSVoltagesIsOffsets":0,"IVVoltages":[],"SPSVoltages":[],"OperatingVoltage":41.31},"Checks":{"SelectedForMeasurement":true,"DMMResistanceOK":true,"RForwardDone":true,"RForwardOK":true,"IDarkDone":true,"IDarkOK":true,"IVDone":true,"IVTemperatureOK":true,"IVMeasurementOK":true,"IVVoltageCheckOK":true,"IVCurrentCheckOK":true,"IVVbrOK":true},"Temperatures":[{"Block":0,"Module1":[25.008,24.945,24.992,25.039,25.016,24.977,24.969,25.055],"Module2":[25.039,24.992,24.977,24.961,25.047,25.008,24.953,25.008],"Pulser":28.398,"ControlTemperature":28.562,"Timestamp":1732544715},{"Block":0,"Module1":[25.008,24.945,25.0,25.039,25.016,24.977,24.969,25.055],"Module2":[25.047,24.984,24.984,24.969,25.047,25.016,24.953,25.008],"Pulser":28.398,"ControlTemperature":28.562,"Timestamp":1732544738}],"DMMResistanceResult":{"Identifier":{"Type":2,"ID":"163ccccd-90a2-4d01-927e-9ff420e83ea6"},"StartTimestamp":1732538725,"EndTimestamp":1732538727,"ErrorHappened":false,"ErrorMessage":null,"CorrectionPercentage":0,"Voltages":[29.999998232735635,29.999998232735635,29.999998232735635,29.999998232735635,29.999998232735635,29.999998232735635],"Currents":[3.2440074053843686E-06,3.2197004752997234E-06,3.2082222027597597E-06,3.201245213568782E-06,3.198544443559374E-06,3.196068737717437E-06],"Resistance":9342263.176130798},"IVMeasurementID":{"Type":0,"ID":"8cf219dc-e8b2-4aa3-be45-fc81a70bd58c"},"SPSMeasurementID":{"Type":999,"ID":"a08225dc-4537-4052-a832-0d9fc94ae886"},"IVResult":{"Identifier":{"Type":0,"ID":"8cf219dc-e8b2-4aa3-be45-fc81a70bd58c"},"StartTimestamp":1732544718,"EndTimestamp":1732544740,"ErrorHappened":false,"ErrorMessage":null,"Temperatures":[{"Block":0,"Module1":[25.008,24.945,24.992,25.039,25.016,24.977,24.969,25.055],"Module2":[25.039,24.992,24.977,24.961,25.047,25.008,24.953,25.008],"Pulser":28.398,"ControlTemperature":28.562,"Timestamp":1732544715},{"Block":0,"Module1":[25.008,24.945,25.0,25.039,25.016,24.977,24.969,25.055],"Module2":[25.047,24.984,24.984,24.969,25.047,25.016,24.953,25.008],"Pulser":28.398,"ControlTemperature":28.562,"Timestamp":1732544738}],"SMUVoltage":[37.49999891111814,37.51999883290747,37.539998754696796,37.559998676486124,37.57999859827545,37.59999852006478,37.61999844185411,37.639998363643436,37.65999828543276,37.67999820722209,37.699998129011426,37.71999805080075,37.73999797259008,37.7599978943794,37.77999781616874,37.79999773795806,37.81999765974739,37.839997581536714,37.85999750332605,37.87999742511537,37.90000109782777,37.919997268694026,37.93999719048336,37.95999711227268,37.979997034062016,37.99999695585134,38.01999687764067,38.040000550353064,38.05999672121933,38.079996643008656,38.09999656479798,38.11999648658731,38.13999640837664,38.16000008108903,38.179996251955295,38.19999617374462,38.219999846457014,38.23999976824634,38.259995939112606,38.279999611825,38.299999533614326,38.319999455403654,38.33999937719298,38.359995548059246,38.37999922077164,38.39999914256097,38.41999906435029,38.43999898613963,38.45999890792895,38.479998829718284,38.499998751507604,38.51999867329694,38.53999859508626,38.559998516875595,38.579998438664916,38.59999836045425,38.61999828224357,38.639998204032906,38.65999812582223,38.67999804761156,38.69999796940088,38.71999789119022,38.73999781297954,38.75999773476887,38.779997656558194,38.80000132927059,38.81999750013686,38.84000117284925,38.85999734371551,38.879997265504834,38.89999718729417,38.91999710908349,38.939997030872824,38.960000703585216,38.97999687445148,38.9999967962408,39.019996718030136,39.03999663981946,39.05999656160879,39.07999648339811,39.09999640518745,39.12000007789984,39.13999999968917,39.159996170555424,39.17999609234476,39.19999976505715,39.219995935923414,39.239999608635806,39.259999530425134,39.27999945221446,39.29999937400379,39.31999929579312,39.339999217582445,39.35999913937177,39.3799990611611,39.39999898295043,39.41999890473976,39.439998826529084,39.45999874831841,39.47999867010774],"SMUCurrent":[4.365952280124699E-06,4.322965024141669E-06,4.320714382467149E-06,4.32454047331383E-06,4.330392141667534E-06,4.340069900867893E-06,4.349747660068251E-06,4.361000868440798E-06,4.37292926931565E-06,4.3846326060230844E-06,4.3981364560701246E-06,4.4089395361077296E-06,4.424018835326904E-06,4.4393231987135495E-06,4.456428075439773E-06,4.476233722175405E-06,4.491763149729494E-06,4.509993347292965E-06,4.5295739298611525E-06,4.5543309882807126E-06,4.5793131108677165E-06,4.605870682626855E-06,4.635354088562872E-06,4.665062558666306E-06,4.700397632956027E-06,4.737758284752798E-06,4.779620219898554E-06,4.824633053388661E-06,4.87729806857205E-06,4.935589687941698E-06,4.998832718995275E-06,5.0724287017515695E-06,5.160428791224679E-06,5.265758821591484E-06,5.386393215344907E-06,5.529759090010814E-06,5.70688458979428E-06,5.923171254714149E-06,6.197299410668752E-06,6.545023549379649E-06,6.9911007292663735E-06,7.574241987130413E-06,8.341260669801452E-06,9.35314916665852E-06,1.0702633914691213E-05,1.2490768725084792E-05,1.484291433910911E-05,1.787295322549411E-05,2.177106460573536E-05,2.6651581076897658E-05,3.263693754607409E-05,3.982143589942633E-05,4.8254140125458616E-05,5.788193508065261E-05,6.870144480249656E-05,8.062534439401973E-05,9.371732701461056E-05,0.0001076285432047209,0.00012252464019159428,0.00013796314182202318,0.00015417428873930935,0.00017108628547403613,0.00018860910635922336,0.00020666127816625394,0.00022528443776610626,0.0002443971119301632,0.0002641694491690174,0.00028428163330072165,0.0003050888155815128,0.000326227292316791,0.00034777673622183366,0.00036982267168027196,0.0003924695284658028,0.0004153468509588029,0.00043849109955439923,0.0004620080544112935,0.0004860599867942173,0.0005102984973719576,0.0005350485788023126,0.0005600955198695347,0.0005855831365766248,0.0006114938739185216,0.0006374698798689791,0.0006645365467749013,0.0006908222410197706,0.0007172747078127206,0.0007446393596763471,0.0007719520217172926,0.0008001201526587172,0.0008275586255692674,0.0008564838723699953,0.0008842880745526525,0.00091344108629084,0.0009425893716815112,0.0009713908331901412,0.0010008305766776606,0.0010305620033261957,0.0010597935624588235,0.001089812396049193,0.001120413245576589],