{"IsIVDone":true,"IsSPSDone":false,"SiPMLocation":{"Block":0,"Module":1,"Array":3,"SiPM":7},"Barcode":"00546","SiPMMeasurementDetails":{"DMMResistance":0,"IV":1,"SPS":0,"DarkCurrent":0,"ForwardResistance":0,"SPSVoltagesIsOffsets":0,"IVVoltages":[],"SPSVoltages":[],"OperatingVoltage":41.37},"Checks":{"SelectedForMeasurement":true,"DMMResistanceOK":true,"RForwardDone":true,"RForwardOK":true,"IDarkDone":true,"IDarkOK":true,"IVDone":true,"IVTemperatureOK":true,"IVMeasurementOK":true,"IVVoltageCheckOK":true,"IVCurrentCheckOK":true,"IVVbrOK":true},"Temperatures":[{"Block":0,"Module1":[25.008,24.945,24.992,25.039,25.016,24.984,24.969,25.055],"Module2":[25.047,24.984,24.984,24.969,25.062,25.016,24.953,25.008],"Pulser":28.398,"ControlTemperature":28.578,"Timestamp":1732544785},{"Block":0,"Module1":[25.016,24.945,24.992,25.039,25.016,24.977,24.969,25.055],"Module2":[25.047,24.984,24.984,24.969,25.055,25.016,24.953,25.008],"Pulser":28.406,"ControlTemperature":28.578,"Timestamp":1732544808}],"DMMResistanceResult":{"Identifier":{"Type":2,"ID":"163ccccd-90a2-4d01-927e-9ff420e83ea6"},"StartTimestamp":1732538725,"EndTimestamp":1732538727,"ErrorHappened":false,"ErrorMessage":null,"CorrectionPercentage":0,"Voltages":[29.999998232735635,29.999998232735635,29.999998232735635,29.999998232735635,29.999998232735635,29.999998232735635],"Currents":[3.2440074053843686E-06,3.2197004752997234E-06,3.2082222027597597E-06,3.201245213568782E-06,3.198544443559374E-06,3.196068737717437E-06],"Resistance":9342263.176130798},"IVMeasurementID":{"Type":0,"ID":"7aa58870-7a27-4617-bb95-ce333aa4bed7"},"SPSMeasurementID":{"Type":999,"ID":"ae39a50e-159d-486f-b0b9-e6261d3723b0"},"IVResult":{"Identifier":{"Type":0,"ID":"7aa58870-7a27-4617-bb95-ce333aa4bed7"},"StartTimestamp":1732544788,"EndTimestamp":1732544810,"ErrorHappened":false,"ErrorMessage":null,"Temperatures":[{"Block":0,"Module1":[25.008,24.945,24.992,25.039,25.016,24.984,24.969,25.055],"Module2":[25.047,24.984,24.984,24.969,25.062,25.016,24.953,25.008],"Pulser":28.398,"ControlTemperature":28.578,"Timestamp":1732544785},{"Block":0,"Module1":[25.016,24.945,24.992,25.039,25.016,24.977,24.969,25.055],"Module2":[25.047,24.984,24.984,24.969,25.055,25.016,24.953,25.008],"Pulser":28.406,"ControlTemperature":28.578,"Timestamp":1732544808}],"SMUVoltage":[37.549998715591464,37.56999863738079,37.58999855917012,37.60999848095945,37.629998402748775,37.6499983245381,37.66999824632743,37.68999816811676,37.70999808990609,37.729998011695415,37.74999793348474,37.76999785527407,37.7899977770634,37.809997698852726,37.829997620642054,37.84999754243138,37.87000121514378,37.88999738601004,37.909997307799365,37.93000098051176,37.94999715137802,37.97000082409041,37.98999699495668,38.009996916746005,38.02999683853533,38.04999676032466,38.07000043303706,38.09000035482638,38.110000276615715,38.130000198405035,38.1499963692713,38.16999629106063,38.189996212849955,38.209999885562354,38.22999980735168,38.24999972914101,38.26999965093034,38.289999572719665,38.30999949450899,38.32999941629832,38.34999933808765,38.36999925987698,38.389999181666305,38.40999910345563,38.42999902524496,38.44999894703429,38.469998868823616,38.489998790612944,38.50999871240227,38.5299986341916,38.54999855598093,38.569998477770255,38.58999839955958,38.60999832134891,38.62999824313824,38.64999816492757,38.669998086716895,38.68999800850622,38.70999793029555,38.72999785208488,38.749997773874206,38.769997695663534,38.78999761745286,38.80999753924219,38.82999746103152,38.849997382820845,38.86999730461017,38.890000977322565,38.90999714818883,38.92999706997816,38.949996991767485,38.970000664479876,38.98999683534614,39.01000050805853,39.03000042984787,39.049996600714124,39.07000027342652,39.09000019521584,39.10999636608211,39.1300000387945,39.149999960583834,39.169999882373155,39.18999980416249,39.20999972595181,39.229999647741145,39.249999569530466,39.2699994913198,39.28999941310912,39.30999933489846,39.329995505764714,39.34999917847711,39.36999910026644,39.38999902205577,39.409995192922025,39.429998865634424,39.44999878742375,39.46999870921308,39.48999863100241,39.509998552791735,39.52999847458106],"SMUCurrent":[4.4940137914039875E-06,4.453952369597809E-06,4.456203011272329E-06,4.460254166286428E-06,4.47015698965423E-06,4.481860326361665E-06,4.497164689748283E-06,4.510893603962767E-06,4.526648095684301E-06,4.541502330736031E-06,4.560857849136775E-06,4.579988303370048E-06,4.600469142608039E-06,4.621175046013473E-06,4.640980692749105E-06,4.663712173661616E-06,4.688919360416036E-06,4.7186278305194976E-06,4.749686685627676E-06,4.77939515573111E-06,4.811129203341648E-06,4.847139470133701E-06,4.88855127694457E-06,4.932438789597403E-06,4.977451623087482E-06,5.0287662532661804E-06,5.085707487631139E-06,5.151426224526653E-06,5.224347014780615E-06,5.3082959492395995E-06,5.399446937057032E-06,5.5056772240936124E-06,5.63013770869369E-06,5.776204353369032E-06,5.947478184798794E-06,6.15701292469513E-06,6.412235690583904E-06,6.729126038354093E-06,7.12748961474133E-06,7.63455918400711E-06,8.287020205445902E-06,9.14541494010179E-06,1.0268935264014283E-05,1.1765386913392093E-05,1.373807434109503E-05,1.6362097469399458E-05,1.9791175124674027E-05,2.421931261926101E-05,2.9852668730544964E-05,3.685193927408553E-05,4.537827019377717E-05,5.556354909174585E-05,6.742780667889464E-05,8.091140095084921E-05,9.595559015990497E-05,0.00011238504931961805,0.00013023736414595268,0.00014917516345190068,0.00016928914809694455,0.00019026985485083998,0.0002119941736139916,0.00023482153186181774,0.00025822955566166594,0.0002824059485291899,0.0003072483062681996,0.00033268393315260864,0.00035841169332636826,0.0003852773779307573,0.00041245792730540935,0.00044020811408787845,0.0004688572071551446,0.0004976976047647436,0.0005270034350726299,0.0005570535525822749,0.000587359117921976,0.0006181442950025141,0.0006499089513397963,0.0006818646871552439,0.0007135035326229213,0.0007464443742992995,0.0007797714260870225,0.0008127541296985463,0.0008466244863864948,0.0008809157130675754,0.0009151313181883928,0.0009498618701243366,0.0009845593376276653,0.0010195601916287169,0.0010560680752950166,0.0010921139022255408,0.0011281912381395079,0.001165308820635431,0.0012022258709581555,0.0012390315145179923,0.0012767257114109233,0.001314495754928285,0.0013513011734239543,0.001389658859482529,0.0014284056814866256,0.00146684371545298],