{"IsIVDone":true,"IsSPSDone":false,"SiPMLocation":{"Block":0,"Module":0,"Array":3,"SiPM":15},"Barcode":"00553","SiPMMeasurementDetails":{"DMMResistance":0,"IV":1,"SPS":0,"DarkCurrent":0,"ForwardResistance":0,"SPSVoltagesIsOffsets":0,"IVVoltages":[],"SPSVoltages":[],"OperatingVoltage":41.28},"Checks":{"SelectedForMeasurement":true,"DMMResistanceOK":true,"RForwardDone":true,"RForwardOK":true,"IDarkDone":true,"IDarkOK":true,"IVDone":true,"IVTemperatureOK":true,"IVMeasurementOK":true,"IVVoltageCheckOK":true,"IVCurrentCheckOK":true,"IVVbrOK":true},"Temperatures":[{"Block":0,"Module1":[25.0,24.953,24.992,25.039,25.016,24.984,24.977,25.047],"Module2":[25.039,24.992,24.984,24.961,25.047,25.016,24.961,25.0],"Pulser":28.227,"ControlTemperature":28.125,"Timestamp":1732543355},{"Block":0,"Module1":[25.0,24.945,25.0,25.039,25.016,24.984,24.977,25.055],"Module2":[25.047,24.992,24.984,24.961,25.047,25.016,24.961,24.992],"Pulser":28.227,"ControlTemperature":28.125,"Timestamp":1732543378}],"DMMResistanceResult":{"Identifier":{"Type":2,"ID":"163ccccd-90a2-4d01-927e-9ff420e83ea6"},"StartTimestamp":1732538725,"EndTimestamp":1732538727,"ErrorHappened":false,"ErrorMessage":null,"CorrectionPercentage":0,"Voltages":[29.999998232735635,29.999998232735635,29.999998232735635,29.999998232735635,29.999998232735635,29.999998232735635],"Currents":[3.2440074053843686E-06,3.2197004752997234E-06,3.2082222027597597E-06,3.201245213568782E-06,3.198544443559374E-06,3.196068737717437E-06],"Resistance":9342263.176130798},"IVMeasurementID":{"Type":0,"ID":"e4ff2c25-bd59-4a3e-a388-1aae04e72311"},"SPSMeasurementID":{"Type":999,"ID":"99a56319-7e07-47c8-816f-36402d2d0e27"},"IVResult":{"Identifier":{"Type":0,"ID":"e4ff2c25-bd59-4a3e-a388-1aae04e72311"},"StartTimestamp":1732543358,"EndTimestamp":1732543380,"ErrorHappened":false,"ErrorMessage":null,"Temperatures":[{"Block":0,"Module1":[25.0,24.953,24.992,25.039,25.016,24.984,24.977,25.047],"Module2":[25.039,24.992,24.984,24.961,25.047,25.016,24.961,25.0],"Pulser":28.227,"ControlTemperature":28.125,"Timestamp":1732543355},{"Block":0,"Module1":[25.0,24.945,25.0,25.039,25.016,24.984,24.977,25.055],"Module2":[25.047,24.992,24.984,24.961,25.047,25.016,24.961,24.992],"Pulser":28.227,"ControlTemperature":28.125,"Timestamp":1732543378}],"SMUVoltage":[37.469999028434145,37.48999895022348,37.509995121089744,37.529998793802136,37.549998715591464,37.56999863738079,37.58999855917012,37.60999848095945,37.629998402748775,37.6499983245381,37.66999449540436,37.68999816811676,37.70999808990609,37.729998011695415,37.74999793348474,37.770001606197134,37.7899977770634,37.809997698852726,37.829997620642054,37.84999754243138,37.86999746422071,37.88999738601004,37.910001058722436,37.92999722958869,37.95000090230109,37.96999707316735,37.98999699495668,38.009996916746005,38.0300005894584,38.04999676032466,38.07000043303706,38.089996603903316,38.109996525692644,38.130000198405035,38.15000012019437,38.17000004198369,38.189999963773026,38.209999885562354,38.22999605642861,38.24999972914101,38.26999965093034,38.289999572719665,38.30999949450899,38.32999941629832,38.34999933808765,38.36999925987698,38.389999181666305,38.40999535253256,38.42999902524496,38.44999894703429,38.469998868823616,38.489998790612944,38.50999871240227,38.5299986341916,38.54999855598093,38.569998477770255,38.58999839955958,38.60999832134891,38.62999824313824,38.64999816492757,38.669998086716895,38.68999800850622,38.70999793029555,38.72999785208488,38.749997773874206,38.769997695663534,38.78999761745286,38.80999753924219,38.82999746103152,38.849997382820845,38.86999730461017,38.890000977322565,38.90999714818883,38.93000082090122,38.950000742690555,38.970000664479876,38.98999683534614,39.00999675713547,39.029996678924796,39.049996600714124,39.06999652250345,39.09000019521584,39.11000011700518,39.129996287871435,39.149999960583834,39.16999613145009,39.18999980416249,39.20999972595181,39.229999647741145,39.249999569530466,39.26999574039673,39.28999941310912,39.30999933489846,39.329999256687785,39.34999917847711,39.36999910026644,39.38999902205577,39.409998943845096,39.429998865634424,39.44999878742375],"SMUCurrent":[4.713226290500709E-06,4.675640574536467E-06,4.684193012899606E-06,4.697696862946619E-06,4.714351611337928E-06,4.732131680566538E-06,4.75328771230686E-06,4.7757941290519E-06,4.797625353294608E-06,4.821932283379253E-06,4.8451138926266515E-06,4.875722619399915E-06,4.901379934489251E-06,4.930413212090353E-06,4.9625973880357515E-06,4.99703220565567E-06,5.034617921619884E-06,5.070628188411964E-06,5.113390380227551E-06,5.157052828712913E-06,5.2070170738869204E-06,5.25990715323778E-06,5.314597745928218E-06,5.375815199474719E-06,5.4424341930400626E-06,5.517830689135935E-06,5.601104431092588E-06,5.6920303547425765E-06,5.792859101760368E-06,5.9056162496530105E-06,6.0316521834252496E-06,6.180644662277416E-06,6.3471921461907485E-06,6.541197458532995E-06,6.770987973499877E-06,7.043765744449789E-06,7.371909300592499E-06,7.7727485828217E-06,8.2719409062267E-06,8.895368650064389E-06,9.68466868531297E-06,1.0707585326375142E-05,1.204626699437023E-05,1.3820897954716768E-05,1.6155938692014862E-05,1.9263624716170228E-05,2.337554705548938E-05,2.8767409315099058E-05,3.5769155564481574E-05,4.462970677283707E-05,5.567968220215027E-05,6.908810504217639E-05,8.498146135502256E-05,0.00010346575636355797,0.00012421397183247712,0.00014727697226362384,0.00017241033797114696,0.00019919229870524435,0.00022775924335139105,0.0002576295345912431,0.00028886078885166785,0.00032108817711722814,0.0003544696944334742,0.0003888777294174616,0.0004242548907064905,0.0004601771574090843,0.0004967154247379899,0.0005342739079379483,0.0005729887708302668,0.0006117337923210238,0.0006509917350494002,0.0006912007989494222,0.000731871469456885,0.0007738011489170653,0.0008156867158004254,0.0008583534804090059,0.0009020755708987613,0.0009452782132900414,0.0009889600172938232,0.0010329346297794579,0.0010789823083114788,0.0011241425588312424,0.0011697187279324545,0.0012157015879842494,0.0012617098802869661,0.0013104497763900289,0.001356570150648136,0.0014042443679183208,0.001452330902743275,0.001501360906558181,0.0015495739274452422,0.0015981981405662352,0.0016481592348418837,0.0016969788036602237,0.001747064133356305,0.0017967963373736564,0.0018466163164163134,0.0018971556005381422,0.0019479939949385125,0.001999682906827678],