{"IsIVDone":true,"IsSPSDone":false,"SiPMLocation":{"Block":0,"Module":1,"Array":0,"SiPM":6},"Barcode":"00548","SiPMMeasurementDetails":{"DMMResistance":0,"IV":1,"SPS":0,"DarkCurrent":0,"ForwardResistance":0,"SPSVoltagesIsOffsets":0,"IVVoltages":[],"SPSVoltages":[],"OperatingVoltage":41.21},"Checks":{"SelectedForMeasurement":true,"DMMResistanceOK":true,"RForwardDone":true,"RForwardOK":true,"IDarkDone":true,"IDarkOK":true,"IVDone":true,"IVTemperatureOK":true,"IVMeasurementOK":true,"IVVoltageCheckOK":true,"IVCurrentCheckOK":true,"IVVbrOK":true},"Temperatures":[{"Block":0,"Module1":[25.0,24.945,25.0,25.039,25.016,24.977,24.969,25.047],"Module2":[25.039,24.992,24.992,24.961,25.047,25.016,24.961,25.0],"Pulser":28.219,"ControlTemperature":28.211,"Timestamp":1732543585},{"Block":0,"Module1":[25.0,24.945,24.992,25.039,25.016,24.984,24.969,25.047],"Module2":[25.031,24.992,24.992,24.961,25.047,25.016,24.953,25.0],"Pulser":28.227,"ControlTemperature":28.219,"Timestamp":1732543608}],"DMMResistanceResult":{"Identifier":{"Type":2,"ID":"163ccccd-90a2-4d01-927e-9ff420e83ea6"},"StartTimestamp":1732538725,"EndTimestamp":1732538727,"ErrorHappened":false,"ErrorMessage":null,"CorrectionPercentage":0,"Voltages":[29.999998232735635,29.999998232735635,29.999998232735635,29.999998232735635,29.999998232735635,29.999998232735635],"Currents":[3.2440074053843686E-06,3.2197004752997234E-06,3.2082222027597597E-06,3.201245213568782E-06,3.198544443559374E-06,3.196068737717437E-06],"Resistance":9342263.176130798},"IVMeasurementID":{"Type":0,"ID":"e922bfd1-475a-4ecf-becd-5d7d99574fe6"},"SPSMeasurementID":{"Type":999,"ID":"c8a4f9aa-e594-4a21-a789-b8efdd60d455"},"IVResult":{"Identifier":{"Type":0,"ID":"e922bfd1-475a-4ecf-becd-5d7d99574fe6"},"StartTimestamp":1732543587,"EndTimestamp":1732543610,"ErrorHappened":false,"ErrorMessage":null,"Temperatures":[{"Block":0,"Module1":[25.0,24.945,25.0,25.039,25.016,24.977,24.969,25.047],"Module2":[25.039,24.992,24.992,24.961,25.047,25.016,24.961,25.0],"Pulser":28.219,"ControlTemperature":28.211,"Timestamp":1732543585},{"Block":0,"Module1":[25.0,24.945,24.992,25.039,25.016,24.984,24.969,25.047],"Module2":[25.031,24.992,24.992,24.961,25.047,25.016,24.953,25.0],"Pulser":28.227,"ControlTemperature":28.219,"Timestamp":1732543608}],"SMUVoltage":[37.39999930217151,37.41999922396083,37.439999145750164,37.459999067539485,37.47999898932881,37.49999891111814,37.51999883290747,37.539998754696796,37.559998676486124,37.57999859827545,37.59999852006478,37.61999844185411,37.639998363643436,37.65999828543276,37.68000195814516,37.699998129011426,37.71999805080075,37.73999797259008,37.7599978943794,37.77999781616874,37.79999773795806,37.81999765974739,37.839997581536714,37.85999750332605,37.87999742511537,37.899997346904705,37.919997268694026,37.93999719048336,37.95999711227268,37.98000078498508,37.99999695585134,38.01999687764067,38.03999679942999,38.05999672121933,38.08000039393172,38.09999656479798,38.120000237510375,38.13999640837664,38.16000008108903,38.18000000287836,38.19999617374462,38.219999846457014,38.23999976824634,38.259995939112606,38.279999611825,38.299999533614326,38.319999455403654,38.33999937719298,38.35999929898231,38.37999922077164,38.39999914256097,38.41999906435029,38.43999898613963,38.45999890792895,38.479998829718284,38.499998751507604,38.51999867329694,38.53999859508626,38.559998516875595,38.579998438664916,38.59999836045425,38.61999828224357,38.639998204032906,38.65999812582223,38.67999804761156,38.69999796940088,38.71999789119022,38.73999781297954,38.75999773476887,38.780001407481265,38.80000132927059,38.81999750013686,38.83999742192618,38.85999734371551,38.880001016427904,38.89999718729417,38.91999710908349,38.939997030872824,38.960000703585216,38.980000625374544,38.9999967962408,39.019996718030136,39.03999663981946,39.05999656160879,39.08000023432118,39.09999640518745,39.11999632697677,39.13999999968917,39.159999921478494,39.17999984326782,39.19999976505715,39.21999968684648,39.23999585771274,39.259999530425134,39.27999945221446,39.299995623080726,39.31999929579312,39.339999217582445,39.35999913937177,39.3799990611611],"SMUCurrent":[4.434371787029621E-06,4.391834659381506E-06,4.3927349160513085E-06,4.400387097744618E-06,4.4064638302657925E-06,4.418392231140644E-06,4.428745182843361E-06,4.443824482062536E-06,4.460254166286428E-06,4.4744332088358E-06,4.490412764724777E-06,4.505942192278866E-06,4.523272133172534E-06,4.544428164912883E-06,4.561983169974022E-06,4.580663495872407E-06,4.602494720115088E-06,4.6283770993718945E-06,4.651783772786737E-06,4.679241601215678E-06,4.706699429644646E-06,4.740233990594735E-06,4.77241816654016E-06,4.811129203341648E-06,4.8507404968129114E-06,4.893952816963386E-06,4.9409912279605415E-06,4.993881307311374E-06,5.055098760857902E-06,5.12104256192086E-06,5.194638544677154E-06,5.2808381208106585E-06,5.3767154561445486E-06,5.49352375905129E-06,5.625861489512148E-06,5.783631470894897E-06,5.9769615907347845E-06,6.208777683208716E-06,6.500910972559372E-06,6.8594381913078745E-06,7.321945055418491E-06,7.919040291664458E-06,8.692360771024089E-06,9.716852861258395E-06,1.1067687994295805E-05,1.2859423831368595E-05,1.5214270215402293E-05,1.8303500977826745E-05,2.2303341361755587E-05,2.739496802198641E-05,3.370644246979848E-05,4.1411964370798455E-05,5.0700362561477205E-05,6.151492087163727E-05,7.395916881830578E-05,8.782919826577271E-05,0.00010329920887964466,0.00011995598284848267,0.00013802503446807204,0.00015680663924180945,0.00017662286399331643,0.00019757431240544331,0.00021928242654853852,0.00024173865398423888,0.0002645255006819239,0.0002884207884043023,0.0003125283116365864,0.0003377643066044669,0.00036327668036997655,0.0003896323695709228,0.0004159831073601853,0.00044302074098850636,0.00047121002796167124,0.0004998435916013833,0.0005284238150334096,0.0005578901160926881,0.0005873080283559649,0.0006174749541685166,0.0006486740242529959,0.0006800562965697799,0.0007113886046413898,0.0007430499565258123,0.0007753243832023697,0.0008078094699396607,0.0008408482145288797,0.0008740436037786444,0.000908261909669471,0.0009416387006382005,0.0009756832569917555,0.0010104943818996467,0.0010457547348857689,0.0010810436710211573,0.0011170489864015401,0.0011530804092253475,0.0011889704917519958,0.0012259890460142406,0.0012618525709691298,0.0012985906952787314,0.0013361282475111169,0.0013724527038809445],