{"IsIVDone":true,"IsSPSDone":false,"SiPMLocation":{"Block":0,"Module":0,"Array":3,"SiPM":3},"Barcode":"00553","SiPMMeasurementDetails":{"DMMResistance":0,"IV":1,"SPS":0,"DarkCurrent":0,"ForwardResistance":0,"SPSVoltagesIsOffsets":0,"IVVoltages":[],"SPSVoltages":[],"OperatingVoltage":41.3},"Checks":{"SelectedForMeasurement":true,"DMMResistanceOK":true,"RForwardDone":true,"RForwardOK":true,"IDarkDone":true,"IDarkOK":true,"IVDone":true,"IVTemperatureOK":true,"IVMeasurementOK":true,"IVVoltageCheckOK":true,"IVCurrentCheckOK":true,"IVVbrOK":true},"Temperatures":[{"Block":0,"Module1":[25.008,24.953,25.0,25.031,25.016,24.977,24.984,25.055],"Module2":[25.039,24.992,24.992,24.961,25.047,25.016,24.961,25.0],"Pulser":28.195,"ControlTemperature":28.102,"Timestamp":1732543286},{"Block":0,"Module1":[25.0,24.953,25.0,25.039,25.016,24.977,24.969,25.055],"Module2":[25.031,24.992,24.992,24.961,25.047,25.016,24.961,25.0],"Pulser":28.203,"ControlTemperature":28.109,"Timestamp":1732543309}],"DMMResistanceResult":{"Identifier":{"Type":2,"ID":"163ccccd-90a2-4d01-927e-9ff420e83ea6"},"StartTimestamp":1732538725,"EndTimestamp":1732538727,"ErrorHappened":false,"ErrorMessage":null,"CorrectionPercentage":0,"Voltages":[29.999998232735635,29.999998232735635,29.999998232735635,29.999998232735635,29.999998232735635,29.999998232735635],"Currents":[3.2440074053843686E-06,3.2197004752997234E-06,3.2082222027597597E-06,3.201245213568782E-06,3.198544443559374E-06,3.196068737717437E-06],"Resistance":9342263.176130798},"IVMeasurementID":{"Type":0,"ID":"363178e6-e238-4fb7-88f1-b6f35e8804be"},"SPSMeasurementID":{"Type":999,"ID":"357f9384-a961-4949-b201-2886a655fc9c"},"IVResult":{"Identifier":{"Type":0,"ID":"363178e6-e238-4fb7-88f1-b6f35e8804be"},"StartTimestamp":1732543288,"EndTimestamp":1732543311,"ErrorHappened":false,"ErrorMessage":null,"Temperatures":[{"Block":0,"Module1":[25.008,24.953,25.0,25.031,25.016,24.977,24.984,25.055],"Module2":[25.039,24.992,24.992,24.961,25.047,25.016,24.961,25.0],"Pulser":28.195,"ControlTemperature":28.102,"Timestamp":1732543286},{"Block":0,"Module1":[25.0,24.953,25.0,25.039,25.016,24.977,24.969,25.055],"Module2":[25.031,24.992,24.992,24.961,25.047,25.016,24.961,25.0],"Pulser":28.203,"ControlTemperature":28.109,"Timestamp":1732543309}],"SMUVoltage":[37.47999523840575,37.49999891111814,37.51999883290747,37.539998754696796,37.559998676486124,37.57999859827545,37.599994769141716,37.61999844185411,37.639998363643436,37.65999828543276,37.67999820722209,37.699998129011426,37.71999805080075,37.73999797259008,37.760001645302474,37.77999781616874,37.80000148888113,37.81999765974739,37.839997581536714,37.86000125424911,37.88000117603844,37.899997346904705,37.919997268694026,37.940000941406424,37.95999711227268,37.98000078498508,37.99999695585134,38.01999687764067,38.03999679942999,38.05999672121933,38.08000039393172,38.09999656479798,38.120000237510375,38.13999640837664,38.16000008108903,38.179996251955295,38.19999992466769,38.219999846457014,38.23999601732328,38.259995939112606,38.279995860901934,38.299999533614326,38.319999455403654,38.33999937719298,38.35999929898231,38.37999922077164,38.39999914256097,38.41999906435029,38.43999898613963,38.45999890792895,38.479998829718284,38.499998751507604,38.51999867329694,38.53999859508626,38.559998516875595,38.579998438664916,38.59999836045425,38.61999828224357,38.639998204032906,38.65999812582223,38.67999804761156,38.69999796940088,38.71999789119022,38.73999781297954,38.75999773476887,38.779997656558194,38.79999757834752,38.82000125105992,38.83999742192618,38.85999734371551,38.879997265504834,38.90000093821723,38.91999710908349,38.939997030872824,38.959996952662145,38.97999687445148,39.00000054716387,39.0200004689532,39.04000039074253,39.05999656160879,39.08000023432118,39.09999640518745,39.12000007789984,39.1399962487661,39.159996170555424,39.17999609234476,39.19999976505715,39.21999968684648,39.239999608635806,39.259999530425134,39.2799957012914,39.299995623080726,39.31999929579312,39.339999217582445,39.35999913937177,39.3799990611611,39.39999898295043,39.41999890473976,39.439998826529084,39.45999874831841],"SMUCurrent":[5.358935386915939E-06,5.339129740180307E-06,5.3605108360881E-06,5.388868921186844E-06,5.424429059644009E-06,5.457513492259237E-06,5.498925299070106E-06,5.538536592541369E-06,5.584224618533808E-06,5.6290123878564434E-06,5.678976633030451E-06,5.730966455711481E-06,5.786782369239193E-06,5.843723603604151E-06,5.907866891327531E-06,5.971785114883439E-06,6.0429053917977695E-06,6.118977080396028E-06,6.200450309013075E-06,6.28800027015127E-06,6.380276578805949E-06,6.486056737507642E-06,6.59723843622815E-06,6.72124879249334E-06,6.855387036293776E-06,7.0021288734714495E-06,7.160123919021643E-06,7.34310108715884E-06,7.544758581194423E-06,7.775224288663636E-06,8.029546797882608E-06,8.330232525596376E-06,8.677956664307273E-06,9.079246074871362E-06,9.55165576234978E-06,1.0114991373478188E-05,1.0805488239216081E-05,1.1649478867155154E-05,1.2696252309967029E-05,1.4017829101235893E-05,1.5711662025467743E-05,1.7898610540583446E-05,2.07767311139394E-05,2.454880656040841E-05,2.9542755371965738E-05,3.607366738304198E-05,4.4699476664746696E-05,5.574720145238539E-05,6.980741012134792E-05,8.72269265536754E-05,0.00010840794041660171,0.0001335350043274362,0.00016247645574822038,0.00019569547673556722,0.00023247096169696558,0.00027232149837823897,0.000315353767194759,0.0003615313077513985,0.00040990592471068906,0.0004603414542513231,0.0005127168118512122,0.0005670342481520312,0.0006224842073434605,0.0006795323471879553,0.0007373801400194013,0.000796514399631994,0.000856729642440851,0.0009184107281723126,0.0009809934209585808,0.0010444369841853467,0.001108876681417248,0.0011738529316243512,0.0012411946062313582,0.0013070787652899566,0.001374882271568572,0.001443109348610329,0.0015126222172407303,0.0015829770509215634,0.0016532537873362914,0.0017243839670739913,0.0017955710880460565,0.001867515549941592,0.0019403375370260166,0.002013393140716255,0.002087358003642993,0.0021611957053151217,0.0022350160770463565,0.002310441831484015,0.002385391350143349,0.0024612267213657674,0.002538496876655682,0.002614902335414252,0.002691632561766454,0.002769525469607704,0.002847337804477007,0.0029254253928231015,0.003004492235361773,0.003081975751482431,0.003160810777928628,0.003240625508695738],