{"IsIVDone":true,"IsSPSDone":false,"SiPMLocation":{"Block":0,"Module":0,"Array":1,"SiPM":3},"Barcode":"00552","SiPMMeasurementDetails":{"DMMResistance":0,"IV":1,"SPS":0,"DarkCurrent":0,"ForwardResistance":0,"SPSVoltagesIsOffsets":0,"IVVoltages":[],"SPSVoltages":[],"OperatingVoltage":41.29},"Checks":{"SelectedForMeasurement":true,"DMMResistanceOK":true,"RForwardDone":true,"RForwardOK":true,"IDarkDone":true,"IDarkOK":true,"IVDone":true,"IVTemperatureOK":true,"IVMeasurementOK":true,"IVVoltageCheckOK":true,"IVCurrentCheckOK":true,"IVVbrOK":true},"Temperatures":[{"Block":0,"Module1":[25.0,24.953,25.008,25.031,25.008,24.984,24.977,25.039],"Module2":[25.031,24.992,24.992,24.969,25.039,25.016,24.961,25.0],"Pulser":27.602,"ControlTemperature":27.844,"Timestamp":1732542550},{"Block":0,"Module1":[25.0,24.953,25.008,25.031,25.008,24.984,24.977,25.039],"Module2":[25.031,24.992,24.992,24.961,25.047,25.023,24.961,25.0],"Pulser":27.648,"ControlTemperature":27.859,"Timestamp":1732542573}],"DMMResistanceResult":{"Identifier":{"Type":2,"ID":"163ccccd-90a2-4d01-927e-9ff420e83ea6"},"StartTimestamp":1732538725,"EndTimestamp":1732538727,"ErrorHappened":false,"ErrorMessage":null,"CorrectionPercentage":0,"Voltages":[29.999998232735635,29.999998232735635,29.999998232735635,29.999998232735635,29.999998232735635,29.999998232735635],"Currents":[3.2440074053843686E-06,3.2197004752997234E-06,3.2082222027597597E-06,3.201245213568782E-06,3.198544443559374E-06,3.196068737717437E-06],"Resistance":9342263.176130798},"IVMeasurementID":{"Type":0,"ID":"c02fc744-1a07-4dea-b194-f712b550919f"},"SPSMeasurementID":{"Type":999,"ID":"270879a1-c35d-410d-b33a-b54dc6613e1f"},"IVResult":{"Identifier":{"Type":0,"ID":"c02fc744-1a07-4dea-b194-f712b550919f"},"StartTimestamp":1732542552,"EndTimestamp":1732542575,"ErrorHappened":false,"ErrorMessage":null,"Temperatures":[{"Block":0,"Module1":[25.0,24.953,25.008,25.031,25.008,24.984,24.977,25.039],"Module2":[25.031,24.992,24.992,24.969,25.039,25.016,24.961,25.0],"Pulser":27.602,"ControlTemperature":27.844,"Timestamp":1732542550},{"Block":0,"Module1":[25.0,24.953,25.008,25.031,25.008,24.984,24.977,25.039],"Module2":[25.031,24.992,24.992,24.961,25.047,25.023,24.961,25.0],"Pulser":27.648,"ControlTemperature":27.859,"Timestamp":1732542573}],"SMUVoltage":[37.47999898932881,37.49999891111814,37.51999883290747,37.539998754696796,37.559998676486124,37.57999859827545,37.599994769141716,37.61999844185411,37.639998363643436,37.65999828543276,37.67999820722209,37.699998129011426,37.71999805080075,37.73999797259008,37.7599978943794,37.77999781616874,37.79999773795806,37.81999765974739,37.839997581536714,37.85999750332605,37.87999742511537,37.899997346904705,37.919997268694026,37.93999719048336,37.96000086319575,37.98000078498508,37.99999695585134,38.020000628563736,38.040000550353064,38.06000047214239,38.079996643008656,38.09999656479798,38.120000237510375,38.13999640837664,38.15999633016597,38.179996251955295,38.19999992466769,38.219999846457014,38.23999601732328,38.25999969003567,38.279999611825,38.299999533614326,38.319999455403654,38.33999937719298,38.359995548059246,38.37999922077164,38.39999914256097,38.41999906435029,38.43999898613963,38.45999890792895,38.479998829718284,38.499998751507604,38.51999867329694,38.53999859508626,38.559998516875595,38.579998438664916,38.59999836045425,38.61999828224357,38.639998204032906,38.65999812582223,38.67999804761156,38.69999796940088,38.71999789119022,38.73999781297954,38.75999773476887,38.779997656558194,38.79999757834752,38.81999750013686,38.83999742192618,38.85999734371551,38.879997265504834,38.89999718729417,38.91999710908349,38.94000078179589,38.960000703585216,38.97999687445148,38.9999967962408,39.0200004689532,39.04000039074253,39.060000312531855,39.08000023432118,39.09999640518745,39.12000007789984,39.13999999968917,39.159999921478494,39.17999984326782,39.19999976505715,39.21999968684648,39.239999608635806,39.259999530425134,39.2799957012914,39.29999937400379,39.31999929579312,39.339999217582445,39.35999913937177,39.3799990611611,39.39999898295043,39.41999890473976,39.439998826529084,39.45999874831841],"SMUCurrent":[4.561983169974022E-06,4.523947325674893E-06,4.527773416521574E-06,4.53655091905213E-06,4.5489294482618965E-06,4.56603432498812E-06,4.581113624207295E-06,4.599343821770792E-06,4.619149468506424E-06,4.637604730237365E-06,4.657860505307912E-06,4.6778912162109875E-06,4.70129788962583E-06,4.725829883877919E-06,4.7546380973115775E-06,4.780520476568384E-06,4.8120294600114235E-06,4.844213635956849E-06,4.8777481969069375E-06,4.916234169540954E-06,4.955845463012245E-06,4.999057783162746E-06,5.045871129992404E-06,5.0962855035013E-06,5.153001673698814E-06,5.215794576417476E-06,5.2835388908200665E-06,5.359160451083383E-06,5.446935476389049E-06,5.545738645899791E-06,5.656920344620299E-06,5.780705636718045E-06,5.927222409728275E-06,6.10277246033958E-06,6.308256045221817E-06,6.5556015652498375E-06,6.852461202116924E-06,7.228093297591677E-06,7.690150033367379E-06,8.281618665427059E-06,9.045261385586358E-06,1.0047922251577956E-05,1.1358020770306856E-05,1.3100467554707997E-05,1.5394996741864998E-05,1.8432237681608393E-05,2.242104992133216E-05,2.7581096088467904E-05,3.4146893045498955E-05,4.234035406153143E-05,5.232014937461787E-05,6.426137890703471E-05,7.810327533357034E-05,9.386564430096037E-05,0.00011147308931310895,0.00013075681224442823,0.0001516501941013529,0.00017381293786269795,0.00019718067517657253,0.00022167215787852705,0.000247244173648411,0.0002737045176872218,0.0003008906936660602,0.0003291211673818685,0.00035781099706344306,0.00038750056177683245,0.00041803344192565856,0.00044910872671804017,0.0004812503655358018,0.000512879083115944,0.0005459860221479005,0.0005799644096362251,0.0006138741525534773,0.000648659620146279,0.0006833645147671334,0.0007199336158869798,0.0007566267273630912,0.0007935336497982806,0.0008307140251969224,0.0008680076078717915,0.000906096342250263,0.000945055174700098,0.0009838953983336866,0.0010238251576019024,0.0010632849828884818,0.001103118414693029,0.001143241504081085,0.001185471869268979,0.0012257389997242032,0.0012682356158221911,0.0013106480579215527,0.0013525153946073493,0.0013946739643258268,0.001437670898068057,0.0014806183176934479,0.0015244338098126956,0.00156821689269183,0.001612066144436195,0.0016555548433843045,0.0017004456920956302],