{"IsIVDone":true,"IsSPSDone":false,"SiPMLocation":{"Block":0,"Module":1,"Array":3,"SiPM":8},"Barcode":"00546","SiPMMeasurementDetails":{"DMMResistance":0,"IV":1,"SPS":0,"DarkCurrent":0,"ForwardResistance":0,"SPSVoltagesIsOffsets":0,"IVVoltages":[],"SPSVoltages":[],"OperatingVoltage":41.29},"Checks":{"SelectedForMeasurement":true,"DMMResistanceOK":true,"RForwardDone":true,"RForwardOK":true,"IDarkDone":true,"IDarkOK":true,"IVDone":true,"IVTemperatureOK":true,"IVMeasurementOK":true,"IVVoltageCheckOK":true,"IVCurrentCheckOK":true,"IVVbrOK":true},"Temperatures":[{"Block":0,"Module1":[25.008,24.945,25.0,25.039,25.016,24.977,24.969,25.055],"Module2":[25.047,24.992,24.984,24.969,25.055,25.016,24.945,25.0],"Pulser":28.375,"ControlTemperature":28.5,"Timestamp":1732544531},{"Block":0,"Module1":[25.008,24.945,24.992,25.047,25.016,24.977,24.969,25.047],"Module2":[25.047,24.984,24.984,24.969,25.055,25.008,24.945,25.0],"Pulser":28.375,"ControlTemperature":28.508,"Timestamp":1732544554}],"DMMResistanceResult":{"Identifier":{"Type":2,"ID":"163ccccd-90a2-4d01-927e-9ff420e83ea6"},"StartTimestamp":1732538725,"EndTimestamp":1732538727,"ErrorHappened":false,"ErrorMessage":null,"CorrectionPercentage":0,"Voltages":[29.999998232735635,29.999998232735635,29.999998232735635,29.999998232735635,29.999998232735635,29.999998232735635],"Currents":[3.2440074053843686E-06,3.2197004752997234E-06,3.2082222027597597E-06,3.201245213568782E-06,3.198544443559374E-06,3.196068737717437E-06],"Resistance":9342263.176130798},"IVMeasurementID":{"Type":0,"ID":"4210424b-1604-4657-89c6-3b5208775fe1"},"SPSMeasurementID":{"Type":999,"ID":"0f130866-c8fd-44b0-bf14-2813b56de3f9"},"IVResult":{"Identifier":{"Type":0,"ID":"4210424b-1604-4657-89c6-3b5208775fe1"},"StartTimestamp":1732544534,"EndTimestamp":1732544556,"ErrorHappened":false,"ErrorMessage":null,"Temperatures":[{"Block":0,"Module1":[25.008,24.945,25.0,25.039,25.016,24.977,24.969,25.055],"Module2":[25.047,24.992,24.984,24.969,25.055,25.016,24.945,25.0],"Pulser":28.375,"ControlTemperature":28.5,"Timestamp":1732544531},{"Block":0,"Module1":[25.008,24.945,24.992,25.047,25.016,24.977,24.969,25.047],"Module2":[25.047,24.984,24.984,24.969,25.055,25.008,24.945,25.0],"Pulser":28.375,"ControlTemperature":28.508,"Timestamp":1732544554}],"SMUVoltage":[37.47999898932881,37.49999891111814,37.51999883290747,37.539998754696796,37.559998676486124,37.57999859827545,37.59999852006478,37.61999844185411,37.639998363643436,37.65999828543276,37.67999820722209,37.699998129011426,37.71999805080075,37.73999797259008,37.7599978943794,37.77999781616874,37.79999773795806,37.81999765974739,37.839997581536714,37.85999750332605,37.88000117603844,37.899997346904705,37.919997268694026,37.93999719048336,37.96000086319575,37.98000078498508,37.99999695585134,38.01999687764067,38.040000550353064,38.05999672121933,38.079996643008656,38.09999656479798,38.120000237510375,38.13999640837664,38.16000008108903,38.18000000287836,38.19999992466769,38.21999609553395,38.23999976824634,38.25999969003567,38.279999611825,38.299999533614326,38.31999570448059,38.33999937719298,38.35999929898231,38.37999922077164,38.39999914256097,38.41999906435029,38.43999898613963,38.45999890792895,38.479998829718284,38.499998751507604,38.51999867329694,38.53999859508626,38.559998516875595,38.579998438664916,38.59999836045425,38.61999828224357,38.639998204032906,38.65999812582223,38.67999804761156,38.69999796940088,38.71999789119022,38.73999781297954,38.75999773476887,38.779997656558194,38.79999757834752,38.81999750013686,38.83999742192618,38.85999734371551,38.879997265504834,38.90000093821723,38.91999710908349,38.94000078179589,38.959996952662145,38.980000625374544,38.9999967962408,39.0200004689532,39.03999663981946,39.060000312531855,39.08000023432118,39.10000015611051,39.11999632697677,39.13999999968917,39.159999921478494,39.17999609234476,39.19999976505715,39.219995935923414,39.239999608635806,39.259999530425134,39.27999945221446,39.29999937400379,39.31999929579312,39.33999546665938,39.35999913937177,39.3799990611611,39.39999898295043,39.41999890473976,39.439998826529084,39.45999874831841],"SMUCurrent":[4.429870503680635E-06,4.385757926860331E-06,4.38643311936269E-06,4.391159466879147E-06,4.4010622902469765E-06,4.409839792777532E-06,4.422668450322214E-06,4.433021402024931E-06,4.448325765411549E-06,4.461829615458589E-06,4.475333465505602E-06,4.489062379720086E-06,4.505942192278866E-06,4.525747839014498E-06,4.546678806587403E-06,4.5655841966532325E-06,4.586290100058667E-06,4.6094717093060655E-06,4.635354088562872E-06,4.660786339484764E-06,4.689144424583507E-06,4.7188528946869686E-06,4.753737840641775E-06,4.790648364103657E-06,4.829359400905118E-06,4.873922106060283E-06,4.921635709559798E-06,4.971374890566307E-06,5.032367279945391E-06,5.100336658515425E-06,5.178208860453262E-06,5.263058051582076E-06,5.360735900255571E-06,5.4782193956646715E-06,5.6177591794839235E-06,5.781380829220377E-06,5.984163644093206E-06,6.227458009107101E-06,6.533095148504771E-06,6.917954874844994E-06,7.413771235738255E-06,8.05587930547433E-06,8.899194740911043E-06,1.001303730562315E-05,1.1491933949939849E-05,1.3448866885921253E-05,1.6015498651525807E-05,1.9377507184900145E-05,2.365350130229064E-05,2.9088575882050803E-05,3.5802690125431676E-05,4.385458578013783E-05,5.3395956095030864E-05,6.443715402181348E-05,7.691313601609251E-05,9.078181507855475E-05,0.00010588789693365938,0.00012232860930174496,0.00013949582880236051,0.00015773075271336088,0.00017687110977001423,0.0001967114163874384,0.00021739503844029928,0.00023873809850378993,0.00026059858108824904,0.00028309329449658347,0.0003064198450678146,0.00032997281019150085,0.00035414132581316403,0.0003790075403539235,0.0004044800777617944,0.0004303458022702011,0.00045655362431313255,0.0004832322805943702,0.0005105476434053252,0.0005385363982052917,0.000566326646409567,0.0005950952485497493,0.0006237650475204208,0.0006533922694594264,0.0006831581309255815,0.0007131220488590929,0.0007433546934085401,0.0007742022132634619,0.0008053400658943949,0.0008368431976690996,0.0008687978081637099,0.000900154198101237,0.0009327747734673333,0.0009651651081901277,0.0009981700931542292,0.0010316587410141816,0.001065076943789722,0.001098713683871857,0.0011321629455025056,0.00116640263248924,0.001201441072206256,0.0012357298231814946,0.001271243148291831,0.001305061740221266],