{"IsIVDone":true,"IsSPSDone":false,"SiPMLocation":{"Block":0,"Module":0,"Array":2,"SiPM":10},"Barcode":"00551","SiPMMeasurementDetails":{"DMMResistance":0,"IV":1,"SPS":0,"DarkCurrent":0,"ForwardResistance":0,"SPSVoltagesIsOffsets":0,"IVVoltages":[],"SPSVoltages":[],"OperatingVoltage":41.33},"Checks":{"SelectedForMeasurement":true,"DMMResistanceOK":true,"RForwardDone":true,"RForwardOK":true,"IDarkDone":true,"IDarkOK":true,"IVDone":true,"IVTemperatureOK":true,"IVMeasurementOK":true,"IVVoltageCheckOK":true,"IVCurrentCheckOK":true,"IVVbrOK":true},"Temperatures":[{"Block":0,"Module1":[25.0,24.953,25.0,25.023,25.016,24.984,24.977,25.047],"Module2":[25.039,24.992,24.992,24.961,25.039,25.016,24.961,24.992],"Pulser":28.016,"ControlTemperature":27.961,"Timestamp":1732542872},{"Block":0,"Module1":[25.0,24.953,25.0,25.031,25.008,24.984,24.977,25.039],"Module2":[25.031,24.992,24.992,24.961,25.047,25.016,24.961,25.0],"Pulser":28.031,"ControlTemperature":27.961,"Timestamp":1732542895}],"DMMResistanceResult":{"Identifier":{"Type":2,"ID":"163ccccd-90a2-4d01-927e-9ff420e83ea6"},"StartTimestamp":1732538725,"EndTimestamp":1732538727,"ErrorHappened":false,"ErrorMessage":null,"CorrectionPercentage":0,"Voltages":[29.999998232735635,29.999998232735635,29.999998232735635,29.999998232735635,29.999998232735635,29.999998232735635],"Currents":[3.2440074053843686E-06,3.2197004752997234E-06,3.2082222027597597E-06,3.201245213568782E-06,3.198544443559374E-06,3.196068737717437E-06],"Resistance":9342263.176130798},"IVMeasurementID":{"Type":0,"ID":"c918f9f8-31d0-48c0-a6ca-281bdf56717a"},"SPSMeasurementID":{"Type":999,"ID":"323f1252-dd5d-444e-977c-69148be8335f"},"IVResult":{"Identifier":{"Type":0,"ID":"c918f9f8-31d0-48c0-a6ca-281bdf56717a"},"StartTimestamp":1732542875,"EndTimestamp":1732542897,"ErrorHappened":false,"ErrorMessage":null,"Temperatures":[{"Block":0,"Module1":[25.0,24.953,25.0,25.023,25.016,24.984,24.977,25.047],"Module2":[25.039,24.992,24.992,24.961,25.039,25.016,24.961,24.992],"Pulser":28.016,"ControlTemperature":27.961,"Timestamp":1732542872},{"Block":0,"Module1":[25.0,24.953,25.0,25.031,25.008,24.984,24.977,25.039],"Module2":[25.031,24.992,24.992,24.961,25.047,25.016,24.961,25.0],"Pulser":28.031,"ControlTemperature":27.961,"Timestamp":1732542895}],"SMUVoltage":[37.50999887201281,37.529998793802136,37.549998715591464,37.56999863738079,37.58999855917012,37.60999848095945,37.629998402748775,37.6499983245381,37.66999824632743,37.68999816811676,37.70999808990609,37.729998011695415,37.74999793348474,37.76999785527407,37.7899977770634,37.809997698852726,37.829997620642054,37.84999754243138,37.86999746422071,37.88999738601004,37.909997307799365,37.92999722958869,37.94999715137802,37.96999707316735,37.98999699495668,38.009996916746005,38.0300005894584,38.050000511247724,38.07000043303706,38.089996603903316,38.109996525692644,38.130000198405035,38.15000012019437,38.17000004198369,38.189996212849955,38.209999885562354,38.22999605642861,38.24999972914101,38.26999965093034,38.289999572719665,38.30999574358593,38.32999566537525,38.34999933808765,38.36999925987698,38.389999181666305,38.40999910345563,38.42999902524496,38.44999894703429,38.469998868823616,38.489998790612944,38.50999871240227,38.5299986341916,38.54999855598093,38.569998477770255,38.58999839955958,38.60999832134891,38.62999824313824,38.64999816492757,38.669998086716895,38.68999800850622,38.70999793029555,38.72999785208488,38.749997773874206,38.769997695663534,38.78999761745286,38.80999753924219,38.83000121195458,38.849997382820845,38.86999730461017,38.890000977322565,38.90999714818883,38.93000082090122,38.949996991767485,38.96999691355681,38.98999683534614,39.00999675713547,39.03000042984787,39.05000035163719,39.06999652250345,39.08999644429278,39.10999636608211,39.129996287871435,39.149999960583834,39.16999613145009,39.18999980416249,39.20999972595181,39.229999647741145,39.249999569530466,39.2699994913198,39.28999941310912,39.30999933489846,39.329999256687785,39.34999917847711,39.36999910026644,39.38999902205577,39.409998943845096,39.429998865634424,39.44999878742375,39.46999870921308,39.48999863100241],"SMUCurrent":[5.000408168167437E-06,4.971374890566307E-06,4.983528355608657E-06,5.003559066511733E-06,5.026290547424216E-06,5.050147349173974E-06,5.077830241770386E-06,5.105963262701685E-06,5.134321347800429E-06,5.166055395410939E-06,5.202290726370463E-06,5.240101506502121E-06,5.277687222466336E-06,5.320674478449366E-06,5.3659123761069165E-06,5.410024952927193E-06,5.459088941431371E-06,5.513554469954393E-06,5.569820511816992E-06,5.630362772861161E-06,5.69428099641707E-06,5.7654012733314E-06,5.843048411101792E-06,5.9276725380631625E-06,6.019723782550371E-06,6.12190291457288E-06,6.231734228288671E-06,6.356869905391107E-06,6.493483855033507E-06,6.647652809737046E-06,6.819601833669167E-06,7.01698310852318E-06,7.244522981815542E-06,7.510098699407033E-06,7.820012057986272E-06,8.184390945088505E-06,8.622365814947005E-06,9.152166865125297E-06,9.80867904157816E-06,1.0631963766111798E-05,1.1683013428105243E-05,1.3032048047803075E-05,1.4770893805524977E-05,1.7076676201054525E-05,2.011459233330028E-05,2.4123660348094564E-05,2.9389711738099446E-05,3.6283202122938305E-05,4.5110218770343726E-05,5.630265981765302E-05,7.02001470935489E-05,8.705160156723151E-05,0.00010706948381277408,0.00013019932830165355,0.00015651473101662626,0.0001857309857858674,0.00021786317190859616,0.0002522860611276353,0.0002891009323183375,0.0003279857186570811,0.0003682008592896242,0.0004107161557135106,0.0004544798830742444,0.0004990810742020612,0.0005455156380379292,0.0005927593075557814,0.0006405156732470856,0.0006899309869166669,0.0007402238257751374,0.0007914067934158743,0.0008435827441634024,0.0008969042715232531,0.0009507990373176,0.0010048445961041387,0.0010605277217730468,0.0011166947354019731,0.0011737680824332223,0.001230721245199053,0.0012890025116170086,0.0013473029084891976,0.0014059276228266825,0.0014656880109531222,0.0015263594588294013,0.0015866525738401963,0.0016479751323529093,0.0017097664995264217,0.001771610756779285,0.001835355230797932,0.0018978713045906346,0.001961740464158049,0.00202458333112189,0.0020888157442555694,0.0021555094591244866,0.00221893029087034,0.0022849071763659276,0.0023506250130047803,0.002417865408736435,0.0024837079309240544,0.002550324223719369,0.002618120753008793],