{"IsIVDone":true,"IsSPSDone":false,"SiPMLocation":{"Block":0,"Module":0,"Array":3,"SiPM":0},"Barcode":"00553","SiPMMeasurementDetails":{"DMMResistance":0,"IV":1,"SPS":0,"DarkCurrent":0,"ForwardResistance":0,"SPSVoltagesIsOffsets":0,"IVVoltages":[],"SPSVoltages":[],"OperatingVoltage":41.36},"Checks":{"SelectedForMeasurement":true,"DMMResistanceOK":true,"RForwardDone":true,"RForwardOK":true,"IDarkDone":true,"IDarkOK":true,"IVDone":true,"IVTemperatureOK":true,"IVMeasurementOK":true,"IVVoltageCheckOK":true,"IVCurrentCheckOK":true,"IVVbrOK":true},"Temperatures":[{"Block":0,"Module1":[25.008,24.961,25.0,25.031,25.016,24.984,24.969,25.047],"Module2":[25.039,24.984,24.984,24.961,25.047,25.016,24.961,25.008],"Pulser":28.094,"ControlTemperature":28.0,"Timestamp":1732543010},{"Block":0,"Module1":[25.008,24.953,25.0,25.031,25.016,24.984,24.969,25.047],"Module2":[25.031,24.992,24.992,24.961,25.047,25.023,24.961,25.0],"Pulser":28.117,"ControlTemperature":28.016,"Timestamp":1732543033}],"DMMResistanceResult":{"Identifier":{"Type":2,"ID":"163ccccd-90a2-4d01-927e-9ff420e83ea6"},"StartTimestamp":1732538725,"EndTimestamp":1732538727,"ErrorHappened":false,"ErrorMessage":null,"CorrectionPercentage":0,"Voltages":[29.999998232735635,29.999998232735635,29.999998232735635,29.999998232735635,29.999998232735635,29.999998232735635],"Currents":[3.2440074053843686E-06,3.2197004752997234E-06,3.2082222027597597E-06,3.201245213568782E-06,3.198544443559374E-06,3.196068737717437E-06],"Resistance":9342263.176130798},"IVMeasurementID":{"Type":0,"ID":"1f97511e-969f-4e1b-a64b-c2969aefa778"},"SPSMeasurementID":{"Type":999,"ID":"56d8a298-2630-4856-8947-e0fcf95df2d6"},"IVResult":{"Identifier":{"Type":0,"ID":"1f97511e-969f-4e1b-a64b-c2969aefa778"},"StartTimestamp":1732543013,"EndTimestamp":1732543035,"ErrorHappened":false,"ErrorMessage":null,"Temperatures":[{"Block":0,"Module1":[25.008,24.961,25.0,25.031,25.016,24.984,24.969,25.047],"Module2":[25.039,24.984,24.984,24.961,25.047,25.016,24.961,25.008],"Pulser":28.094,"ControlTemperature":28.0,"Timestamp":1732543010},{"Block":0,"Module1":[25.008,24.953,25.0,25.031,25.016,24.984,24.969,25.047],"Module2":[25.031,24.992,24.992,24.961,25.047,25.023,24.961,25.0],"Pulser":28.117,"ControlTemperature":28.016,"Timestamp":1732543033}],"SMUVoltage":[37.539998754696796,37.559998676486124,37.57999859827545,37.59999852006478,37.61999844185411,37.64000211456651,37.65999828543276,37.67999820722209,37.699998129011426,37.72000180172382,37.73999797259008,37.7599978943794,37.77999781616874,37.79999773795806,37.82000141067046,37.839997581536714,37.85999750332605,37.87999742511537,37.899997346904705,37.919997268694026,37.93999719048336,37.96000086319575,37.98000078498508,38.00000070677441,38.01999687764067,38.03999679942999,38.05999672121933,38.08000039393172,38.10000031572105,38.11999648658731,38.13999640837664,38.16000008108903,38.18000000287836,38.19999992466769,38.21999609553395,38.23999976824634,38.259995939112606,38.279999611825,38.299999533614326,38.319999455403654,38.33999937719298,38.35999929898231,38.37999922077164,38.39999914256097,38.41999906435029,38.43999898613963,38.45999890792895,38.47999507879521,38.499998751507604,38.51999867329694,38.53999859508626,38.559998516875595,38.579998438664916,38.59999836045425,38.61999828224357,38.639998204032906,38.65999812582223,38.67999804761156,38.69999796940088,38.71999789119022,38.73999781297954,38.76000148569194,38.779997656558194,38.80000132927059,38.81999750013686,38.83999742192618,38.85999734371551,38.879997265504834,38.89999718729417,38.91999710908349,38.939997030872824,38.959996952662145,38.980000625374544,38.9999967962408,39.019996718030136,39.04000039074253,39.060000312531855,39.08000023432118,39.09999640518745,39.11999632697677,39.1399962487661,39.159996170555424,39.17999984326782,39.199996014134086,39.21999968684648,39.239999608635806,39.25999577950207,39.2799957012914,39.29999937400379,39.31999929579312,39.339999217582445,39.35999913937177,39.3799990611611,39.39999898295043,39.41999890473976,39.439998826529084,39.45999874831841,39.47999867010774,39.49999859189707,39.5199985136864],"SMUCurrent":[4.745635530613578E-06,4.7134513546681525E-06,4.722453921366179E-06,4.736858028082995E-06,4.752387455637084E-06,4.773318423209963E-06,4.792448877443236E-06,4.815180358355719E-06,4.84128780177997E-06,4.86739524520422E-06,4.895303201968103E-06,4.923211158731932E-06,4.9520193721655904E-06,4.9848787406133474E-06,5.0204388790705125E-06,5.0559990175276775E-06,5.0971857601711296E-06,5.140623144489048E-06,5.186311170481459E-06,5.235825287320579E-06,5.290515880011017E-06,5.348357371045778E-06,5.412050530434243E-06,5.480019909004277E-06,5.5574419826071985E-06,5.643416494573286E-06,5.736593059897741E-06,5.83877219192025E-06,5.956930879831709E-06,6.090844059464701E-06,6.242537308326303E-06,6.415161524760756E-06,6.620194981308105E-06,6.860563512145148E-06,7.1448195556350245E-06,7.488492539331796E-06,7.909137468296656E-06,8.432861785953773E-06,9.083972422387819E-06,9.921661253638273E-06,1.1002869514070094E-05,1.24180729989983E-05,1.4280704048817976E-05,1.677081399748941E-05,2.0051124238079258E-05,2.4425921524980467E-05,3.012724701483448E-05,3.751677882473406E-05,4.682565785465081E-05,5.831540866716211E-05,7.23249778984483E-05,8.887349600274265E-05,0.00010792607803409036,0.00012913342440460838,0.00015265285496734454,0.00017818165841707801,0.00020534487785083645,0.00023427552619158302,0.00026450456971435104,0.00029592622826043883,0.00032837958095011935,0.00036176109826636536,0.0003960428722524131,0.00043131672908858226,0.0004674474052102351,0.0005042199643374567,0.0005418515933918364,0.0005797112124478433,0.0006189011857976499,0.0006587127863779543,0.0006992128582464896,0.0007402123475025974,0.0007819606252438127,0.000823929690933297,0.0008667398214165433,0.0009097367551587736,0.0009525651158395834,0.0009969261635007307,0.0010407256760640892,0.001086154203071454,0.0011325523065121947,0.001177982183904564,0.0012241957347279956,0.0012703489683545505,0.001317744556185432,0.0013645162661441404,0.0014127540440896213,0.001460996323318451,0.0015085460801040355,0.0015579008515125728,0.0016062029978099442,0.0016547909755999777,0.0017056680810371495,0.0017549258497895157,0.0018050899519442042,0.0018559265458312352,0.0019057951387340614,0.001954681326545967,0.0020064717423746523,0.0020579144340646272],