{"IsIVDone":true,"IsSPSDone":false,"SiPMLocation":{"Block":0,"Module":0,"Array":1,"SiPM":12},"Barcode":"00552","SiPMMeasurementDetails":{"DMMResistance":0,"IV":1,"SPS":0,"DarkCurrent":0,"ForwardResistance":0,"SPSVoltagesIsOffsets":0,"IVVoltages":[],"SPSVoltages":[],"OperatingVoltage":41.32},"Checks":{"SelectedForMeasurement":true,"DMMResistanceOK":true,"RForwardDone":true,"RForwardOK":true,"IDarkDone":true,"IDarkOK":true,"IVDone":true,"IVTemperatureOK":true,"IVMeasurementOK":true,"IVVoltageCheckOK":true,"IVCurrentCheckOK":true,"IVVbrOK":true},"Temperatures":[{"Block":0,"Module1":[25.008,24.961,25.008,25.023,25.008,24.984,24.977,25.039],"Module2":[25.031,24.992,24.992,24.961,25.039,25.016,24.969,24.992],"Pulser":27.094,"ControlTemperature":27.75,"Timestamp":1732542343},{"Block":0,"Module1":[25.0,24.961,25.0,25.023,25.008,24.992,24.977,25.039],"Module2":[25.031,24.992,25.0,24.961,25.039,25.023,24.969,25.0],"Pulser":27.156,"ControlTemperature":27.766,"Timestamp":1732542366}],"DMMResistanceResult":{"Identifier":{"Type":2,"ID":"163ccccd-90a2-4d01-927e-9ff420e83ea6"},"StartTimestamp":1732538725,"EndTimestamp":1732538727,"ErrorHappened":false,"ErrorMessage":null,"CorrectionPercentage":0,"Voltages":[29.999998232735635,29.999998232735635,29.999998232735635,29.999998232735635,29.999998232735635,29.999998232735635],"Currents":[3.2440074053843686E-06,3.2197004752997234E-06,3.2082222027597597E-06,3.201245213568782E-06,3.198544443559374E-06,3.196068737717437E-06],"Resistance":9342263.176130798},"IVMeasurementID":{"Type":0,"ID":"83214b58-8b9b-46c9-99ad-295275220fc1"},"SPSMeasurementID":{"Type":999,"ID":"96c6002a-b745-4f28-850b-8fecbd5feb21"},"IVResult":{"Identifier":{"Type":0,"ID":"83214b58-8b9b-46c9-99ad-295275220fc1"},"StartTimestamp":1732542346,"EndTimestamp":1732542368,"ErrorHappened":false,"ErrorMessage":null,"Temperatures":[{"Block":0,"Module1":[25.008,24.961,25.008,25.023,25.008,24.984,24.977,25.039],"Module2":[25.031,24.992,24.992,24.961,25.039,25.016,24.969,24.992],"Pulser":27.094,"ControlTemperature":27.75,"Timestamp":1732542343},{"Block":0,"Module1":[25.0,24.961,25.0,25.023,25.008,24.992,24.977,25.039],"Module2":[25.031,24.992,25.0,24.961,25.039,25.023,24.969,25.0],"Pulser":27.156,"ControlTemperature":27.766,"Timestamp":1732542366}],"SMUVoltage":[37.50999887201281,37.529998793802136,37.549998715591464,37.56999863738079,37.58999855917012,37.60999848095945,37.629998402748775,37.6499983245381,37.66999824632743,37.68999816811676,37.70999808990609,37.729998011695415,37.74999793348474,37.76999785527407,37.7899977770634,37.809997698852726,37.829997620642054,37.84999754243138,37.86999746422071,37.88999738601004,37.910001058722436,37.92999722958869,37.94999715137802,37.97000082409041,37.98999699495668,38.009996916746005,38.02999683853533,38.050000511247724,38.06999668211399,38.089996603903316,38.110000276615715,38.130000198405035,38.15000012019437,38.16999629106063,38.189999963773026,38.209999885562354,38.22999980735168,38.24999597821794,38.26999965093034,38.289995821796595,38.30999949450899,38.32999941629832,38.34999933808765,38.36999925987698,38.389999181666305,38.40999910345563,38.42999902524496,38.44999894703429,38.469998868823616,38.48999503968987,38.50999871240227,38.5299986341916,38.54999855598093,38.569998477770255,38.58999839955958,38.60999832134891,38.62999824313824,38.64999816492757,38.669998086716895,38.68999800850622,38.70999793029555,38.72999785208488,38.749997773874206,38.769997695663534,38.78999761745286,38.80999753924219,38.82999746103152,38.849997382820845,38.86999730461017,38.8899972263995,38.90999714818883,38.92999706997816,38.950000742690555,38.970000664479876,38.98999683534614,39.01000050805853,39.03000042984787,39.049996600714124,39.06999652250345,39.09000019521584,39.11000011700518,39.1300000387945,39.149999960583834,39.16999613145009,39.18999605323942,39.20999597502875,39.229995896818075,39.249999569530466,39.2699994913198,39.28999941310912,39.309995583975386,39.329999256687785,39.34999917847711,39.36999910026644,39.38999902205577,39.409998943845096,39.429998865634424,39.44999878742375,39.46999870921308,39.48999863100241],"SMUCurrent":[4.878423389409296E-06,4.847139470133701E-06,4.857267357668974E-06,4.8777481969069375E-06,4.896428522805323E-06,4.9189349395503896E-06,4.945267447142084E-06,4.971599954733778E-06,5.000183103999993E-06,5.032592344112835E-06,5.062976006718655E-06,5.0998865301805105E-06,5.132520834460824E-06,5.17190706376467E-06,5.21264367807318E-06,5.254280549051493E-06,5.301544024216093E-06,5.35353384689715E-06,5.406423926247983E-06,5.4640403531153E-06,5.528408705006096E-06,5.5986287252506506E-06,5.6726748363418325E-06,5.7550483216286825E-06,5.845299052776313E-06,5.940726259775288E-06,6.053258343500487E-06,6.175918314760959E-06,6.315683162747655E-06,6.4730030157955165E-06,6.655530055597799E-06,6.865965052163937E-06,7.109934609680191E-06,7.398691936519081E-06,7.744165433555485E-06,8.16210959251091E-06,8.675706022632753E-06,9.319614605708405E-06,1.0137272726055784E-05,1.1174593473834744E-05,1.2542533483598405E-05,1.4318514828949661E-05,1.665670646459205E-05,1.9743686585341983E-05,2.3768509091857802E-05,2.902353233765762E-05,3.582654692718142E-05,4.436165534940363E-05,5.507786061838785E-05,6.815813990227125E-05,8.363422724866436E-05,0.00010175841958927909,0.0001226103896393929,0.00014605397357769827,0.00017183980030666013,0.00020006352209744492,0.00023047554278835016,0.00026278552960336477,0.00029676909356754066,0.00033265107378416085,0.00036967412932975465,0.0004081668538887997,0.00044821589716576433,0.0004887308232693514,0.0005306553262536804,0.0005734492521168703,0.0006170752402071245,0.0006615684005345652,0.0007072924367937921,0.0007538075736016074,0.0008011691767432035,0.0008494996811256737,0.000896716793071767,0.0009462858255677168,0.0009963373956386804,0.001047263340000189,0.001097765263470221,0.0011497654391029702,0.0012028045109326708,0.0012552656179803585,0.001308534030196691,0.001362345522249081,0.0014172249437760236,0.0014729465554175656,0.001528280606562758,0.0015836589953489382,0.0016393272667827943,0.0016968892281215785,0.0017535750146564781,0.0018117597285465974,0.0018692078074166517,0.001928540348560768,0.0019872874978053463,0.002044781714829728,0.0021034269100064507,0.0021647492434549963,0.0022227491796636386,0.002282859542570464,0.0023428479206985308,0.002403674887914518],