{"IsIVDone":true,"IsSPSDone":false,"SiPMLocation":{"Block":0,"Module":1,"Array":1,"SiPM":3},"Barcode":"00549","SiPMMeasurementDetails":{"DMMResistance":0,"IV":1,"SPS":0,"DarkCurrent":0,"ForwardResistance":0,"SPSVoltagesIsOffsets":0,"IVVoltages":[],"SPSVoltages":[],"OperatingVoltage":41.27},"Checks":{"SelectedForMeasurement":true,"DMMResistanceOK":true,"RForwardDone":true,"RForwardOK":true,"IDarkDone":true,"IDarkOK":true,"IVDone":true,"IVTemperatureOK":true,"IVMeasurementOK":true,"IVVoltageCheckOK":true,"IVCurrentCheckOK":true,"IVVbrOK":true},"Temperatures":[{"Block":0,"Module1":[25.008,24.945,24.992,25.039,25.016,24.977,24.977,25.047],"Module2":[25.047,24.984,24.984,24.969,25.047,25.016,24.961,25.0],"Pulser":28.289,"ControlTemperature":28.352,"Timestamp":1732544022},{"Block":0,"Module1":[25.008,24.945,24.992,25.039,25.016,24.977,24.969,25.047],"Module2":[25.039,24.992,24.992,24.969,25.055,25.008,24.953,25.008],"Pulser":28.297,"ControlTemperature":28.352,"Timestamp":1732544045}],"DMMResistanceResult":{"Identifier":{"Type":2,"ID":"163ccccd-90a2-4d01-927e-9ff420e83ea6"},"StartTimestamp":1732538725,"EndTimestamp":1732538727,"ErrorHappened":false,"ErrorMessage":null,"CorrectionPercentage":0,"Voltages":[29.999998232735635,29.999998232735635,29.999998232735635,29.999998232735635,29.999998232735635,29.999998232735635],"Currents":[3.2440074053843686E-06,3.2197004752997234E-06,3.2082222027597597E-06,3.201245213568782E-06,3.198544443559374E-06,3.196068737717437E-06],"Resistance":9342263.176130798},"IVMeasurementID":{"Type":0,"ID":"35ec8825-8482-4f61-894a-54c596b730b8"},"SPSMeasurementID":{"Type":999,"ID":"b25997ff-6f30-4056-b432-d69d40332ba2"},"IVResult":{"Identifier":{"Type":0,"ID":"35ec8825-8482-4f61-894a-54c596b730b8"},"StartTimestamp":1732544025,"EndTimestamp":1732544047,"ErrorHappened":false,"ErrorMessage":null,"Temperatures":[{"Block":0,"Module1":[25.008,24.945,24.992,25.039,25.016,24.977,24.977,25.047],"Module2":[25.047,24.984,24.984,24.969,25.047,25.016,24.961,25.0],"Pulser":28.289,"ControlTemperature":28.352,"Timestamp":1732544022},{"Block":0,"Module1":[25.008,24.945,24.992,25.039,25.016,24.977,24.969,25.047],"Module2":[25.039,24.992,24.992,24.969,25.055,25.008,24.953,25.008],"Pulser":28.297,"ControlTemperature":28.352,"Timestamp":1732544045}],"SMUVoltage":[37.449999106644825,37.46999527751109,37.48999895022348,37.50999887201281,37.529998793802136,37.549998715591464,37.56999863738079,37.58999855917012,37.60999848095945,37.629998402748775,37.6499983245381,37.66999824632743,37.68999816811676,37.70999808990609,37.729998011695415,37.74999793348474,37.76999785527407,37.7899977770634,37.81000144977579,37.830001371565125,37.84999754243138,37.86999746422071,37.8900011369331,37.909997307799365,37.92999722958869,37.94999715137802,37.96999707316735,37.98999699495668,38.009996916746005,38.0300005894584,38.050000511247724,38.07000043303706,38.09000035482638,38.109996525692644,38.130000198405035,38.15000012019437,38.16999629106063,38.189999963773026,38.209999885562354,38.22999980735168,38.24999597821794,38.26999965093034,38.289999572719665,38.30999949450899,38.32999941629832,38.34999933808765,38.36999925987698,38.389999181666305,38.40999910345563,38.42999902524496,38.44999894703429,38.469998868823616,38.489998790612944,38.50999871240227,38.52999488326853,38.54999855598093,38.569998477770255,38.58999839955958,38.60999832134891,38.62999824313824,38.64999816492757,38.669998086716895,38.68999425758316,38.70999793029555,38.72999785208488,38.749997773874206,38.769997695663534,38.78999761745286,38.80999753924219,38.82999746103152,38.849997382820845,38.86999730461017,38.8899972263995,38.90999714818883,38.92999706997816,38.949996991767485,38.970000664479876,38.99000058626921,39.01000050805853,39.029996678924796,39.049996600714124,39.07000027342652,39.09000019521584,39.10999636608211,39.1300000387945,39.149999960583834,39.169999882373155,39.18999605323942,39.20999972595181,39.229999647741145,39.249999569530466,39.2699994913198,39.28999566218606,39.30999933489846,39.329999256687785,39.34999917847711,39.36999910026644,39.38999902205577,39.409998943845096,39.429998865634424],"SMUCurrent":[4.169471261940489E-06,4.119957145101396E-06,4.113655348412777E-06,4.11230496340806E-06,4.112755091742975E-06,4.1132052200778895E-06,4.120407273436311E-06,4.126033877622544E-06,4.1298599684692254E-06,4.1350364443205705E-06,4.142463561846436E-06,4.1487653585350545E-06,4.1570927327307225E-06,4.1649699785914756E-06,4.170371518610292E-06,4.1791490211408745E-06,4.189276908676121E-06,4.1980544112067036E-06,4.2063817854023444E-06,4.21605954460273E-06,4.225962367970532E-06,4.237215576343052E-06,4.250944490557536E-06,4.263323019767303E-06,4.277502062316702E-06,4.29415681070801E-06,4.312387008271508E-06,4.3321926550071396E-06,4.35492413591965E-06,4.37743055266469E-06,4.40466331692616E-06,4.437522685373917E-06,4.476008658007961E-06,4.518320721488633E-06,4.568510030830084E-06,4.629052291874253E-06,4.703323467132879E-06,4.79717522495972E-06,4.912183014526883E-06,5.058024595034754E-06,5.248203816530345E-06,5.496899721563057E-06,5.8261685985430125E-06,6.267744495080723E-06,6.84660953376322E-06,7.619479884787963E-06,8.617639467430548E-06,9.92503721615004E-06,1.158488545109686E-05,1.3656826176645427E-05,1.61874476754579E-05,1.921433566349858E-05,2.273591469159527E-05,2.6779642588176946E-05,3.130298222559546E-05,3.6284327443775565E-05,4.168811810426012E-05,4.739619551913763E-05,5.345199707272602E-05,5.9898284956840894E-05,6.660114599184926E-05,7.356845742361186E-05,8.081012207549652E-05,8.824961813057009E-05,9.602648537265185E-05,0.00010407320455150665,0.00011210596975197952,0.00012066763574596088,0.0001292495575150128,0.0001380043285646666,0.0001471799696074527,0.00015651653152996587,0.0001659762035520744,0.0001756084997906174,0.0001852997628410324,0.0001951544224770164,0.00020523954782046967,0.00021551147642290676,0.00022604267894624672,0.000236531569406106,0.0002475707417553816,0.00025846542290915397,0.00026954713238607766,0.0002811710214423894,0.00029214177428476005,0.00030349581140429877,0.00031505780781456165,0.0003269911601011177,0.0003390948859624338,0.0003513968933552737,0.0003630932530735044,0.00037567366484148046,0.0003882110893534734,0.0004012612100389185,0.0004140725376426987,0.00042643306171907564,0.0004395828858307012,0.0004526676663979336,0.00046546458989499696,0.0004790992022233107],