{"IsIVDone":true,"IsSPSDone":false,"SiPMLocation":{"Block":0,"Module":1,"Array":1,"SiPM":11},"Barcode":"00549","SiPMMeasurementDetails":{"DMMResistance":0,"IV":1,"SPS":0,"DarkCurrent":0,"ForwardResistance":0,"SPSVoltagesIsOffsets":0,"IVVoltages":[],"SPSVoltages":[],"OperatingVoltage":41.2},"Checks":{"SelectedForMeasurement":true,"DMMResistanceOK":true,"RForwardDone":true,"RForwardOK":true,"IDarkDone":true,"IDarkOK":true,"IVDone":true,"IVTemperatureOK":true,"IVMeasurementOK":true,"IVVoltageCheckOK":true,"IVCurrentCheckOK":true,"IVVbrOK":true},"Temperatures":[{"Block":0,"Module1":[25.008,24.945,24.992,25.039,25.016,24.984,24.977,25.047],"Module2":[25.039,24.992,24.984,24.969,25.055,25.016,24.953,25.008],"Pulser":28.297,"ControlTemperature":28.367,"Timestamp":1732544068},{"Block":0,"Module1":[25.008,24.945,25.0,25.039,25.016,24.977,24.977,25.047],"Module2":[25.039,24.984,24.992,24.969,25.055,25.008,24.953,25.0],"Pulser":28.297,"ControlTemperature":28.375,"Timestamp":1732544091}],"DMMResistanceResult":{"Identifier":{"Type":2,"ID":"163ccccd-90a2-4d01-927e-9ff420e83ea6"},"StartTimestamp":1732538725,"EndTimestamp":1732538727,"ErrorHappened":false,"ErrorMessage":null,"CorrectionPercentage":0,"Voltages":[29.999998232735635,29.999998232735635,29.999998232735635,29.999998232735635,29.999998232735635,29.999998232735635],"Currents":[3.2440074053843686E-06,3.2197004752997234E-06,3.2082222027597597E-06,3.201245213568782E-06,3.198544443559374E-06,3.196068737717437E-06],"Resistance":9342263.176130798},"IVMeasurementID":{"Type":0,"ID":"a9bfb233-4282-474d-b9eb-97758fb59466"},"SPSMeasurementID":{"Type":999,"ID":"4a3d0196-d2d0-4a1a-9c40-6babfb9e3530"},"IVResult":{"Identifier":{"Type":0,"ID":"a9bfb233-4282-474d-b9eb-97758fb59466"},"StartTimestamp":1732544071,"EndTimestamp":1732544093,"ErrorHappened":false,"ErrorMessage":null,"Temperatures":[{"Block":0,"Module1":[25.008,24.945,24.992,25.039,25.016,24.984,24.977,25.047],"Module2":[25.039,24.992,24.984,24.969,25.055,25.016,24.953,25.008],"Pulser":28.297,"ControlTemperature":28.367,"Timestamp":1732544068},{"Block":0,"Module1":[25.008,24.945,25.0,25.039,25.016,24.977,24.977,25.047],"Module2":[25.039,24.984,24.992,24.969,25.055,25.008,24.953,25.0],"Pulser":28.297,"ControlTemperature":28.375,"Timestamp":1732544091}],"SMUVoltage":[37.37999938038217,37.39999555124844,37.41999922396083,37.439999145750164,37.459999067539485,37.47999898932881,37.49999891111814,37.51999883290747,37.539998754696796,37.559998676486124,37.57999859827545,37.59999852006478,37.61999844185411,37.639998363643436,37.65999828543276,37.67999820722209,37.699998129011426,37.71999805080075,37.73999797259008,37.7599978943794,37.77999781616874,37.80000148888113,37.81999765974739,37.840001332459785,37.85999750332605,37.87999742511537,37.899997346904705,37.9200010196171,37.93999719048336,37.95999711227268,37.979997034062016,38.00000070677441,38.01999687764067,38.040000550353064,38.06000047214239,38.079996643008656,38.09999656479798,38.120000237510375,38.1400001592997,38.15999633016597,38.18000000287836,38.19999992466769,38.219999846457014,38.23999976824634,38.25999969003567,38.279999611825,38.299999533614326,38.319999455403654,38.33999937719298,38.359995548059246,38.37999922077164,38.3999953916379,38.41999906435029,38.43999898613963,38.45999890792895,38.479998829718284,38.499998751507604,38.51999867329694,38.53999859508626,38.559998516875595,38.579998438664916,38.59999836045425,38.61999828224357,38.639998204032906,38.65999812582223,38.67999804761156,38.69999796940088,38.71999789119022,38.73999781297954,38.75999773476887,38.779997656558194,38.80000132927059,38.81999750013686,38.83999742192618,38.85999734371551,38.879997265504834,38.89999718729417,38.91999710908349,38.94000078179589,38.960000703585216,38.97999687445148,38.9999967962408,39.019996718030136,39.03999663981946,39.060000312531855,39.08000023432118,39.09999640518745,39.12000007789984,39.13999999968917,39.159999921478494,39.17999984326782,39.19999976505715,39.21999968684648,39.239999608635806,39.259999530425134,39.27999945221446,39.29999937400379,39.31999929579312,39.339999217582445,39.35999913937177],"SMUCurrent":[4.324315409146359E-06,4.279077511488836E-06,4.278177254819033E-06,4.282003345665688E-06,4.28717982151706E-06,4.294381874875454E-06,4.303609505740925E-06,4.313737393276198E-06,4.325215665816189E-06,4.336919002523597E-06,4.348172210896117E-06,4.361676060943157E-06,4.374954846822726E-06,4.389358953539542E-06,4.40331293192147E-06,4.421318065317496E-06,4.436847492871585E-06,4.453952369597809E-06,4.473758016333441E-06,4.494238855571431E-06,4.516520208149027E-06,4.541502330736031E-06,4.567609774160282E-06,4.596868115928828E-06,4.62792697103698E-06,4.65966101864749E-06,4.695896349607014E-06,4.7379833489202415E-06,4.782996182410321E-06,4.832960427584329E-06,4.893952816963386E-06,4.958771297189097E-06,5.03641843495949E-06,5.12329320359538E-06,5.229748554799404E-06,5.353758911064594E-06,5.506802544930886E-06,5.690229841402971E-06,5.921370741374544E-06,6.213954159060088E-06,6.585084971185828E-06,7.072348893715977E-06,7.709280487600651E-06,8.549895153027985E-06,9.67206509193576E-06,1.1162214944624978E-05,1.3122073714783234E-05,1.5688030287885457E-05,1.9015378939472432E-05,2.322903028247915E-05,2.8460871919031572E-05,3.4795978104425966E-05,4.228138724965942E-05,5.089616838715907E-05,6.069208627543854E-05,7.152892593817617E-05,8.335582287352819E-05,9.614802002307508E-05,0.00010963814115588568,0.00012411404334212913,0.00013910849337017835,0.00015483237636493437,0.00017110339035076238,0.00018792153532766232,0.0002055703921466218,0.00022340762767373722,0.00024159798887958236,0.0002605778751848436,0.0002802070716131993,0.0002999262937085351,0.0003201683398648583,0.00034092510777214056,0.0003619091904885478,0.0003832718311346066,0.00040566076438423924,0.00042746745663267775,0.00045036345945157624,0.00047310956953495277,0.0004968405604150923,0.0005206586511280352,0.0005440500201794921,0.0005677314969427925,0.0005930406377650944,0.0006183632824374433,0.000643479993396575,0.0006691395591275973,0.0006940354821384602,0.0007203603375484658,0.0007463221644563739,0.0007734439720833215,0.000800599764399554,0.0008270094690006884,0.0008539368211869587,0.0008817558776046678,0.0009087059612718506,0.0009369008748492018,0.0009656078094075027,0.0009945564628816453,0.0010223370333267202,0.0010515940247102697],