{"IsIVDone":true,"IsSPSDone":false,"SiPMLocation":{"Block":0,"Module":1,"Array":2,"SiPM":7},"Barcode":"00547","SiPMMeasurementDetails":{"DMMResistance":0,"IV":1,"SPS":0,"DarkCurrent":0,"ForwardResistance":0,"SPSVoltagesIsOffsets":0,"IVVoltages":[],"SPSVoltages":[],"OperatingVoltage":41.23},"Checks":{"SelectedForMeasurement":true,"DMMResistanceOK":true,"RForwardDone":true,"RForwardOK":true,"IDarkDone":true,"IDarkOK":true,"IVDone":true,"IVTemperatureOK":true,"IVMeasurementOK":true,"IVVoltageCheckOK":true,"IVCurrentCheckOK":true,"IVVbrOK":true},"Temperatures":[{"Block":0,"Module1":[25.008,24.945,24.992,25.039,25.016,24.977,24.969,25.047],"Module2":[25.047,24.992,24.984,24.961,25.055,25.016,24.953,25.0],"Pulser":28.344,"ControlTemperature":28.477,"Timestamp":1732544415},{"Block":0,"Module1":[25.008,24.953,24.992,25.047,25.016,24.984,24.969,25.055],"Module2":[25.039,24.992,24.977,24.969,25.062,25.016,24.953,25.0],"Pulser":28.352,"ControlTemperature":28.477,"Timestamp":1732544439}],"DMMResistanceResult":{"Identifier":{"Type":2,"ID":"163ccccd-90a2-4d01-927e-9ff420e83ea6"},"StartTimestamp":1732538725,"EndTimestamp":1732538727,"ErrorHappened":false,"ErrorMessage":null,"CorrectionPercentage":0,"Voltages":[29.999998232735635,29.999998232735635,29.999998232735635,29.999998232735635,29.999998232735635,29.999998232735635],"Currents":[3.2440074053843686E-06,3.2197004752997234E-06,3.2082222027597597E-06,3.201245213568782E-06,3.198544443559374E-06,3.196068737717437E-06],"Resistance":9342263.176130798},"IVMeasurementID":{"Type":0,"ID":"105d2624-e6c9-4b3f-b179-1042cef733f6"},"SPSMeasurementID":{"Type":999,"ID":"4aa6d05a-263d-4c26-ba12-383503176489"},"IVResult":{"Identifier":{"Type":0,"ID":"105d2624-e6c9-4b3f-b179-1042cef733f6"},"StartTimestamp":1732544418,"EndTimestamp":1732544440,"ErrorHappened":false,"ErrorMessage":null,"Temperatures":[{"Block":0,"Module1":[25.008,24.945,24.992,25.039,25.016,24.977,24.969,25.047],"Module2":[25.047,24.992,24.984,24.961,25.055,25.016,24.953,25.0],"Pulser":28.344,"ControlTemperature":28.477,"Timestamp":1732544415},{"Block":0,"Module1":[25.008,24.953,24.992,25.047,25.016,24.984,24.969,25.055],"Module2":[25.039,24.992,24.977,24.969,25.062,25.016,24.953,25.0],"Pulser":28.352,"ControlTemperature":28.477,"Timestamp":1732544439}],"SMUVoltage":[37.41999922396083,37.439999145750164,37.459999067539485,37.47999898932881,37.49999891111814,37.51999883290747,37.539998754696796,37.559998676486124,37.57999859827545,37.59999852006478,37.61999844185411,37.639998363643436,37.65999828543276,37.67999820722209,37.699998129011426,37.71999805080075,37.73999797259008,37.7599978943794,37.77999781616874,37.79999773795806,37.81999765974739,37.839997581536714,37.85999750332605,37.87999742511537,37.899997346904705,37.919997268694026,37.93999719048336,37.95999711227268,37.98000078498508,38.00000070677441,38.020000628563736,38.040000550353064,38.05999672121933,38.08000039393172,38.10000031572105,38.120000237510375,38.13999640837664,38.16000008108903,38.179996251955295,38.19999617374462,38.219999846457014,38.23999976824634,38.25999969003567,38.279999611825,38.299999533614326,38.319999455403654,38.33999937719298,38.35999929898231,38.37999922077164,38.3999953916379,38.41999906435029,38.43999523521656,38.45999890792895,38.479998829718284,38.499998751507604,38.51999867329694,38.53999859508626,38.559998516875595,38.579998438664916,38.59999836045425,38.61999828224357,38.639998204032906,38.65999812582223,38.67999804761156,38.69999796940088,38.71999789119022,38.73999781297954,38.75999773476887,38.779997656558194,38.79999757834752,38.81999750013686,38.84000117284925,38.85999734371551,38.879997265504834,38.90000093821723,38.91999710908349,38.94000078179589,38.959996952662145,38.97999687445148,38.9999967962408,39.0200004689532,39.03999663981946,39.060000312531855,39.07999648339811,39.10000015611051,39.12000007789984,39.13999999968917,39.159999921478494,39.17999984326782,39.19999976505715,39.21999968684648,39.239999608635806,39.25999577950207,39.2799957012914,39.29999937400379,39.31999554487005,39.339999217582445,39.35999913937177,39.3799990611611,39.39999898295043],"SMUCurrent":[5.00400919484662E-06,4.9738505964082985E-06,4.9875795106227555E-06,5.010986184037598E-06,5.035518178289714E-06,5.060500300876691E-06,5.087057872635856E-06,5.118116727743981E-06,5.153001673698814E-06,5.18653623464893E-06,5.222996629775898E-06,5.260582345740112E-06,5.302894409220783E-06,5.343631023529321E-06,5.3904443703590055E-06,5.440858743867901E-06,5.492848566548931E-06,5.550464993416248E-06,5.610106997790614E-06,5.6753756063512406E-06,5.743795113256163E-06,5.8207670585241965E-06,5.9058413138204544E-06,5.995866980800641E-06,6.0948952144787994E-06,6.209002747376187E-06,6.3305373977994126E-06,6.467151347441813E-06,6.620870173810437E-06,6.795970096086881E-06,6.995827076782831E-06,7.226067720084628E-06,7.488042410996908E-06,7.799306154580838E-06,8.16931164586933E-06,8.615388825756055E-06,9.155092699302149E-06,9.82488366163458E-06,1.065964665870821E-05,1.1734328058283941E-05,1.3113071148085207E-05,1.491763564270265E-05,1.7275407860913256E-05,2.040334966013917E-05,2.452494975865868E-05,2.9936167536669074E-05,3.6990803865402435E-05,4.602915576604377E-05,5.740952539317419E-05,7.14647826504528E-05,8.848683576306283E-05,0.00010857673854218952,0.0001318828082741827,0.00015824614965682232,0.00018752497226461469,0.00021939090747724962,0.0002539391574375586,0.0002905633992784303,0.00032901043581148284,0.00036948867645577547,0.0004115876041698786,0.00045476593963107384,0.0004993707317855699,0.0005450646094463584,0.0005920449538882938,0.0006395650022037751,0.0006886595994347395,0.000738543271636785,0.0007891993640615206,0.0008410307415686821,0.0008923966863775562,0.0009460751655069832,0.0010000496040166076,0.0010549911432537664,0.0011102556495712168,0.0011660900183606514,0.0012230818921632836,0.0012799535817004971,0.001337684341164869,0.0013962908253047906,0.0014548682761671109,0.0015152671713366075,0.001574867088711655,0.0016360413299380183,0.0016965644605279476,0.0017586990505568218,0.001819878243194869,0.0018823918412817298,0.0019451075469909607,0.002007725799915686,0.002071883941874107,0.002135682206228775,0.0022004367682309394,0.0022643336106909504,0.0023302434270646376,0.0023970053363762925,0.0024616298112896708,0.002527053263997498,0.0025935793060616647,0.0026597668516179862],