{"IsIVDone":true,"IsSPSDone":false,"SiPMLocation":{"Block":0,"Module":0,"Array":2,"SiPM":7},"Barcode":"00551","SiPMMeasurementDetails":{"DMMResistance":0,"IV":1,"SPS":0,"DarkCurrent":0,"ForwardResistance":0,"SPSVoltagesIsOffsets":0,"IVVoltages":[],"SPSVoltages":[],"OperatingVoltage":41.33},"Checks":{"SelectedForMeasurement":true,"DMMResistanceOK":true,"RForwardDone":true,"RForwardOK":true,"IDarkDone":true,"IDarkOK":true,"IVDone":true,"IVTemperatureOK":true,"IVMeasurementOK":true,"IVVoltageCheckOK":true,"IVCurrentCheckOK":true,"IVVbrOK":true},"Temperatures":[{"Block":0,"Module1":[25.0,24.953,25.0,25.031,25.016,24.984,24.977,25.047],"Module2":[25.039,24.992,24.992,24.961,25.047,25.016,24.961,25.0],"Pulser":28.055,"ControlTemperature":27.977,"Timestamp":1732542941},{"Block":0,"Module1":[25.0,24.953,25.0,25.031,25.016,24.984,24.977,25.047],"Module2":[25.039,24.992,24.984,24.961,25.047,25.023,24.961,25.0],"Pulser":28.07,"ControlTemperature":27.992,"Timestamp":1732542964}],"DMMResistanceResult":{"Identifier":{"Type":2,"ID":"163ccccd-90a2-4d01-927e-9ff420e83ea6"},"StartTimestamp":1732538725,"EndTimestamp":1732538727,"ErrorHappened":false,"ErrorMessage":null,"CorrectionPercentage":0,"Voltages":[29.999998232735635,29.999998232735635,29.999998232735635,29.999998232735635,29.999998232735635,29.999998232735635],"Currents":[3.2440074053843686E-06,3.2197004752997234E-06,3.2082222027597597E-06,3.201245213568782E-06,3.198544443559374E-06,3.196068737717437E-06],"Resistance":9342263.176130798},"IVMeasurementID":{"Type":0,"ID":"eaebebd4-7730-4afc-be87-f7ccd86523c1"},"SPSMeasurementID":{"Type":999,"ID":"6077728e-6bfd-466f-bd46-84b76fbe9130"},"IVResult":{"Identifier":{"Type":0,"ID":"eaebebd4-7730-4afc-be87-f7ccd86523c1"},"StartTimestamp":1732542943,"EndTimestamp":1732542966,"ErrorHappened":false,"ErrorMessage":null,"Temperatures":[{"Block":0,"Module1":[25.0,24.953,25.0,25.031,25.016,24.984,24.977,25.047],"Module2":[25.039,24.992,24.992,24.961,25.047,25.016,24.961,25.0],"Pulser":28.055,"ControlTemperature":27.977,"Timestamp":1732542941},{"Block":0,"Module1":[25.0,24.953,25.0,25.031,25.016,24.984,24.977,25.047],"Module2":[25.039,24.992,24.984,24.961,25.047,25.023,24.961,25.0],"Pulser":28.07,"ControlTemperature":27.992,"Timestamp":1732542964}],"SMUVoltage":[37.51999883290747,37.539998754696796,37.559998676486124,37.57999859827545,37.59999852006478,37.61999844185411,37.639998363643436,37.65999828543276,37.67999820722209,37.699998129011426,37.71999805080075,37.73999797259008,37.7599978943794,37.77999781616874,37.79999773795806,37.81999765974739,37.839997581536714,37.86000125424911,37.87999742511537,37.899997346904705,37.919997268694026,37.93999719048336,37.96000086319575,37.979997034062016,37.99999695585134,38.01999687764067,38.03999679942999,38.06000047214239,38.079996643008656,38.10000031572105,38.120000237510375,38.13999640837664,38.15999633016597,38.179996251955295,38.19999617374462,38.219999846457014,38.23999976824634,38.25999969003567,38.279995860901934,38.299999533614326,38.31999570448059,38.33999937719298,38.35999929898231,38.37999922077164,38.39999914256097,38.41999906435029,38.43999898613963,38.45999890792895,38.47999507879521,38.499998751507604,38.51999492237387,38.53999859508626,38.559998516875595,38.579998438664916,38.59999836045425,38.61999828224357,38.639998204032906,38.65999812582223,38.67999804761156,38.69999796940088,38.71999789119022,38.73999781297954,38.75999773476887,38.779997656558194,38.79999757834752,38.81999750013686,38.83999742192618,38.86000109463858,38.879997265504834,38.89999718729417,38.92000086000656,38.939997030872824,38.959996952662145,38.97999687445148,38.9999967962408,39.0200004689532,39.03999663981946,39.05999656160879,39.07999648339811,39.09999640518745,39.12000007789984,39.1399962487661,39.159999921478494,39.17999984326782,39.19999976505715,39.219995935923414,39.239999608635806,39.259999530425134,39.2799957012914,39.29999937400379,39.31999929579312,39.339999217582445,39.35999913937177,39.3799990611611,39.39999898295043,39.41999890473976,39.439998826529084,39.45999874831841,39.47999867010774,39.49999859189707],"SMUCurrent":[4.868520566041494E-06,4.835886261761181E-06,4.846689341798813E-06,4.8615435768505164E-06,4.88517531443283E-06,4.907006538675511E-06,4.930863340425268E-06,4.9574209121844065E-06,4.9846536764459035E-06,5.014137082381894E-06,5.043620488317911E-06,5.078955562607632E-06,5.111589866887918E-06,5.15052596785685E-06,5.191037517997943E-06,5.2328994531437E-06,5.277237094131448E-06,5.325850954300738E-06,5.378290905316683E-06,5.430055663830269E-06,5.493073630716402E-06,5.556991854272311E-06,5.629912644526246E-06,5.7059843331245044E-06,5.792859101760368E-06,5.88738605208954E-06,5.99226595412143E-06,6.106823615353678E-06,6.23601044747024E-06,6.382977348815357E-06,6.548399511891416E-06,6.73947899005681E-06,6.96274264416763E-06,7.220216051730897E-06,7.529454217807777E-06,7.898334388259024E-06,8.34531182481555E-06,8.903921088427474E-06,9.597793916677134E-06,1.048139583808747E-05,1.1619545332884249E-05,1.3104518709722095E-05,1.5059426068196423E-05,1.761863071627514E-05,2.1014173810599593E-05,2.5463242272759454E-05,3.13295397973546E-05,3.884353209185428E-05,4.8307930461479265E-05,6.007180942994516E-05,7.437756310559611E-05,9.127403041276881E-05,0.00011111073600351378,0.0001335118227181888,0.00015870618081509098,0.0001864010018123673,0.00021625913958717705,0.00024815410807741306,0.00028196482276098705,0.00031726073588556633,0.00035418296268414234,0.0003922091292240627,0.00043150645818174294,0.0004719763714518399,0.000513398756278587,0.0005558778173715139,0.0005997988645852956,0.0006447020918258308,0.0006897110992250678,0.000735643094775019,0.0007827942629200491,0.0008298878146382118,0.0008781589020804752,0.0009272904098349015,0.0009767874217972673,0.0010275607726532444,0.00107784168311084,0.0011300576952801742,0.0011819532160750592,0.00123407065013905,0.001287453620016615,0.0013413821454360793,0.0013965615774982334,0.0014499148389056945,0.0015051611150255814,0.0015602883322008868,0.0016163754480503683,0.0016722514537107814,0.001728486661782445,0.0017870321535329876,0.0018449614195930506,0.0019030417037094731,0.0019619016101019436,0.002020914335064113,0.002079276174454016,0.002138708419024313,0.0021970155678215256,0.0022576237726667507,0.00231894408053779,0.002379161573988321],