{"IsIVDone":true,"IsSPSDone":false,"SiPMLocation":{"Block":0,"Module":0,"Array":3,"SiPM":9},"Barcode":"00553","SiPMMeasurementDetails":{"DMMResistance":0,"IV":1,"SPS":0,"DarkCurrent":0,"ForwardResistance":0,"SPSVoltagesIsOffsets":0,"IVVoltages":[],"SPSVoltages":[],"OperatingVoltage":41.36},"Checks":{"SelectedForMeasurement":true,"DMMResistanceOK":true,"RForwardDone":true,"RForwardOK":true,"IDarkDone":true,"IDarkOK":true,"IVDone":true,"IVTemperatureOK":true,"IVMeasurementOK":true,"IVVoltageCheckOK":true,"IVCurrentCheckOK":true,"IVVbrOK":true},"Temperatures":[{"Block":0,"Module1":[25.0,24.953,25.0,25.031,25.016,24.984,24.977,25.047],"Module2":[25.039,24.992,24.992,24.961,25.047,25.023,24.961,25.008],"Pulser":28.148,"ControlTemperature":28.055,"Timestamp":1732543148},{"Block":0,"Module1":[25.0,24.953,25.0,25.039,25.016,24.984,24.977,25.047],"Module2":[25.039,24.992,24.992,24.961,25.055,25.016,24.961,25.0],"Pulser":28.148,"ControlTemperature":28.07,"Timestamp":1732543171}],"DMMResistanceResult":{"Identifier":{"Type":2,"ID":"163ccccd-90a2-4d01-927e-9ff420e83ea6"},"StartTimestamp":1732538725,"EndTimestamp":1732538727,"ErrorHappened":false,"ErrorMessage":null,"CorrectionPercentage":0,"Voltages":[29.999998232735635,29.999998232735635,29.999998232735635,29.999998232735635,29.999998232735635,29.999998232735635],"Currents":[3.2440074053843686E-06,3.2197004752997234E-06,3.2082222027597597E-06,3.201245213568782E-06,3.198544443559374E-06,3.196068737717437E-06],"Resistance":9342263.176130798},"IVMeasurementID":{"Type":0,"ID":"8c8ad954-7b6c-4ac7-a582-b579be6a5aca"},"SPSMeasurementID":{"Type":999,"ID":"f057348b-9227-4ce1-9b26-628a6fa9ed9d"},"IVResult":{"Identifier":{"Type":0,"ID":"8c8ad954-7b6c-4ac7-a582-b579be6a5aca"},"StartTimestamp":1732543150,"EndTimestamp":1732543173,"ErrorHappened":false,"ErrorMessage":null,"Temperatures":[{"Block":0,"Module1":[25.0,24.953,25.0,25.031,25.016,24.984,24.977,25.047],"Module2":[25.039,24.992,24.992,24.961,25.047,25.023,24.961,25.008],"Pulser":28.148,"ControlTemperature":28.055,"Timestamp":1732543148},{"Block":0,"Module1":[25.0,24.953,25.0,25.039,25.016,24.984,24.977,25.047],"Module2":[25.039,24.992,24.992,24.961,25.055,25.016,24.961,25.0],"Pulser":28.148,"ControlTemperature":28.07,"Timestamp":1732543171}],"SMUVoltage":[37.549998715591464,37.56999863738079,37.58999855917012,37.60999848095945,37.629998402748775,37.6499983245381,37.66999824632743,37.68999816811676,37.70999808990609,37.729998011695415,37.74999793348474,37.76999785527407,37.7899977770634,37.809997698852726,37.829997620642054,37.84999754243138,37.86999746422071,37.88999738601004,37.909997307799365,37.92999722958869,37.95000090230109,37.97000082409041,37.98999699495668,38.01000066766907,38.0300005894584,38.04999676032466,38.07000043303706,38.09000035482638,38.110000276615715,38.130000198405035,38.15000012019437,38.17000004198369,38.189996212849955,38.209999885562354,38.22999980735168,38.24999972914101,38.26999965093034,38.289995821796595,38.30999949450899,38.32999941629832,38.34999933808765,38.36999925987698,38.389999181666305,38.40999910345563,38.42999902524496,38.44999894703429,38.469998868823616,38.489998790612944,38.50999871240227,38.5299986341916,38.54999855598093,38.569998477770255,38.58999839955958,38.60999832134891,38.62999824313824,38.64999816492757,38.669998086716895,38.68999800850622,38.70999793029555,38.72999785208488,38.749997773874206,38.769997695663534,38.790001368375925,38.80999753924219,38.82999746103152,38.849997382820845,38.86999730461017,38.890000977322565,38.90999714818883,38.92999706997816,38.950000742690555,38.96999691355681,38.98999683534614,39.01000050805853,39.03000042984787,39.05000035163719,39.06999652250345,39.09000019521584,39.10999636608211,39.1300000387945,39.149999960583834,39.169999882373155,39.18999980416249,39.20999972595181,39.229995896818075,39.249999569530466,39.2699994913198,39.28999941310912,39.30999933489846,39.329999256687785,39.34999917847711,39.36999910026644,39.38999902205577,39.409998943845096,39.429998865634424,39.44999878742375,39.46999870921308,39.48999863100241,39.509998552791735,39.52999847458106],"SMUCurrent":[4.825083181723549E-06,4.791773684940904E-06,4.802351700811065E-06,4.816530743360437E-06,4.836111325928625E-06,4.857492421836418E-06,4.8804489669163455E-06,4.9081318595127574E-06,4.933339046267205E-06,4.961247003031061E-06,4.990730408967051E-06,5.02516522658697E-06,5.059825108374332E-06,5.098086016840905E-06,5.137472246144725E-06,5.174382769606607E-06,5.217370025589638E-06,5.2641833724193226E-06,5.315948130932909E-06,5.369063274451212E-06,5.427579957988332E-06,5.491948309879128E-06,5.562168330123683E-06,5.637789890387026E-06,5.72376440235306E-06,5.817166031844986E-06,5.9168694580255304E-06,6.032102311760137E-06,6.161964336379031E-06,6.3084811093892606E-06,6.475028593302566E-06,6.663857429793467E-06,6.892072495588188E-06,7.155172507337742E-06,7.467786635926362E-06,7.841168089726621E-06,8.29669796464626E-06,8.86791082163542E-06,9.585190323299896E-06,1.0503677190665066E-05,1.1681888107267996E-05,1.3242483044369186E-05,1.529169228900527E-05,1.7990886849238126E-05,2.1582235769244457E-05,2.632906412494121E-05,3.252350520567909E-05,4.0577426437892296E-05,5.0723994299059505E-05,6.335437031220952E-05,7.861102009533848E-05,9.659004604794769E-05,0.0001174746504023418,0.00014087524708466414,0.00016690031702362582,0.0001950155578856995,0.0002252846628302737,0.0002572401735815539,0.00029074142503488355,0.00032576140949016865,0.0003620291496897988,0.0003998770654090984,0.00043792708875076846,0.0004775185765753065,0.0005179918658079151,0.0005592265471190086,0.0006014841450711643,0.0006448166494870631,0.0006884646938657274,0.0007335851080278524,0.0007786470055064403,0.0008251432369241897,0.0008720515608325407,0.0009202643566554344,0.0009676309112087145,0.0010169762299222186,0.001066430929821104,0.001116784536004786,0.0011667102952061447,0.0012176454671985186,0.001269691105793093,0.0013213775419764165,0.001374575509108337,0.001427507450394331,0.0014806099903192525,0.001534933278288425,0.0015895748069903726,0.0016438314759659796,0.001700569477387728,0.0017552143820521871,0.0018109366688862313,0.0018680374737459094,0.0019247288868849952,0.001981347829362162,0.0020393551926883306,0.0020956617461010763,0.002155149356456566,0.0022137803725907398,0.0022737030319819112,0.0023311045225693034],