{"IsIVDone":true,"IsSPSDone":false,"SiPMLocation":{"Block":0,"Module":0,"Array":2,"SiPM":12},"Barcode":"00551","SiPMMeasurementDetails":{"DMMResistance":0,"IV":1,"SPS":0,"DarkCurrent":0,"ForwardResistance":0,"SPSVoltagesIsOffsets":0,"IVVoltages":[],"SPSVoltages":[],"OperatingVoltage":41.32},"Checks":{"SelectedForMeasurement":true,"DMMResistanceOK":true,"RForwardDone":true,"RForwardOK":true,"IDarkDone":true,"IDarkOK":true,"IVDone":true,"IVTemperatureOK":true,"IVMeasurementOK":true,"IVVoltageCheckOK":true,"IVCurrentCheckOK":true,"IVVbrOK":true},"Temperatures":[{"Block":0,"Module1":[25.0,24.953,25.0,25.031,25.016,24.992,24.977,25.047],"Module2":[25.031,24.984,25.0,24.961,25.047,25.023,24.969,25.0],"Pulser":27.844,"ControlTemperature":27.914,"Timestamp":1732542711},{"Block":0,"Module1":[25.008,24.961,25.0,25.031,25.016,24.984,24.977,25.047],"Module2":[25.039,25.0,24.992,24.961,25.039,25.023,24.969,25.0],"Pulser":27.883,"ControlTemperature":27.922,"Timestamp":1732542734}],"DMMResistanceResult":{"Identifier":{"Type":2,"ID":"163ccccd-90a2-4d01-927e-9ff420e83ea6"},"StartTimestamp":1732538725,"EndTimestamp":1732538727,"ErrorHappened":false,"ErrorMessage":null,"CorrectionPercentage":0,"Voltages":[29.999998232735635,29.999998232735635,29.999998232735635,29.999998232735635,29.999998232735635,29.999998232735635],"Currents":[3.2440074053843686E-06,3.2197004752997234E-06,3.2082222027597597E-06,3.201245213568782E-06,3.198544443559374E-06,3.196068737717437E-06],"Resistance":9342263.176130798},"IVMeasurementID":{"Type":0,"ID":"0bde0903-f928-4f3b-9fcf-750218a16fa0"},"SPSMeasurementID":{"Type":999,"ID":"fad2a36b-f7a0-4af5-83ff-f4621f502196"},"IVResult":{"Identifier":{"Type":0,"ID":"0bde0903-f928-4f3b-9fcf-750218a16fa0"},"StartTimestamp":1732542713,"EndTimestamp":1732542736,"ErrorHappened":false,"ErrorMessage":null,"Temperatures":[{"Block":0,"Module1":[25.0,24.953,25.0,25.031,25.016,24.992,24.977,25.047],"Module2":[25.031,24.984,25.0,24.961,25.047,25.023,24.969,25.0],"Pulser":27.844,"ControlTemperature":27.914,"Timestamp":1732542711},{"Block":0,"Module1":[25.008,24.961,25.0,25.031,25.016,24.984,24.977,25.047],"Module2":[25.039,25.0,24.992,24.961,25.039,25.023,24.969,25.0],"Pulser":27.883,"ControlTemperature":27.922,"Timestamp":1732542734}],"SMUVoltage":[37.49999891111814,37.51999883290747,37.539998754696796,37.559998676486124,37.57999859827545,37.59999852006478,37.61999844185411,37.639998363643436,37.65999828543276,37.67999820722209,37.699998129011426,37.71999805080075,37.73999797259008,37.7599978943794,37.77999781616874,37.79999773795806,37.81999765974739,37.839997581536714,37.85999750332605,37.87999742511537,37.90000109782777,37.919997268694026,37.93999719048336,37.95999711227268,37.98000078498508,37.99999695585134,38.01999687764067,38.040000550353064,38.05999672121933,38.08000039393172,38.09999656479798,38.11999648658731,38.1400001592997,38.16000008108903,38.18000000287836,38.19999617374462,38.219999846457014,38.23999976824634,38.259995939112606,38.279999611825,38.299999533614326,38.319999455403654,38.33999937719298,38.35999929898231,38.37999922077164,38.39999914256097,38.41999906435029,38.43999898613963,38.45999890792895,38.479998829718284,38.49999500058454,38.51999867329694,38.54000234600933,38.559998516875595,38.579998438664916,38.59999836045425,38.61999828224357,38.639998204032906,38.65999812582223,38.67999804761156,38.69999796940088,38.71999789119022,38.73999781297954,38.75999773476887,38.780001407481265,38.79999757834752,38.81999750013686,38.83999742192618,38.85999734371551,38.879997265504834,38.90000093821723,38.92000086000656,38.94000078179589,38.959996952662145,38.97999687445148,38.9999967962408,39.0200004689532,39.03999663981946,39.060000312531855,39.08000023432118,39.09999640518745,39.12000007789984,39.1399962487661,39.159999921478494,39.17999984326782,39.19999976505715,39.21999968684648,39.239999608635806,39.259999530425134,39.27999945221446,39.29999937400379,39.31999929579312,39.339999217582445,39.35999913937177,39.3799990611611,39.39999898295043,39.41999890473976,39.439998826529084,39.45999874831841,39.47999867010774],"SMUCurrent":[5.238976185664875E-06,5.213994063077871E-06,5.2342498381484175E-06,5.262157794912273E-06,5.291191072513376E-06,5.323375248458774E-06,5.356684745241446E-06,5.3931451403684135E-06,5.433431626342036E-06,5.474168240650573E-06,5.515129919126527E-06,5.563743779295817E-06,5.615958666144318E-06,5.666598103820685E-06,5.723089209850728E-06,5.778905123378413E-06,5.844848924441398E-06,5.911918046341629E-06,5.984163644093206E-06,6.0620358460310424E-06,6.145309587987722E-06,6.230608907451424E-06,6.332337911138991E-06,6.438343134008154E-06,6.554926372747479E-06,6.682537755691852E-06,6.821627411176216E-06,6.97962245672641E-06,7.158548469849481E-06,7.3530039105266696E-06,7.571766281288449E-06,7.82271282799568E-06,8.113720796509063E-06,8.449741598512552E-06,8.848105174899762E-06,9.31016191067549E-06,9.873947650138786E-06,1.0565344772546482E-05,1.1405509309638873E-05,1.246961269334447E-05,1.3806943976334867E-05,1.5547140119061487E-05,1.7783602751016283E-05,2.07245162270909E-05,2.4614525297303924E-05,2.976286812773225E-05,3.64839593603041E-05,4.5264837853382166E-05,5.655540687769983E-05,7.078058758140353E-05,8.831151077661896E-05,0.00010956341985229214,0.00013453946570676743,0.00016324279923838906,0.00019572946142485222,0.00023155877662628903,0.0002707185913776571,0.00031264016852780926,0.00035709394262594605,0.0004034006700147022,0.0004516602791844256,0.0005019765247163109,0.0005534410476305282,0.0006067994855138408,0.0006614549681941701,0.0007169994543359286,0.000773423266179916,0.0008308103526605911,0.0008895802333860817,0.0009489526108878368,0.0010096767237792992,0.001071150075284204,0.001132971601056155,0.001195168083731078,0.0012594965992642588,0.0013240733605741377,0.0013898013251005252,0.0014548741278354645,0.0015214406814497723,0.001589451246762442,0.0016575196535661468,0.0017254260141692868,0.0017928201287273102,0.0018621482196762346,0.0019336666351027865,0.002002437692237271,0.002072805129511482,0.0021447228087710904,0.002216428252520794,0.0022885235074085212,0.00236052153457591,0.002434160054459845,0.002508814063867316,0.0025815093398254664,0.0026559355842954778,0.0027297350250591397,0.0028038261489838176,0.0028804508202414847,0.00295464277291318,0.0030296001688183746],