{"IsIVDone":true,"IsSPSDone":false,"SiPMLocation":{"Block":0,"Module":1,"Array":0,"SiPM":10},"Barcode":"00548","SiPMMeasurementDetails":{"DMMResistance":0,"IV":1,"SPS":0,"DarkCurrent":0,"ForwardResistance":0,"SPSVoltagesIsOffsets":0,"IVVoltages":[],"SPSVoltages":[],"OperatingVoltage":41.24},"Checks":{"SelectedForMeasurement":true,"DMMResistanceOK":true,"RForwardDone":true,"RForwardOK":true,"IDarkDone":true,"IDarkOK":true,"IVDone":true,"IVTemperatureOK":true,"IVMeasurementOK":true,"IVVoltageCheckOK":true,"IVCurrentCheckOK":true,"IVVbrOK":true},"Temperatures":[{"Block":0,"Module1":[25.0,24.945,24.992,25.039,25.016,24.984,24.969,25.047],"Module2":[25.031,24.992,24.992,24.961,25.047,25.016,24.953,25.0],"Pulser":28.227,"ControlTemperature":28.219,"Timestamp":1732543608},{"Block":0,"Module1":[25.008,24.945,25.0,25.039,25.016,24.984,24.977,25.047],"Module2":[25.039,24.992,24.992,24.961,25.047,25.016,24.953,25.0],"Pulser":28.234,"ControlTemperature":28.227,"Timestamp":1732543631}],"DMMResistanceResult":{"Identifier":{"Type":2,"ID":"163ccccd-90a2-4d01-927e-9ff420e83ea6"},"StartTimestamp":1732538725,"EndTimestamp":1732538727,"ErrorHappened":false,"ErrorMessage":null,"CorrectionPercentage":0,"Voltages":[29.999998232735635,29.999998232735635,29.999998232735635,29.999998232735635,29.999998232735635,29.999998232735635],"Currents":[3.2440074053843686E-06,3.2197004752997234E-06,3.2082222027597597E-06,3.201245213568782E-06,3.198544443559374E-06,3.196068737717437E-06],"Resistance":9342263.176130798},"IVMeasurementID":{"Type":0,"ID":"7a8eadff-03a5-4dd6-a56b-c4c982b5ccb7"},"SPSMeasurementID":{"Type":999,"ID":"aec4d495-0d47-4995-8eca-3f17b0267633"},"IVResult":{"Identifier":{"Type":0,"ID":"7a8eadff-03a5-4dd6-a56b-c4c982b5ccb7"},"StartTimestamp":1732543610,"EndTimestamp":1732543633,"ErrorHappened":false,"ErrorMessage":null,"Temperatures":[{"Block":0,"Module1":[25.0,24.945,24.992,25.039,25.016,24.984,24.969,25.047],"Module2":[25.031,24.992,24.992,24.961,25.047,25.016,24.953,25.0],"Pulser":28.227,"ControlTemperature":28.219,"Timestamp":1732543608},{"Block":0,"Module1":[25.008,24.945,25.0,25.039,25.016,24.984,24.977,25.047],"Module2":[25.039,24.992,24.992,24.961,25.047,25.016,24.953,25.0],"Pulser":28.234,"ControlTemperature":28.227,"Timestamp":1732543631}],"SMUVoltage":[37.41999922396083,37.439999145750164,37.459999067539485,37.47999898932881,37.49999891111814,37.51999883290747,37.539998754696796,37.559998676486124,37.57999859827545,37.59999852006478,37.61999844185411,37.639998363643436,37.65999828543276,37.67999820722209,37.699998129011426,37.71999805080075,37.73999797259008,37.7599978943794,37.77999781616874,37.79999773795806,37.81999765974739,37.839997581536714,37.85999750332605,37.87999742511537,37.899997346904705,37.919997268694026,37.93999719048336,37.95999711227268,37.979997034062016,38.00000070677441,38.01999687764067,38.040000550353064,38.06000047214239,38.08000039393172,38.10000031572105,38.120000237510375,38.1400001592997,38.16000008108903,38.18000000287836,38.19999617374462,38.219999846457014,38.23999976824634,38.25999969003567,38.279999611825,38.29999578269126,38.319999455403654,38.33999937719298,38.35999929898231,38.37999922077164,38.39999914256097,38.41999906435029,38.43999898613963,38.45999890792895,38.479998829718284,38.499998751507604,38.51999867329694,38.53999859508626,38.559998516875595,38.579998438664916,38.59999836045425,38.61999828224357,38.639998204032906,38.65999812582223,38.67999804761156,38.69999796940088,38.71999789119022,38.73999781297954,38.75999773476887,38.779997656558194,38.79999757834752,38.81999750013686,38.84000117284925,38.85999734371551,38.879997265504834,38.90000093821723,38.91999710908349,38.939997030872824,38.959996952662145,38.97999687445148,38.9999967962408,39.019996718030136,39.03999663981946,39.060000312531855,39.08000023432118,39.10000015611051,39.12000007789984,39.13999999968917,39.159999921478494,39.17999984326782,39.199996014134086,39.21999968684648,39.239999608635806,39.259999530425134,39.2799957012914,39.29999937400379,39.31999929579312,39.339999217582445,39.35999913937177,39.37999531023804,39.39999898295043],"SMUCurrent":[4.2804278964935535E-06,4.234739870501115E-06,4.2311388438219045E-06,4.234964934668559E-06,4.23991634635246E-06,4.246893335543438E-06,4.2534201963995E-06,4.260172121423007E-06,4.269849880623365E-06,4.279077511488836E-06,4.288980334856665E-06,4.300683671564073E-06,4.310136366596988E-06,4.322064767471866E-06,4.334218232514189E-06,4.348172210896117E-06,4.363476574282735E-06,4.377205488497219E-06,4.392959980218752E-06,4.4118653702845815E-06,4.427844926173559E-06,4.447200444574303E-06,4.469931925486786E-06,4.4913130213945795E-06,4.516970336483942E-06,4.5435279082430805E-06,4.571210800839465E-06,4.600469142608039E-06,4.637379666069894E-06,4.677666152043544E-06,4.723354178035982E-06,4.774218679879765E-06,4.83093485007728E-06,4.898679164479843E-06,4.9767764305851505E-06,5.065451712560592E-06,5.1710068070948405E-06,5.301769088383537E-06,5.459314005598842E-06,5.658720857959905E-06,5.909667404667109E-06,6.228358265776904E-06,6.643601654722947E-06,7.1860062982784495E-06,7.909812660798987E-06,8.869261206640138E-06,1.0141999073572241E-05,1.1831105650287634E-05,1.4055414817200107E-05,1.6897750187931453E-05,2.053793803227452E-05,2.5076582033079625E-05,3.055666944632987E-05,3.710963774581624E-05,4.472243320982665E-05,5.329692786135269E-05,6.286012940048842E-05,7.325584329502324E-05,8.447326646491952E-05,9.638366220639566E-05,0.00010896429903853914,0.00012207923820420992,0.00013573905771927815,0.0001499284532203572,0.00016478448878542442,0.0001801568215506229,0.00019566261736711946,0.00021157240336418953,0.0002281456785269034,0.0002451076395068042,0.0002623642094818976,0.0002798863551745824,0.0002977715293693648,0.00031659229530823856,0.0003352244574747889,0.0003544658683426275,0.00037395710043633607,0.0003934249258566298,0.0004137723020433198,0.000434422614599398,0.0004549066047357304,0.0004760921198820057,0.0004968972765852899,0.0005182966026906431,0.0005407273978754216,0.0005625676246848101,0.000584956107806108,0.0006068354957806329,0.0006302261896395874,0.000653253179803942,0.0006755896731025588,0.000698918249251297,0.0007225013729734216,0.000746467555908547,0.0007708300768425523,0.0007937605144790707,0.0008188486422889363,0.0008437463658131388,0.0008671507885863078,0.0008918605835306892],