{"IsIVDone":true,"IsSPSDone":false,"SiPMLocation":{"Block":0,"Module":1,"Array":1,"SiPM":15},"Barcode":"00549","SiPMMeasurementDetails":{"DMMResistance":0,"IV":1,"SPS":0,"DarkCurrent":0,"ForwardResistance":0,"SPSVoltagesIsOffsets":0,"IVVoltages":[],"SPSVoltages":[],"OperatingVoltage":41.25},"Checks":{"SelectedForMeasurement":true,"DMMResistanceOK":true,"RForwardDone":true,"RForwardOK":true,"IDarkDone":true,"IDarkOK":true,"IVDone":true,"IVTemperatureOK":true,"IVMeasurementOK":true,"IVVoltageCheckOK":true,"IVCurrentCheckOK":true,"IVVbrOK":true},"Temperatures":[{"Block":0,"Module1":[25.008,24.945,25.0,25.039,25.016,24.977,24.977,25.047],"Module2":[25.039,24.984,24.992,24.969,25.055,25.008,24.953,25.0],"Pulser":28.297,"ControlTemperature":28.375,"Timestamp":1732544091},{"Block":0,"Module1":[25.008,24.945,24.992,25.039,25.016,24.977,24.977,25.047],"Module2":[25.047,24.984,24.984,24.969,25.055,25.016,24.961,25.008],"Pulser":28.312,"ControlTemperature":28.383,"Timestamp":1732544114}],"DMMResistanceResult":{"Identifier":{"Type":2,"ID":"163ccccd-90a2-4d01-927e-9ff420e83ea6"},"StartTimestamp":1732538725,"EndTimestamp":1732538727,"ErrorHappened":false,"ErrorMessage":null,"CorrectionPercentage":0,"Voltages":[29.999998232735635,29.999998232735635,29.999998232735635,29.999998232735635,29.999998232735635,29.999998232735635],"Currents":[3.2440074053843686E-06,3.2197004752997234E-06,3.2082222027597597E-06,3.201245213568782E-06,3.198544443559374E-06,3.196068737717437E-06],"Resistance":9342263.176130798},"IVMeasurementID":{"Type":0,"ID":"bf81ab98-4aae-422f-bca2-d49b11505542"},"SPSMeasurementID":{"Type":999,"ID":"7710cb97-8d50-49f5-bca9-1713416b1d89"},"IVResult":{"Identifier":{"Type":0,"ID":"bf81ab98-4aae-422f-bca2-d49b11505542"},"StartTimestamp":1732544094,"EndTimestamp":1732544116,"ErrorHappened":false,"ErrorMessage":null,"Temperatures":[{"Block":0,"Module1":[25.008,24.945,25.0,25.039,25.016,24.977,24.977,25.047],"Module2":[25.039,24.984,24.992,24.969,25.055,25.008,24.953,25.0],"Pulser":28.297,"ControlTemperature":28.375,"Timestamp":1732544091},{"Block":0,"Module1":[25.008,24.945,24.992,25.039,25.016,24.977,24.977,25.047],"Module2":[25.047,24.984,24.984,24.969,25.055,25.016,24.961,25.008],"Pulser":28.312,"ControlTemperature":28.383,"Timestamp":1732544114}],"SMUVoltage":[37.4299991848555,37.449999106644825,37.469999028434145,37.48999895022348,37.50999887201281,37.529998793802136,37.549998715591464,37.56999863738079,37.58999855917012,37.60999848095945,37.629998402748775,37.6499983245381,37.66999824632743,37.68999816811676,37.70999808990609,37.729998011695415,37.74999793348474,37.76999785527407,37.79000152798646,37.809997698852726,37.829997620642054,37.84999754243138,37.86999746422071,37.88999738601004,37.909997307799365,37.92999722958869,37.94999715137802,37.96999707316735,37.99000074587975,38.01000066766907,38.02999683853533,38.04999676032466,38.07000043303706,38.09000035482638,38.109996525692644,38.130000198405035,38.15000012019437,38.16999629106063,38.189999963773026,38.209999885562354,38.22999980735168,38.24999972914101,38.269995900007274,38.289999572719665,38.30999949450899,38.32999566537525,38.349995587164585,38.36999925987698,38.389999181666305,38.40999910345563,38.42999902524496,38.44999894703429,38.469998868823616,38.489998790612944,38.50999871240227,38.5299986341916,38.54999855598093,38.569998477770255,38.58999839955958,38.60999832134891,38.62999824313824,38.64999816492757,38.669998086716895,38.68999800850622,38.70999793029555,38.72999785208488,38.749997773874206,38.769997695663534,38.78999761745286,38.80999753924219,38.82999746103152,38.849997382820845,38.86999730461017,38.8899972263995,38.91000089911189,38.93000082090122,38.949996991767485,38.96999691355681,38.98999683534614,39.01000050805853,39.029996678924796,39.049996600714124,39.06999652250345,39.08999644429278,39.10999636608211,39.1300000387945,39.149999960583834,39.169999882373155,39.18999980416249,39.20999972595181,39.229999647741145,39.249999569530466,39.2699994913198,39.28999941310912,39.30999933489846,39.329999256687785,39.34999917847711,39.36999910026644,39.38999902205577,39.409998943845096],"SMUCurrent":[4.495589240576149E-06,4.454402497932724E-06,4.458003524611908E-06,4.464980513802885E-06,4.476908914677764E-06,4.489512508054974E-06,4.503466486436902E-06,4.516070079814112E-06,4.532949892372919E-06,4.550054769099143E-06,4.567834838327726E-06,4.5871903567284696E-06,4.606996003464101E-06,4.629277356041697E-06,4.651108580284378E-06,4.675865638703911E-06,4.700172568788583E-06,4.728530653887327E-06,4.758014059823344E-06,4.789748107433828E-06,4.8257583742259075E-06,4.863569154357566E-06,4.905431089503349E-06,4.949543666323626E-06,4.996807141488226E-06,5.050147349173974E-06,5.110464546050699E-06,5.179109117123065E-06,5.254505613218937E-06,5.3384545476779755E-06,5.436582524686332E-06,5.544388260895073E-06,5.67177457967203E-06,5.8263936627104835E-06,6.001943713321788E-06,6.21687999323694E-06,6.481780518326072E-06,6.813525101147992E-06,7.22471733507991E-06,7.754743449425646E-06,8.435787620130625E-06,9.329742493243678E-06,1.051515546320503E-05,1.2066522769440749E-05,1.4124509516607388E-05,1.684058388939905E-05,2.0402224339301895E-05,2.495864840933561E-05,3.0754050721183896E-05,3.7966006902965106E-05,4.669962192087856E-05,5.7197740011603334E-05,6.934670377057691E-05,8.317082012788396E-05,9.872522980454981E-05,0.00011572995297626617,0.00013416630931713464,0.00015393347008013742,0.00017458378263621565,0.00019651088421424008,0.00021920230370492616,0.00024264476232239426,0.00026691253124190307,0.00029186607067963326,0.00031758550347919725,0.0003441633310134172,0.0003710335169011551,0.00039825120186343663,0.00042675017713101325,0.00045515777634660504,0.00048537286589099115,0.0005142422967781913,0.0005443590332814015,0.0005749502050495972,0.0006064157511083378,0.0006386264846255068,0.0006701654016028363,0.0007026574653293182,0.0007360158010363169,0.0007689147807775493,0.0008028708869132962,0.0008362641075662496,0.0008724978630765949,0.0009065559232801968,0.0009421113353898465,0.0009772686089872763,0.001013767940215213,0.001049700334805342,0.0010857760952701372,0.0011219430067227496,0.0011590225533743735,0.0011962591948148776,0.0012326588226166336,0.0012712354961101377,0.0013097874125452223,0.0013473616502369021,0.0013850630491831916,0.001425341432846788,0.0014634785560212614,0.0015019192907576254],