{"IsIVDone":true,"IsSPSDone":false,"SiPMLocation":{"Block":0,"Module":0,"Array":1,"SiPM":13},"Barcode":"00552","SiPMMeasurementDetails":{"DMMResistance":0,"IV":1,"SPS":0,"DarkCurrent":0,"ForwardResistance":0,"SPSVoltagesIsOffsets":0,"IVVoltages":[],"SPSVoltages":[],"OperatingVoltage":41.32},"Checks":{"SelectedForMeasurement":true,"DMMResistanceOK":true,"RForwardDone":true,"RForwardOK":true,"IDarkDone":true,"IDarkOK":true,"IVDone":true,"IVTemperatureOK":true,"IVMeasurementOK":true,"IVVoltageCheckOK":true,"IVCurrentCheckOK":true,"IVVbrOK":true},"Temperatures":[{"Block":0,"Module1":[25.008,24.953,25.0,25.031,25.016,24.992,24.977,25.039],"Module2":[25.031,24.992,24.992,24.961,25.047,25.023,24.961,25.0],"Pulser":27.352,"ControlTemperature":27.797,"Timestamp":1732542435},{"Block":0,"Module1":[25.0,24.961,25.008,25.031,25.016,24.992,24.984,25.039],"Module2":[25.031,24.992,25.0,24.961,25.039,25.023,24.969,25.0],"Pulser":27.414,"ControlTemperature":27.805,"Timestamp":1732542458}],"DMMResistanceResult":{"Identifier":{"Type":2,"ID":"163ccccd-90a2-4d01-927e-9ff420e83ea6"},"StartTimestamp":1732538725,"EndTimestamp":1732538727,"ErrorHappened":false,"ErrorMessage":null,"CorrectionPercentage":0,"Voltages":[29.999998232735635,29.999998232735635,29.999998232735635,29.999998232735635,29.999998232735635,29.999998232735635],"Currents":[3.2440074053843686E-06,3.2197004752997234E-06,3.2082222027597597E-06,3.201245213568782E-06,3.198544443559374E-06,3.196068737717437E-06],"Resistance":9342263.176130798},"IVMeasurementID":{"Type":0,"ID":"193aa9e1-cf76-4a9f-a170-89f0ad9fbca6"},"SPSMeasurementID":{"Type":999,"ID":"8d6b7aaa-123d-48ea-a09f-6269b6974f06"},"IVResult":{"Identifier":{"Type":0,"ID":"193aa9e1-cf76-4a9f-a170-89f0ad9fbca6"},"StartTimestamp":1732542438,"EndTimestamp":1732542460,"ErrorHappened":false,"ErrorMessage":null,"Temperatures":[{"Block":0,"Module1":[25.008,24.953,25.0,25.031,25.016,24.992,24.977,25.039],"Module2":[25.031,24.992,24.992,24.961,25.047,25.023,24.961,25.0],"Pulser":27.352,"ControlTemperature":27.797,"Timestamp":1732542435},{"Block":0,"Module1":[25.0,24.961,25.008,25.031,25.016,24.992,24.984,25.039],"Module2":[25.031,24.992,25.0,24.961,25.039,25.023,24.969,25.0],"Pulser":27.414,"ControlTemperature":27.805,"Timestamp":1732542458}],"SMUVoltage":[37.50999887201281,37.529998793802136,37.549998715591464,37.56999863738079,37.58999855917012,37.60999848095945,37.629998402748775,37.6499983245381,37.670001997250495,37.68999816811676,37.70999808990609,37.729998011695415,37.74999793348474,37.76999785527407,37.7899977770634,37.809997698852726,37.829997620642054,37.84999754243138,37.86999746422071,37.88999738601004,37.910001058722436,37.92999722958869,37.94999715137802,37.96999707316735,37.98999699495668,38.01000066766907,38.02999683853533,38.04999676032466,38.06999668211399,38.09000035482638,38.109996525692644,38.130000198405035,38.15000012019437,38.16999629106063,38.189999963773026,38.209999885562354,38.22999980735168,38.24999972914101,38.269995900007274,38.289999572719665,38.30999949450899,38.32999941629832,38.34999933808765,38.36999925987698,38.389999181666305,38.40999910345563,38.42999902524496,38.44999894703429,38.469998868823616,38.489998790612944,38.50999871240227,38.5299986341916,38.54999855598093,38.569998477770255,38.58999839955958,38.61000207227198,38.62999824313824,38.64999816492757,38.67000183763996,38.68999800850622,38.710001681218614,38.72999785208488,38.749997773874206,38.7700014465866,38.78999761745286,38.80999753924219,38.82999746103152,38.849997382820845,38.86999730461017,38.8899972263995,38.90999714818883,38.92999706997816,38.950000742690555,38.96999691355681,38.98999683534614,39.01000050805853,39.029996678924796,39.049996600714124,39.07000027342652,39.09000019521584,39.11000011700518,39.1300000387945,39.149999960583834,39.169999882373155,39.18999605323942,39.20999972595181,39.229999647741145,39.2499958186074,39.2699994913198,39.28999941310912,39.30999933489846,39.329999256687785,39.34999917847711,39.36999910026644,39.38999902205577,39.409998943845096,39.429998865634424,39.44999878742375,39.46999870921308,39.48999863100241],"SMUCurrent":[4.804377278318114E-06,4.7710677815354695E-06,4.782095925740518E-06,4.798750674131854E-06,4.816305679192993E-06,4.838136903435674E-06,4.857717486003862E-06,4.882249480255978E-06,4.906106282005708E-06,4.931313468760156E-06,4.960346746361258E-06,4.986904318120424E-06,5.0202138149030686E-06,5.054648632522987E-06,5.088633321807991E-06,5.1244185244325995E-06,5.166055395410939E-06,5.206341881384562E-06,5.252254971544444E-06,5.2972678050345235E-06,5.35263359022732E-06,5.408674567922503E-06,5.468766700631757E-06,5.534935565862159E-06,5.605605714441601E-06,5.684828301384155E-06,5.773053455024709E-06,5.869155854526043E-06,5.97538614156265E-06,6.093994957809024E-06,6.228358265776904E-06,6.378476065466344E-06,6.556501821919613E-06,6.756583866783061E-06,6.991550857601288E-06,7.267479526895497E-06,7.6053008422385644E-06,8.007490509472483E-06,8.506682832877484E-06,9.130335640882616E-06,9.918960483628865E-06,1.0926347697136948E-05,1.2238246729205453E-05,1.3949409594330971E-05,1.6197575562993175E-05,1.916594686749676E-05,2.306495850440781E-05,2.8137454710405334E-05,3.4654637807267095E-05,4.294622680030795E-05,5.3285449588812714E-05,6.591425015279058E-05,8.091432678502606E-05,9.863993048508609E-05,0.00011903637066028026,0.00014196478271929163,0.00016744834827136758,0.00019510760913018672,0.00022498847838590898,0.00025688547245365204,0.00029027801791410313,0.00032532568526198464,0.00036182164052740956,0.00039926219010362387,0.00043816160561325183,0.00047778235177955834,0.0005188923475418843,0.0005608312546329301,0.0006033163924583781,0.0006470618896215485,0.0006909095659167414,0.0007362973563097974,0.0007824017510120155,0.0008291786374465755,0.0008768125682307868,0.0009250098346261264,0.0009737672857342501,0.0010225278877407182,0.0010729496883671377,0.00112343833305129,0.001174183100758001,0.0012269088832666103,0.00127804571275302,0.0013310413471984024,0.0013830210419919138,0.0014385538247969649,0.0014925969078776616,0.0015461351720307671,0.0016017298474818673,0.0016566157958696657,0.0017117905015843033,0.0017688330148246118,0.0018242492143909236,0.0018818960249208365,0.0019376372171449466,0.0019945521190023107,0.0020535938772420813,0.002111379102234976,0.0021702538628624985,0.002228776398067961],