{"IsIVDone":true,"IsSPSDone":false,"SiPMLocation":{"Block":0,"Module":1,"Array":0,"SiPM":12},"Barcode":"00548","SiPMMeasurementDetails":{"DMMResistance":0,"IV":1,"SPS":0,"DarkCurrent":0,"ForwardResistance":0,"SPSVoltagesIsOffsets":0,"IVVoltages":[],"SPSVoltages":[],"OperatingVoltage":41.21},"Checks":{"SelectedForMeasurement":true,"DMMResistanceOK":true,"RForwardDone":true,"RForwardOK":true,"IDarkDone":true,"IDarkOK":true,"IVDone":true,"IVTemperatureOK":true,"IVMeasurementOK":true,"IVVoltageCheckOK":true,"IVCurrentCheckOK":true,"IVVbrOK":true},"Temperatures":[{"Block":0,"Module1":[25.0,24.953,25.0,25.039,25.008,24.977,24.969,25.047],"Module2":[25.047,24.992,24.984,24.961,25.055,25.023,24.953,25.0],"Pulser":28.227,"ControlTemperature":28.156,"Timestamp":1732543447},{"Block":0,"Module1":[25.0,24.953,25.0,25.039,25.016,24.977,24.969,25.047],"Module2":[25.039,24.992,24.984,24.961,25.047,25.016,24.953,25.0],"Pulser":28.219,"ControlTemperature":28.164,"Timestamp":1732543470}],"DMMResistanceResult":{"Identifier":{"Type":2,"ID":"163ccccd-90a2-4d01-927e-9ff420e83ea6"},"StartTimestamp":1732538725,"EndTimestamp":1732538727,"ErrorHappened":false,"ErrorMessage":null,"CorrectionPercentage":0,"Voltages":[29.999998232735635,29.999998232735635,29.999998232735635,29.999998232735635,29.999998232735635,29.999998232735635],"Currents":[3.2440074053843686E-06,3.2197004752997234E-06,3.2082222027597597E-06,3.201245213568782E-06,3.198544443559374E-06,3.196068737717437E-06],"Resistance":9342263.176130798},"IVMeasurementID":{"Type":0,"ID":"9d8314ed-e944-49f6-b038-d6fd4ceff830"},"SPSMeasurementID":{"Type":999,"ID":"378959fc-5472-42b4-b640-05ecf04056cc"},"IVResult":{"Identifier":{"Type":0,"ID":"9d8314ed-e944-49f6-b038-d6fd4ceff830"},"StartTimestamp":1732543450,"EndTimestamp":1732543472,"ErrorHappened":false,"ErrorMessage":null,"Temperatures":[{"Block":0,"Module1":[25.0,24.953,25.0,25.039,25.008,24.977,24.969,25.047],"Module2":[25.047,24.992,24.984,24.961,25.055,25.023,24.953,25.0],"Pulser":28.227,"ControlTemperature":28.156,"Timestamp":1732543447},{"Block":0,"Module1":[25.0,24.953,25.0,25.039,25.016,24.977,24.969,25.047],"Module2":[25.039,24.992,24.984,24.961,25.047,25.016,24.953,25.0],"Pulser":28.219,"ControlTemperature":28.164,"Timestamp":1732543470}],"SMUVoltage":[37.38999559035378,37.40999926306617,37.4299991848555,37.449999106644825,37.469999028434145,37.48999519930041,37.50999887201281,37.529998793802136,37.549998715591464,37.56999863738079,37.58999855917012,37.60999848095945,37.629998402748775,37.6499983245381,37.66999824632743,37.68999816811676,37.70999808990609,37.729998011695415,37.74999793348474,37.770001606197134,37.7899977770634,37.81000144977579,37.829997620642054,37.84999754243138,37.86999746422071,37.88999738601004,37.910001058722436,37.92999722958869,37.94999715137802,37.96999707316735,37.98999699495668,38.009996916746005,38.0300005894584,38.04999676032466,38.07000043303706,38.089996603903316,38.109996525692644,38.12999644748197,38.1499963692713,38.17000004198369,38.189999963773026,38.209999885562354,38.22999980735168,38.24999597821794,38.26999965093034,38.289999572719665,38.30999949450899,38.32999941629832,38.34999933808765,38.36999925987698,38.38999543074324,38.40999910345563,38.42999902524496,38.44999894703429,38.469998868823616,38.489998790612944,38.50999871240227,38.5299986341916,38.54999855598093,38.569998477770255,38.58999839955958,38.60999832134891,38.62999824313824,38.64999816492757,38.669998086716895,38.68999800850622,38.70999793029555,38.72999785208488,38.749997773874206,38.769997695663534,38.78999761745286,38.80999753924219,38.82999746103152,38.849997382820845,38.86999730461017,38.890000977322565,38.90999714818883,38.92999706997816,38.949996991767485,38.970000664479876,38.99000058626921,39.00999675713547,39.029996678924796,39.049996600714124,39.07000027342652,39.08999644429278,39.11000011700518,39.1300000387945,39.14999620966076,39.169999882373155,39.18999980416249,39.20999972595181,39.229999647741145,39.249999569530466,39.2699994913198,39.28999941310912,39.30999933489846,39.329999256687785,39.34999917847711,39.36999910026644],"SMUCurrent":[4.262647827264944E-06,4.214934223765483E-06,4.210883068751358E-06,4.213133710425851E-06,4.2174099296074204E-06,4.224611982965842E-06,4.231363907989348E-06,4.238340897180326E-06,4.248918913050487E-06,4.256346030576352E-06,4.2666989822790695E-06,4.276601805646899E-06,4.2885302065217505E-06,4.298883158224468E-06,4.3076606607550234E-06,4.322965024141669E-06,4.336243810021238E-06,4.3517732375753274E-06,4.366402408459587E-06,4.383057156850923E-06,4.399486841074815E-06,4.417942102805756E-06,4.438197877876276E-06,4.460929358788787E-06,4.483435775533826E-06,4.509318154790606E-06,4.539701817396426E-06,4.570985736672021E-06,4.607446131798989E-06,4.646832361102836E-06,4.688469232081149E-06,4.738883605590044E-06,4.7949245832852E-06,4.863119026022678E-06,4.9407661637930706E-06,5.030116638270871E-06,5.139047695316886E-06,5.2729608749499054E-06,5.437482781356134E-06,5.64364155874073E-06,5.902690415476159E-06,6.2402866666517824E-06,6.683663076529099E-06,7.265228885221004E-06,8.035173402068868E-06,9.06506703232199E-06,1.043278197791818E-05,1.224972500174539E-05,1.460502151411403E-05,1.762200667878688E-05,2.1428516942875806E-05,2.6127631695073097E-05,3.1749059405482185E-05,3.835266714264491E-05,4.5922925479007176E-05,5.441369626024165E-05,6.370749599093924E-05,7.392923528403488E-05,8.470350710822129E-05,9.608860308286816E-05,0.00010804311140116457,0.00012057986072065523,0.00013360612460435053,0.00014730105412954104,0.0001610650783541388,0.00017528913373700524,0.00019041794707302234,0.00020558547144584096,0.00022094835151600651,0.00023679106839117635,0.00025318991882411615,0.0002696875724265667,0.0002869301884232782,0.0003043145948454834,0.0003222209250720061,0.0003396742011294512,0.0003581355395929066,0.00037652215675276855,0.0003959206624094875,0.0004149484873824157,0.0004345844357357949,0.00045440741241232536,0.00047373727349797194,0.0004944425017109081,0.0005145648137301476,0.0005352790445097818,0.0005569700537761508,0.0005778733384564432,0.0005997972891361234,0.0006211680320922105,0.0006420508359332649,0.00066370245897033,0.0006864499194387113,0.0007092979835899429,0.000731224409975465,0.0007547431653456987,0.0007782344628875035,0.0008008412582512284,0.0008243183767504839,0.0008476991677860705],