{"IsIVDone":true,"IsSPSDone":false,"SiPMLocation":{"Block":0,"Module":1,"Array":2,"SiPM":10},"Barcode":"00547","SiPMMeasurementDetails":{"DMMResistance":0,"IV":1,"SPS":0,"DarkCurrent":0,"ForwardResistance":0,"SPSVoltagesIsOffsets":0,"IVVoltages":[],"SPSVoltages":[],"OperatingVoltage":41.25},"Checks":{"SelectedForMeasurement":true,"DMMResistanceOK":true,"RForwardDone":true,"RForwardOK":true,"IDarkDone":true,"IDarkOK":true,"IVDone":true,"IVTemperatureOK":true,"IVMeasurementOK":true,"IVVoltageCheckOK":true,"IVCurrentCheckOK":true,"IVVbrOK":true},"Temperatures":[{"Block":0,"Module1":[25.008,24.945,24.992,25.039,25.016,24.977,24.969,25.055],"Module2":[25.039,24.992,24.984,24.969,25.055,25.016,24.945,25.008],"Pulser":28.336,"ControlTemperature":28.453,"Timestamp":1732544346},{"Block":0,"Module1":[25.008,24.945,25.0,25.039,25.016,24.977,24.969,25.047],"Module2":[25.039,24.992,24.984,24.969,25.055,25.016,24.953,25.008],"Pulser":28.336,"ControlTemperature":28.461,"Timestamp":1732544369}],"DMMResistanceResult":{"Identifier":{"Type":2,"ID":"163ccccd-90a2-4d01-927e-9ff420e83ea6"},"StartTimestamp":1732538725,"EndTimestamp":1732538727,"ErrorHappened":false,"ErrorMessage":null,"CorrectionPercentage":0,"Voltages":[29.999998232735635,29.999998232735635,29.999998232735635,29.999998232735635,29.999998232735635,29.999998232735635],"Currents":[3.2440074053843686E-06,3.2197004752997234E-06,3.2082222027597597E-06,3.201245213568782E-06,3.198544443559374E-06,3.196068737717437E-06],"Resistance":9342263.176130798},"IVMeasurementID":{"Type":0,"ID":"0f9e8aeb-e0db-4b8a-829b-cd6c388f78ef"},"SPSMeasurementID":{"Type":999,"ID":"9bcf3602-6e2a-4a65-8428-f71467cd3743"},"IVResult":{"Identifier":{"Type":0,"ID":"0f9e8aeb-e0db-4b8a-829b-cd6c388f78ef"},"StartTimestamp":1732544349,"EndTimestamp":1732544371,"ErrorHappened":false,"ErrorMessage":null,"Temperatures":[{"Block":0,"Module1":[25.008,24.945,24.992,25.039,25.016,24.977,24.969,25.055],"Module2":[25.039,24.992,24.984,24.969,25.055,25.016,24.945,25.008],"Pulser":28.336,"ControlTemperature":28.453,"Timestamp":1732544346},{"Block":0,"Module1":[25.008,24.945,25.0,25.039,25.016,24.977,24.969,25.047],"Module2":[25.039,24.992,24.984,24.969,25.055,25.016,24.953,25.008],"Pulser":28.336,"ControlTemperature":28.461,"Timestamp":1732544369}],"SMUVoltage":[37.439999145750164,37.459999067539485,37.47999898932881,37.49999891111814,37.51999883290747,37.539998754696796,37.559998676486124,37.57999859827545,37.59999852006478,37.61999844185411,37.639998363643436,37.65999828543276,37.67999820722209,37.699998129011426,37.71999805080075,37.73999797259008,37.7599978943794,37.77999781616874,37.79999773795806,37.81999765974739,37.840001332459785,37.85999750332605,37.87999742511537,37.899997346904705,37.919997268694026,37.93999719048336,37.95999711227268,37.979997034062016,37.99999695585134,38.020000628563736,38.03999679942999,38.05999672121933,38.08000039393172,38.10000031572105,38.11999648658731,38.1400001592997,38.15999633016597,38.18000000287836,38.19999617374462,38.21999609553395,38.23999601732328,38.25999969003567,38.279999611825,38.299999533614326,38.319999455403654,38.33999937719298,38.359995548059246,38.37999922077164,38.39999914256097,38.41999906435029,38.43999898613963,38.45999890792895,38.479998829718284,38.499998751507604,38.51999867329694,38.539994844163196,38.559998516875595,38.579998438664916,38.59999836045425,38.61999828224357,38.639998204032906,38.65999812582223,38.67999804761156,38.69999796940088,38.71999789119022,38.73999781297954,38.76000148569194,38.779997656558194,38.79999757834752,38.81999750013686,38.83999742192618,38.86000109463858,38.880001016427904,38.89999718729417,38.91999710908349,38.939997030872824,38.959996952662145,38.97999687445148,38.9999967962408,39.019996718030136,39.03999663981946,39.05999656160879,39.07999648339811,39.10000015611051,39.11999632697677,39.13999999968917,39.159996170555424,39.17999984326782,39.19999976505715,39.21999968684648,39.239999608635806,39.259999530425134,39.27999945221446,39.29999937400379,39.31999929579312,39.339999217582445,39.35999538844871,39.37999531023804,39.39999898295043,39.41999890473976],"SMUCurrent":[5.374914942804916E-06,5.3521834618924324E-06,5.37739064864688E-06,5.406423926247983E-06,5.438608102193408E-06,5.474393304818017E-06,5.512429149117119E-06,5.556541725937423E-06,5.599303917752982E-06,5.6452170079128645E-06,5.698557215598639E-06,5.74852146077262E-06,5.803437117630529E-06,5.859928223660572E-06,5.926322153058445E-06,5.993166210791233E-06,6.063836359370675E-06,6.1387827271316595E-06,6.220030891581263E-06,6.308931237724148E-06,6.405258701392953E-06,6.512164180931892E-06,6.625821585494338E-06,6.748931685089725E-06,6.882619800555273E-06,7.033187728579601E-06,7.19860989165566E-06,7.384062765634821E-06,7.587070644675094E-06,7.819561929651357E-06,8.087388288917369E-06,8.394150749152285E-06,8.744125529537675E-06,9.151266608455494E-06,9.638980659320531E-06,1.021852089050536E-05,1.0925447440467145E-05,1.1793069805988505E-05,1.2875403387257572E-05,1.4244468717858452E-05,1.6018199421535188E-05,1.8304176170329104E-05,2.1291902993233406E-05,2.523817810530903E-05,3.0431083640892532E-05,3.7252328427979814E-05,4.612593335804746E-05,5.754051273863033E-05,7.199795966314284E-05,8.997518510241245E-05,0.00011161735544444467,0.00013739102870836422,0.00016723723808229909,0.00020110894515525213,0.00023871019054702607,0.0002798015059834536,0.0003238893257453161,0.00037077896932776876,0.0004203635312512727,0.00047194418727589447,0.0005251932439738261,0.0005803431926300442,0.0006368070658958377,0.0006947862962010748,0.0007540330878973927,0.000815039431254838,0.0008764646190279084,0.0009392735013024641,0.001002723141261751,0.0010680126807899454,0.0011334453611286381,0.0011996074744340375,0.0012674136814826622,0.001335462282639631,0.0014041403882729588,0.0014737772672596251,0.0015442381061633278,0.001616074987386822,0.0016876742008494886,0.0017592047697410828,0.001832444700984463,0.0019051181457183707,0.0019797757561525213,0.002055020784063717,0.002129042138096485,0.0022048588289930054,0.0022810248194774082,0.0023578317927107103,0.0024354093856533625,0.0025129084312015743,0.0025905191085768414,0.0026691250197005746,0.00274772012774427,0.0028263606987497907,0.0029062962889748203,0.0029855431828474527,0.003067211091969348,0.003146238998407051,0.003227037709714254,0.00330780693761552],