{"IsIVDone":true,"IsSPSDone":false,"SiPMLocation":{"Block":0,"Module":1,"Array":1,"SiPM":9},"Barcode":"00549","SiPMMeasurementDetails":{"DMMResistance":0,"IV":1,"SPS":0,"DarkCurrent":0,"ForwardResistance":0,"SPSVoltagesIsOffsets":0,"IVVoltages":[],"SPSVoltages":[],"OperatingVoltage":41.19},"Checks":{"SelectedForMeasurement":true,"DMMResistanceOK":true,"RForwardDone":true,"RForwardOK":true,"IDarkDone":true,"IDarkOK":true,"IVDone":true,"IVTemperatureOK":true,"IVMeasurementOK":true,"IVVoltageCheckOK":true,"IVCurrentCheckOK":true,"IVVbrOK":true},"Temperatures":[{"Block":0,"Module1":[25.0,24.945,24.992,25.039,25.016,24.984,24.969,25.047],"Module2":[25.031,24.984,24.992,24.969,25.039,25.008,24.953,25.008],"Pulser":28.281,"ControlTemperature":28.297,"Timestamp":1732543884},{"Block":0,"Module1":[25.008,24.953,25.0,25.031,25.016,24.984,24.969,25.047],"Module2":[25.047,24.992,24.992,24.969,25.055,25.016,24.961,25.0],"Pulser":28.273,"ControlTemperature":28.312,"Timestamp":1732543907}],"DMMResistanceResult":{"Identifier":{"Type":2,"ID":"163ccccd-90a2-4d01-927e-9ff420e83ea6"},"StartTimestamp":1732538725,"EndTimestamp":1732538727,"ErrorHappened":false,"ErrorMessage":null,"CorrectionPercentage":0,"Voltages":[29.999998232735635,29.999998232735635,29.999998232735635,29.999998232735635,29.999998232735635,29.999998232735635],"Currents":[3.2440074053843686E-06,3.2197004752997234E-06,3.2082222027597597E-06,3.201245213568782E-06,3.198544443559374E-06,3.196068737717437E-06],"Resistance":9342263.176130798},"IVMeasurementID":{"Type":0,"ID":"e4d1fd5f-f3f1-46ba-9811-22deda97a313"},"SPSMeasurementID":{"Type":999,"ID":"8c99016f-3efc-42d3-93ea-26407ffa8806"},"IVResult":{"Identifier":{"Type":0,"ID":"e4d1fd5f-f3f1-46ba-9811-22deda97a313"},"StartTimestamp":1732543886,"EndTimestamp":1732543909,"ErrorHappened":false,"ErrorMessage":null,"Temperatures":[{"Block":0,"Module1":[25.0,24.945,24.992,25.039,25.016,24.984,24.969,25.047],"Module2":[25.031,24.984,24.992,24.969,25.039,25.008,24.953,25.008],"Pulser":28.281,"ControlTemperature":28.297,"Timestamp":1732543884},{"Block":0,"Module1":[25.008,24.953,25.0,25.031,25.016,24.984,24.969,25.047],"Module2":[25.047,24.992,24.992,24.969,25.055,25.016,24.961,25.0],"Pulser":28.273,"ControlTemperature":28.312,"Timestamp":1732543907}],"SMUVoltage":[37.36999941948751,37.38999934127684,37.40999926306617,37.4299991848555,37.449999106644825,37.469999028434145,37.48999895022348,37.50999887201281,37.529998793802136,37.549998715591464,37.56999863738079,37.58999855917012,37.60999848095945,37.629998402748775,37.6499983245381,37.66999824632743,37.68999816811676,37.71000184082915,37.729998011695415,37.74999793348474,37.770001606197134,37.7899977770634,37.809997698852726,37.829997620642054,37.84999754243138,37.86999746422071,37.88999738601004,37.909997307799365,37.92999722958869,37.94999715137802,37.96999707316735,37.99000074587975,38.009996916746005,38.0300005894584,38.04999676032466,38.07000043303706,38.09000035482638,38.110000276615715,38.12999644748197,38.15000012019437,38.17000004198369,38.189999963773026,38.20999613463928,38.22999980735168,38.24999597821794,38.26999965093034,38.289999572719665,38.30999949450899,38.32999941629832,38.34999933808765,38.36999925987698,38.389999181666305,38.40999910345563,38.42999902524496,38.44999894703429,38.469998868823616,38.489998790612944,38.50999871240227,38.5299986341916,38.54999855598093,38.569998477770255,38.58999839955958,38.60999832134891,38.62999824313824,38.64999816492757,38.669998086716895,38.68999800850622,38.70999793029555,38.72999785208488,38.749997773874206,38.769997695663534,38.78999761745286,38.80999753924219,38.82999746103152,38.849997382820845,38.86999730461017,38.890000977322565,38.90999714818883,38.93000082090122,38.950000742690555,38.970000664479876,38.98999683534614,39.00999675713547,39.029996678924796,39.05000035163719,39.07000027342652,39.08999644429278,39.11000011700518,39.1300000387945,39.149999960583834,39.169999882373155,39.18999980416249,39.20999972595181,39.229999647741145,39.249999569530466,39.2699994913198,39.28999566218606,39.30999933489846,39.329999256687785,39.34999542755404],"SMUCurrent":[4.248918913050487E-06,4.202105566220802E-06,4.2007551812160845E-06,4.202780758723161E-06,4.207056977904703E-06,4.214259031263125E-06,4.21943550711447E-06,4.2284380738124964E-06,4.235189998836003E-06,4.243967501366586E-06,4.253195132232029E-06,4.263323019767303E-06,4.274126099804935E-06,4.28492917984254E-06,4.2966325165499746E-06,4.308335853257382E-06,4.323640216644028E-06,4.336919002523597E-06,4.3542489434172916E-06,4.369328242636439E-06,4.38643311936269E-06,4.4062387660983215E-06,4.424018835326904E-06,4.44765057290919E-06,4.4721825671613065E-06,4.500090523925135E-06,4.527998480689018E-06,4.559732528299529E-06,4.59641798759394E-06,4.637604730237365E-06,4.6830676920623325E-06,4.736407899748107E-06,4.7983005457969666E-06,4.873246913557951E-06,4.956520655514604E-06,5.057574466699839E-06,5.183385336304607E-06,5.335303649333653E-06,5.528408705006096E-06,5.775529160866673E-06,6.0894936744600105E-06,6.502936550066422E-06,7.047141706961529E-06,7.765096401128363E-06,8.721619112792635E-06,9.988955439705949E-06,1.1650829252159845E-05,1.379434038295763E-05,1.654304906002958E-05,1.998090421783473E-05,2.419815658752066E-05,2.929338427443068E-05,3.528526760446315E-05,4.22237708227921E-05,4.999433626818525E-05,5.862104580655978E-05,6.789391456968447E-05,7.799659491819884E-05,8.873598179643045E-05,9.990096501531079E-05,0.00011172718675816047,0.00012414307661973026,0.00013680293603881628,0.00015004346100992437,0.0001637437920751337,0.00017781637927330598,0.0001922326394551751,0.00020689647022123964,0.00022199354950964626,0.00023754413309546544,0.00025342983722661833,0.0002696745187048546,0.0002864258196240218,0.0003030879951328786,0.00032025431437682434,0.00033782529899384594,0.0003558110768714787,0.00037362040444183025,0.0003921776202406196,0.00041104497446215566,0.00042959093705257246,0.0004483147003352751,0.0004680762344940916,0.0004876595178322874,0.0005071559264018474,0.000527236826614276,0.0005475076809840329,0.0005677720084929336,0.0005885614107044963,0.0006095396417525496,0.0006301778008435856,0.0006515501192488447,0.000673319225781319,0.0006954056727898983,0.0007175639152678944,0.0007392911598652228,0.0007612477448491833,0.0007840476452685805,0.0008064356782615434,0.0008297347710043456],