{"IsIVDone":true,"IsSPSDone":false,"SiPMLocation":{"Block":0,"Module":1,"Array":2,"SiPM":0},"Barcode":"00547","SiPMMeasurementDetails":{"DMMResistance":0,"IV":1,"SPS":0,"DarkCurrent":0,"ForwardResistance":0,"SPSVoltagesIsOffsets":0,"IVVoltages":[],"SPSVoltages":[],"OperatingVoltage":41.22},"Checks":{"SelectedForMeasurement":true,"DMMResistanceOK":true,"RForwardDone":true,"RForwardOK":true,"IDarkDone":true,"IDarkOK":true,"IVDone":true,"IVTemperatureOK":true,"IVMeasurementOK":true,"IVVoltageCheckOK":true,"IVCurrentCheckOK":true,"IVVbrOK":true},"Temperatures":[{"Block":0,"Module1":[25.008,24.945,24.992,25.039,25.016,24.977,24.977,25.047],"Module2":[25.047,24.984,24.984,24.969,25.055,25.016,24.953,25.008],"Pulser":28.312,"ControlTemperature":28.383,"Timestamp":1732544114},{"Block":0,"Module1":[25.008,24.945,24.992,25.039,25.016,24.977,24.969,25.047],"Module2":[25.039,24.984,24.984,24.969,25.055,25.016,24.953,25.008],"Pulser":28.312,"ControlTemperature":28.383,"Timestamp":1732544138}],"DMMResistanceResult":{"Identifier":{"Type":2,"ID":"163ccccd-90a2-4d01-927e-9ff420e83ea6"},"StartTimestamp":1732538725,"EndTimestamp":1732538727,"ErrorHappened":false,"ErrorMessage":null,"CorrectionPercentage":0,"Voltages":[29.999998232735635,29.999998232735635,29.999998232735635,29.999998232735635,29.999998232735635,29.999998232735635],"Currents":[3.2440074053843686E-06,3.2197004752997234E-06,3.2082222027597597E-06,3.201245213568782E-06,3.198544443559374E-06,3.196068737717437E-06],"Resistance":9342263.176130798},"IVMeasurementID":{"Type":0,"ID":"45535228-fc3f-459d-b717-b9ecf721091d"},"SPSMeasurementID":{"Type":999,"ID":"881195ca-2342-4b72-881d-993fa4512878"},"IVResult":{"Identifier":{"Type":0,"ID":"45535228-fc3f-459d-b717-b9ecf721091d"},"StartTimestamp":1732544118,"EndTimestamp":1732544141,"ErrorHappened":false,"ErrorMessage":null,"Temperatures":[{"Block":0,"Module1":[25.008,24.945,24.992,25.039,25.016,24.977,24.977,25.047],"Module2":[25.047,24.984,24.984,24.969,25.055,25.016,24.953,25.008],"Pulser":28.312,"ControlTemperature":28.383,"Timestamp":1732544114},{"Block":0,"Module1":[25.008,24.945,24.992,25.039,25.016,24.977,24.969,25.047],"Module2":[25.039,24.984,24.984,24.969,25.055,25.016,24.953,25.008],"Pulser":28.312,"ControlTemperature":28.383,"Timestamp":1732544138}],"SMUVoltage":[37.40999926306617,37.42999543393243,37.449999106644825,37.469999028434145,37.48999895022348,37.50999887201281,37.529998793802136,37.549998715591464,37.56999863738079,37.58999855917012,37.60999848095945,37.629998402748775,37.6499983245381,37.66999824632743,37.68999816811676,37.70999808990609,37.729998011695415,37.750001684407806,37.76999785527407,37.7899977770634,37.809997698852726,37.829997620642054,37.84999754243138,37.86999746422071,37.88999738601004,37.909997307799365,37.92999722958869,37.94999715137802,37.96999707316735,37.99000074587975,38.009996916746005,38.02999683853533,38.04999676032466,38.06999668211399,38.09000035482638,38.110000276615715,38.130000198405035,38.1499963692713,38.17000004198369,38.189999963773026,38.209999885562354,38.22999980735168,38.24999972914101,38.269995900007274,38.289995821796595,38.30999949450899,38.32999941629832,38.34999933808765,38.369995508953906,38.389999181666305,38.40999910345563,38.42999902524496,38.44999894703429,38.469998868823616,38.489998790612944,38.50999871240227,38.5299986341916,38.54999855598093,38.569998477770255,38.58999839955958,38.60999832134891,38.62999824313824,38.64999816492757,38.669998086716895,38.68999800850622,38.70999793029555,38.73000160300794,38.749997773874206,38.769997695663534,38.78999761745286,38.80999753924219,38.82999746103152,38.849997382820845,38.86999730461017,38.8899972263995,38.90999714818883,38.92999706997816,38.949996991767485,38.970000664479876,38.98999683534614,39.01000050805853,39.03000042984787,39.05000035163719,39.06999652250345,39.08999644429278,39.10999636608211,39.129996287871435,39.149999960583834,39.16999613145009,39.18999605323942,39.20999972595181,39.229999647741145,39.249999569530466,39.26999574039673,39.28999941310912,39.30999933489846,39.329999256687785,39.34999917847711,39.36999910026644,39.38999902205577],"SMUCurrent":[5.017287980726217E-06,4.980827585599249E-06,4.992080793971769E-06,5.008060349860746E-06,5.030116638270871E-06,5.054648632522987E-06,5.081881396784484E-06,5.113390380227551E-06,5.1408482086564916E-06,5.175057962108966E-06,5.21129329306849E-06,5.246628367358184E-06,5.287590045834165E-06,5.332602879324245E-06,5.375815199474719E-06,5.423978931309121E-06,5.4755186256552635E-06,5.533810245024939E-06,5.592101864394588E-06,5.65489476711325E-06,5.727140364864827E-06,5.803212053463085E-06,5.887160987922069E-06,5.976736526567341E-06,6.076665016915329E-06,6.183570496454295E-06,6.305555275212409E-06,6.441719096519921E-06,6.5938624737163834E-06,6.767837075155554E-06,6.963192772502518E-06,7.184880977441176E-06,7.452482272539743E-06,7.75721915526761E-06,8.123398555709448E-06,8.564074195577357E-06,9.099726914109352E-06,9.764116336422995E-06,1.0602930488510696E-05,1.1661182203862562E-05,1.3028221956956393E-05,1.4807354200651945E-05,1.714757141380141E-05,2.0212045117806303E-05,2.427490346862125E-05,2.9591819360469943E-05,3.648125859029468E-05,4.531007575103969E-05,5.640843997635471E-05,7.007276077477197E-05,8.651009718034581E-05,0.00010595474099139214,0.00012830451307588848,0.0001537606207995355,0.0001819411302701698,0.00021276389306667203,0.0002456813280696353,0.0002810204535143651,0.00031779391289825636,0.0003563575326700483,0.0003965281105974362,0.0004379772780601099,0.00048063864112867156,0.0005241133860983991,0.0005686434569493015,0.0006146434218778228,0.0006613273568112258,0.0007085242129822484,0.0007563755557522166,0.0008050423060008579,0.0008546606275494794,0.0009045611795640839,0.0009559030425070407,0.001007059227511851,0.0010592144723559735,0.001111737922178045,0.0011649172089840672,0.001218492608724802,0.001272491354164511,0.001327314059521256,0.0013825335530052163,0.0014376022534969845,0.0014933787807953846,0.0015499094981189106,0.0016073879606515707,0.0016638230257039306,0.0017225532951359497,0.001780522622617819,0.0018375811154140165,0.001895459066843901,0.0019545127534845467,0.0020143672184329805,0.002073392096860192,0.0021330431038012513,0.0021925755019260636,0.0022527322280513837,0.002314359748510992,0.0023746056000466223,0.002435411861359204,0.002497736180481239],