{"IsIVDone":true,"IsSPSDone":false,"SiPMLocation":{"Block":0,"Module":0,"Array":2,"SiPM":0},"Barcode":"00551","SiPMMeasurementDetails":{"DMMResistance":0,"IV":1,"SPS":0,"DarkCurrent":0,"ForwardResistance":0,"SPSVoltagesIsOffsets":0,"IVVoltages":[],"SPSVoltages":[],"OperatingVoltage":41.33},"Checks":{"SelectedForMeasurement":true,"DMMResistanceOK":true,"RForwardDone":true,"RForwardOK":true,"IDarkDone":true,"IDarkOK":true,"IVDone":true,"IVTemperatureOK":true,"IVMeasurementOK":true,"IVVoltageCheckOK":true,"IVCurrentCheckOK":true,"IVVbrOK":true},"Temperatures":[{"Block":0,"Module1":[25.0,24.953,25.0,25.031,25.016,24.984,24.977,25.039],"Module2":[25.031,24.992,24.992,24.961,25.047,25.016,24.969,25.0],"Pulser":27.742,"ControlTemperature":27.891,"Timestamp":1732542642},{"Block":0,"Module1":[25.0,24.953,25.008,25.031,25.008,24.984,24.977,25.047],"Module2":[25.031,24.992,25.0,24.961,25.047,25.016,24.961,25.0],"Pulser":27.781,"ControlTemperature":27.891,"Timestamp":1732542665}],"DMMResistanceResult":{"Identifier":{"Type":2,"ID":"163ccccd-90a2-4d01-927e-9ff420e83ea6"},"StartTimestamp":1732538725,"EndTimestamp":1732538727,"ErrorHappened":false,"ErrorMessage":null,"CorrectionPercentage":0,"Voltages":[29.999998232735635,29.999998232735635,29.999998232735635,29.999998232735635,29.999998232735635,29.999998232735635],"Currents":[3.2440074053843686E-06,3.2197004752997234E-06,3.2082222027597597E-06,3.201245213568782E-06,3.198544443559374E-06,3.196068737717437E-06],"Resistance":9342263.176130798},"IVMeasurementID":{"Type":0,"ID":"309c3cf5-de2f-4cab-896d-5646bf80d9d7"},"SPSMeasurementID":{"Type":999,"ID":"ed4b3f06-cad0-419d-879f-ee346eb283e3"},"IVResult":{"Identifier":{"Type":0,"ID":"309c3cf5-de2f-4cab-896d-5646bf80d9d7"},"StartTimestamp":1732542645,"EndTimestamp":1732542667,"ErrorHappened":false,"ErrorMessage":null,"Temperatures":[{"Block":0,"Module1":[25.0,24.953,25.0,25.031,25.016,24.984,24.977,25.039],"Module2":[25.031,24.992,24.992,24.961,25.047,25.016,24.969,25.0],"Pulser":27.742,"ControlTemperature":27.891,"Timestamp":1732542642},{"Block":0,"Module1":[25.0,24.953,25.008,25.031,25.008,24.984,24.977,25.047],"Module2":[25.031,24.992,25.0,24.961,25.047,25.016,24.961,25.0],"Pulser":27.781,"ControlTemperature":27.891,"Timestamp":1732542665}],"SMUVoltage":[37.51999883290747,37.539998754696796,37.559998676486124,37.57999859827545,37.59999852006478,37.61999844185411,37.639998363643436,37.65999828543276,37.67999820722209,37.699998129011426,37.71999805080075,37.73999797259008,37.7599978943794,37.77999781616874,37.79999773795806,37.81999765974739,37.839997581536714,37.85999750332605,37.87999742511537,37.899997346904705,37.9200010196171,37.93999719048336,37.96000086319575,37.979997034062016,37.99999695585134,38.01999687764067,38.03999679942999,38.05999672121933,38.079996643008656,38.10000031572105,38.120000237510375,38.1400001592997,38.16000008108903,38.18000000287836,38.19999617374462,38.219999846457014,38.23999601732328,38.25999969003567,38.279999611825,38.29999578269126,38.31999570448059,38.33999937719298,38.35999929898231,38.37999922077164,38.39999914256097,38.41999906435029,38.43999898613963,38.45999890792895,38.479998829718284,38.499998751507604,38.51999867329694,38.53999859508626,38.559998516875595,38.579998438664916,38.59999836045425,38.61999828224357,38.639998204032906,38.65999812582223,38.67999804761156,38.69999796940088,38.71999789119022,38.73999781297954,38.75999773476887,38.779997656558194,38.79999757834752,38.81999750013686,38.83999742192618,38.85999734371551,38.880001016427904,38.89999718729417,38.91999710908349,38.939997030872824,38.959996952662145,38.980000625374544,38.9999967962408,39.019996718030136,39.03999663981946,39.060000312531855,39.08000023432118,39.10000015611051,39.11999632697677,39.13999999968917,39.159999921478494,39.17999984326782,39.19999976505715,39.219995935923414,39.23999585771274,39.259999530425134,39.27999945221446,39.29999937400379,39.31999929579312,39.339999217582445,39.35999913937177,39.3799990611611,39.39999898295043,39.41999515381669,39.439998826529084,39.45999874831841,39.47999867010774,39.49999859189707],"SMUCurrent":[5.1381474386470835E-06,5.1109146743855865E-06,5.130495256953774E-06,5.154126994536061E-06,5.1820349512999165E-06,5.2092677155614136E-06,5.243477469013888E-06,5.279487735805968E-06,5.313022296756057E-06,5.352408526059876E-06,5.394045397038216E-06,5.438608102193408E-06,5.48452119235329E-06,5.532009731685307E-06,5.585800067705969E-06,5.642966366238371E-06,5.702383306445294E-06,5.764275952494153E-06,5.8344959727386805E-06,5.911467918006714E-06,5.99001531244691E-06,6.07801540192002E-06,6.175243122258627E-06,6.279672895955602E-06,6.396706263029814E-06,6.521166747629892E-06,6.661606788118974E-06,6.8182514486644496E-06,6.9965022692851896E-06,7.1995101483254625E-06,7.430200919962147E-06,7.700277920902652E-06,8.00861583030973E-06,8.372769653244491E-06,8.810969587270463E-06,9.335594161597382E-06,9.984229092189492E-06,1.0787933234154942E-05,1.1794195126825751E-05,1.30822373571445E-05,1.4742760784593678E-05,1.6923857631355677E-05,1.976956896459879E-05,2.3495281192573E-05,2.839290254046155E-05,3.4717655774153214E-05,4.2842697283280765E-05,5.313578191745819E-05,6.601530396397581E-05,8.167796950518533E-05,0.00010048050524649562,0.0001224456426688192,0.00014781149966131858,0.0001762535336945303,0.00020756198496439053,0.00024173145193088046,0.0002785312438223635,0.00031728481775148353,0.0003582712532858792,0.00040123150156881507,0.0004455239046588899,0.0004909423037787193,0.0005374378600039662,0.0005855500521440096,0.0006343871759674107,0.0006844072370549313,0.0007349318920058757,0.0007868085074106948,0.0008393306068477616,0.0008927237046128617,0.0009471730285158063,0.0010015840915102844,0.0010564261523854303,0.0011122274367422497,0.0011688704610853338,0.0012255551222993962,0.001282935006726713,0.001341086636184217,0.0013996265013305731,0.0014588874720694405,0.0015186600136609225,0.0015797397279369567,0.0016390778956852593,0.0017002953492317732,0.0017611043113143644,0.0018218227976016408,0.0018849967339558008,0.0019463487758744498,0.002008660716467275,0.002071707941695161,0.002134464158954533,0.002197445890509691,0.002261392922279043,0.0023266288965353844,0.002389392991040617,0.002454070806161681,0.0025179149836065087,0.002583908523850488,0.0026491087129042043,0.002714404104100752],