{"IsIVDone":true,"IsSPSDone":false,"SiPMLocation":{"Block":0,"Module":0,"Array":2,"SiPM":6},"Barcode":"00551","SiPMMeasurementDetails":{"DMMResistance":0,"IV":1,"SPS":0,"DarkCurrent":0,"ForwardResistance":0,"SPSVoltagesIsOffsets":0,"IVVoltages":[],"SPSVoltages":[],"OperatingVoltage":41.26},"Checks":{"SelectedForMeasurement":true,"DMMResistanceOK":true,"RForwardDone":true,"RForwardOK":true,"IDarkDone":true,"IDarkOK":true,"IVDone":true,"IVTemperatureOK":true,"IVMeasurementOK":true,"IVVoltageCheckOK":true,"IVCurrentCheckOK":true,"IVVbrOK":true},"Temperatures":[{"Block":0,"Module1":[25.008,24.961,25.0,25.031,25.016,24.984,24.977,25.047],"Module2":[25.039,24.984,24.992,24.961,25.047,25.016,24.961,25.0],"Pulser":27.992,"ControlTemperature":27.953,"Timestamp":1732542849},{"Block":0,"Module1":[25.0,24.953,25.0,25.023,25.016,24.984,24.969,25.047],"Module2":[25.039,24.992,24.992,24.961,25.047,25.016,24.961,24.992],"Pulser":28.016,"ControlTemperature":27.961,"Timestamp":1732542872}],"DMMResistanceResult":{"Identifier":{"Type":2,"ID":"163ccccd-90a2-4d01-927e-9ff420e83ea6"},"StartTimestamp":1732538725,"EndTimestamp":1732538727,"ErrorHappened":false,"ErrorMessage":null,"CorrectionPercentage":0,"Voltages":[29.999998232735635,29.999998232735635,29.999998232735635,29.999998232735635,29.999998232735635,29.999998232735635],"Currents":[3.2440074053843686E-06,3.2197004752997234E-06,3.2082222027597597E-06,3.201245213568782E-06,3.198544443559374E-06,3.196068737717437E-06],"Resistance":9342263.176130798},"IVMeasurementID":{"Type":0,"ID":"845f7e66-3f92-4a71-91b3-299128eb5dbb"},"SPSMeasurementID":{"Type":999,"ID":"aa0e03cf-9d5f-4a20-8dfb-004d0c6ccca4"},"IVResult":{"Identifier":{"Type":0,"ID":"845f7e66-3f92-4a71-91b3-299128eb5dbb"},"StartTimestamp":1732542851,"EndTimestamp":1732542874,"ErrorHappened":false,"ErrorMessage":null,"Temperatures":[{"Block":0,"Module1":[25.008,24.961,25.0,25.031,25.016,24.984,24.977,25.047],"Module2":[25.039,24.984,24.992,24.961,25.047,25.016,24.961,25.0],"Pulser":27.992,"ControlTemperature":27.953,"Timestamp":1732542849},{"Block":0,"Module1":[25.0,24.953,25.0,25.023,25.016,24.984,24.969,25.047],"Module2":[25.039,24.992,24.992,24.961,25.047,25.016,24.961,24.992],"Pulser":28.016,"ControlTemperature":27.961,"Timestamp":1732542872}],"SMUVoltage":[37.449999106644825,37.469999028434145,37.48999895022348,37.50999887201281,37.529998793802136,37.549998715591464,37.56999863738079,37.58999855917012,37.60999848095945,37.629998402748775,37.6499983245381,37.66999824632743,37.68999816811676,37.70999808990609,37.729998011695415,37.74999793348474,37.76999785527407,37.7899977770634,37.809997698852726,37.829997620642054,37.84999754243138,37.86999746422071,37.88999738601004,37.909997307799365,37.92999722958869,37.94999715137802,37.96999707316735,37.98999699495668,38.009996916746005,38.02999683853533,38.04999676032466,38.06999668211399,38.09000035482638,38.109996525692644,38.12999644748197,38.1499963692713,38.17000004198369,38.189999963773026,38.209999885562354,38.22999605642861,38.24999597821794,38.26999965093034,38.289999572719665,38.30999574358593,38.32999941629832,38.34999933808765,38.36999925987698,38.38999543074324,38.40999910345563,38.42999902524496,38.44999894703429,38.469998868823616,38.489998790612944,38.50999871240227,38.5299986341916,38.54999855598093,38.569998477770255,38.58999839955958,38.60999832134891,38.62999824313824,38.64999816492757,38.669998086716895,38.68999800850622,38.70999793029555,38.72999785208488,38.749997773874206,38.769997695663534,38.78999761745286,38.80999753924219,38.82999746103152,38.849997382820845,38.86999730461017,38.8899972263995,38.90999714818883,38.93000082090122,38.950000742690555,38.970000664479876,38.98999683534614,39.01000050805853,39.03000042984787,39.05000035163719,39.06999652250345,39.08999644429278,39.11000011700518,39.1300000387945,39.14999620966076,39.169999882373155,39.18999980416249,39.20999972595181,39.229999647741145,39.249999569530466,39.2699994913198,39.28999941310912,39.30999933489846,39.329999256687785,39.34999917847711,39.36999910026644,39.38999902205577,39.409998943845096,39.429998865634424],"SMUCurrent":[4.824633053388661E-06,4.7901982357687425E-06,4.800101059136572E-06,4.814505165853388E-06,4.83656145426354E-06,4.856367100999171E-06,4.8777481969069375E-06,4.900479677819448E-06,4.929062827085636E-06,4.955845463012245E-06,4.982177970603939E-06,5.0179631732285754E-06,5.049247092504171E-06,5.086607744300941E-06,5.121492690255748E-06,5.159753598722321E-06,5.203641111375154E-06,5.248879009032677E-06,5.2972678050345235E-06,5.3490325635481095E-06,5.40552366957818E-06,5.463140096445497E-06,5.530659346680616E-06,5.604030265269467E-06,5.681452338872388E-06,5.768102043340808E-06,5.86127860866529E-06,5.965258254027377E-06,6.08161642859923E-06,6.214854415729891E-06,6.365422343754219E-06,6.535570854346735E-06,6.730476423358811E-06,6.964318093339791E-06,7.231469260103417E-06,7.5476844153712745E-06,7.934344655051076E-06,8.407429535031881E-06,8.986969766216682E-06,9.721804272942323E-06,1.0657170952866246E-05,1.1872517457098503E-05,1.3442114960897719E-05,1.55275595364933E-05,1.8295623731965992E-05,2.195989344222626E-05,2.67935965665589E-05,3.312622704611129E-05,4.126747317529529E-05,5.150384163927521E-05,6.424562441531319E-05,7.971901099169689E-05,9.796721368857681E-05,0.00011902039110439129,0.0001426347987457915,0.00016898531147088649,0.00019758466535714603,0.00022820171950459857,0.00026078043293554896,0.00029500166466055254,0.0003307152968799198,0.000367784040451506,0.00040593961888771036,0.00044533395050156175,0.00048588128584526165,0.0005272973688753202,0.0005692295240413425,0.000612852136169085,0.0006569640377968646,0.000701864339203223,0.0007477736032722617,0.0007944696916707069,0.0008416780261142695,0.0008891802943605222,0.0009385289890365382,0.000987934624946919,0.001038205182452812,0.0010880402407946882,0.0011393526203317091,0.0011914338190647405,0.0012442412998661346,0.0012964415575437472,0.001349752506887728,0.0014038345260693936,0.001457592677914098,0.0015125450202312946,0.0015676510813748597,0.001623929051638339,0.0016785422222551877,0.001736985534873708,0.00179195768283764,0.0018492709482713914,0.0019073296262277384,0.0019663680085049975,0.002024342062334383,0.0020828405156739283,0.0021419081562929557,0.0022017326877071188,0.002262707522081121,0.002320969432980676],