{"IsIVDone":true,"IsSPSDone":false,"SiPMLocation":{"Block":0,"Module":0,"Array":2,"SiPM":13},"Barcode":"00551","SiPMMeasurementDetails":{"DMMResistance":0,"IV":1,"SPS":0,"DarkCurrent":0,"ForwardResistance":0,"SPSVoltagesIsOffsets":0,"IVVoltages":[],"SPSVoltages":[],"OperatingVoltage":41.27},"Checks":{"SelectedForMeasurement":true,"DMMResistanceOK":true,"RForwardDone":true,"RForwardOK":true,"IDarkDone":true,"IDarkOK":true,"IVDone":true,"IVTemperatureOK":true,"IVMeasurementOK":true,"IVVoltageCheckOK":true,"IVCurrentCheckOK":true,"IVVbrOK":true},"Temperatures":[{"Block":0,"Module1":[25.0,24.953,25.0,25.031,25.016,24.984,24.977,25.039],"Module2":[25.039,24.992,24.992,24.961,25.047,25.016,24.961,25.0],"Pulser":27.953,"ControlTemperature":27.945,"Timestamp":1732542803},{"Block":0,"Module1":[25.008,24.961,25.0,25.023,25.016,24.984,24.977,25.039],"Module2":[25.039,25.0,25.0,24.961,25.047,25.023,24.961,25.0],"Pulser":27.977,"ControlTemperature":27.953,"Timestamp":1732542826}],"DMMResistanceResult":{"Identifier":{"Type":2,"ID":"163ccccd-90a2-4d01-927e-9ff420e83ea6"},"StartTimestamp":1732538725,"EndTimestamp":1732538727,"ErrorHappened":false,"ErrorMessage":null,"CorrectionPercentage":0,"Voltages":[29.999998232735635,29.999998232735635,29.999998232735635,29.999998232735635,29.999998232735635,29.999998232735635],"Currents":[3.2440074053843686E-06,3.2197004752997234E-06,3.2082222027597597E-06,3.201245213568782E-06,3.198544443559374E-06,3.196068737717437E-06],"Resistance":9342263.176130798},"IVMeasurementID":{"Type":0,"ID":"df2bbb30-8856-428e-8a0a-26579c9de1c2"},"SPSMeasurementID":{"Type":999,"ID":"df14db45-6783-420d-8578-13bac4f2667d"},"IVResult":{"Identifier":{"Type":0,"ID":"df2bbb30-8856-428e-8a0a-26579c9de1c2"},"StartTimestamp":1732542805,"EndTimestamp":1732542828,"ErrorHappened":false,"ErrorMessage":null,"Temperatures":[{"Block":0,"Module1":[25.0,24.953,25.0,25.031,25.016,24.984,24.977,25.039],"Module2":[25.039,24.992,24.992,24.961,25.047,25.016,24.961,25.0],"Pulser":27.953,"ControlTemperature":27.945,"Timestamp":1732542803},{"Block":0,"Module1":[25.008,24.961,25.0,25.023,25.016,24.984,24.977,25.039],"Module2":[25.039,25.0,25.0,24.961,25.047,25.023,24.961,25.0],"Pulser":27.977,"ControlTemperature":27.953,"Timestamp":1732542826}],"SMUVoltage":[37.449999106644825,37.469999028434145,37.48999895022348,37.50999887201281,37.529998793802136,37.549998715591464,37.56999863738079,37.58999855917012,37.60999848095945,37.629998402748775,37.6499983245381,37.66999824632743,37.68999816811676,37.70999808990609,37.729998011695415,37.74999793348474,37.76999785527407,37.7899977770634,37.809997698852726,37.829997620642054,37.850001293354445,37.86999746422071,37.8900011369331,37.909997307799365,37.92999722958869,37.94999715137802,37.96999707316735,37.99000074587975,38.009996916746005,38.02999683853533,38.04999676032466,38.07000043303706,38.09000035482638,38.109996525692644,38.130000198405035,38.15000012019437,38.17000004198369,38.189996212849955,38.209999885562354,38.22999605642861,38.24999597821794,38.269995900007274,38.289999572719665,38.30999949450899,38.32999941629832,38.34999933808765,38.369995508953906,38.389999181666305,38.40999535253256,38.42999902524496,38.44999894703429,38.46999511790055,38.489998790612944,38.50999871240227,38.5299986341916,38.54999855598093,38.569998477770255,38.58999839955958,38.60999832134891,38.62999824313824,38.64999816492757,38.669998086716895,38.68999800850622,38.70999793029555,38.73000160300794,38.749997773874206,38.769997695663534,38.78999761745286,38.80999753924219,38.82999746103152,38.849997382820845,38.86999730461017,38.890000977322565,38.90999714818883,38.93000082090122,38.949996991767485,38.96999691355681,38.98999683534614,39.00999675713547,39.029996678924796,39.05000035163719,39.06999652250345,39.08999644429278,39.10999636608211,39.1300000387945,39.149999960583834,39.16999613145009,39.18999980416249,39.20999972595181,39.229999647741145,39.249999569530466,39.2699994913198,39.28999941310912,39.309995583975386,39.329999256687785,39.34999917847711,39.36999910026644,39.38999902205577,39.409998943845096,39.429998865634424],"SMUCurrent":[5.297717933369438E-06,5.27453632412204E-06,5.297942997536882E-06,5.326076018468182E-06,5.356009552739087E-06,5.387068407847266E-06,5.426454637151085E-06,5.465840866454905E-06,5.506802544930886E-06,5.553615891760571E-06,5.5986287252506506E-06,5.64926816292699E-06,5.701708113942935E-06,5.757298963303203E-06,5.814690326003049E-06,5.879283742061316E-06,5.947478184798794E-06,6.021299231722532E-06,6.099846626162728E-06,6.18312036811938E-06,6.276071869276391E-06,6.372849461280084E-06,6.476829106642171E-06,6.5936374095489395E-06,6.723724498335277E-06,6.864164538824359E-06,7.020359071034947E-06,7.1938835441392025E-06,7.388338984816364E-06,7.6077765480805286E-06,7.853096490601473E-06,8.144329523282327E-06,8.471572822755233E-06,8.855757356593098E-06,9.31803915653627E-06,9.862694441766266E-06,1.0523707901568142E-05,1.1341816150250408E-05,1.2352579326270258E-05,1.3624867064867472E-05,1.5265134717246104E-05,1.7389290329643145E-05,2.0189538701061263E-05,2.3847956742967827E-05,2.868931204899375E-05,3.5095088382967545E-05,4.3455772075415695E-05,5.428608487729728E-05,6.808161808533812E-05,8.521777873084551E-05,0.00010612353911697997,0.0001309490170434309,0.00015975070361622836,0.0001925326499903865,0.0002289820169731492,0.00026882580172939906,0.0003117576919272362,0.00035728884819495816,0.0004056155264865817,0.00045514202185488353,0.000506560631678941,0.0005600853919819995,0.0006145189613932227,0.0006709630290122805,0.0007281261766463425,0.0007863622051666406,0.0008461905626716504,0.0009071273612013535,0.0009685730298136619,0.001031525052898716,0.0010948495571809008,0.0011586878829573746,0.001223831580905061,0.0012900447837764714,0.0013561812397667817,0.0014233685203549177,0.0014915177251947369,0.0015600657437392785,0.001628590355610405,0.0016988335574641827,0.0017699864686827954,0.0018395587542534033,0.0019107109902795135,0.001983300936207297,0.002054655504919945,0.002127432704235047,0.002200449596888484,0.002274847708337564,0.002348723670918159,0.002422812994329497,0.002498508600703929,0.0025744000129040425,0.0026476019083031235,0.0027243985285847227,0.0028015217169732923,0.0028774421624510075,0.002957479706743892,0.003033146279840723,0.0031101170997879287,0.0031886523407630824],