{"IsIVDone":true,"IsSPSDone":false,"SiPMLocation":{"Block":0,"Module":1,"Array":0,"SiPM":14},"Barcode":"00548","SiPMMeasurementDetails":{"DMMResistance":0,"IV":1,"SPS":0,"DarkCurrent":0,"ForwardResistance":0,"SPSVoltagesIsOffsets":0,"IVVoltages":[],"SPSVoltages":[],"OperatingVoltage":41.18},"Checks":{"SelectedForMeasurement":true,"DMMResistanceOK":true,"RForwardDone":true,"RForwardOK":true,"IDarkDone":true,"IDarkOK":true,"IVDone":true,"IVTemperatureOK":true,"IVMeasurementOK":true,"IVVoltageCheckOK":true,"IVCurrentCheckOK":true,"IVVbrOK":true},"Temperatures":[{"Block":0,"Module1":[25.008,24.945,25.0,25.039,25.016,24.984,24.977,25.047],"Module2":[25.039,24.992,24.992,24.961,25.047,25.016,24.953,25.0],"Pulser":28.234,"ControlTemperature":28.227,"Timestamp":1732543631},{"Block":0,"Module1":[25.008,24.953,25.0,25.031,25.016,24.984,24.977,25.047],"Module2":[25.039,24.992,24.984,24.969,25.055,25.016,24.961,25.0],"Pulser":28.242,"ControlTemperature":28.219,"Timestamp":1732543654}],"DMMResistanceResult":{"Identifier":{"Type":2,"ID":"163ccccd-90a2-4d01-927e-9ff420e83ea6"},"StartTimestamp":1732538725,"EndTimestamp":1732538727,"ErrorHappened":false,"ErrorMessage":null,"CorrectionPercentage":0,"Voltages":[29.999998232735635,29.999998232735635,29.999998232735635,29.999998232735635,29.999998232735635,29.999998232735635],"Currents":[3.2440074053843686E-06,3.2197004752997234E-06,3.2082222027597597E-06,3.201245213568782E-06,3.198544443559374E-06,3.196068737717437E-06],"Resistance":9342263.176130798},"IVMeasurementID":{"Type":0,"ID":"bbae9f82-6c77-48b5-b00d-fab95ec590fb"},"SPSMeasurementID":{"Type":999,"ID":"118982ac-5d81-4936-8da5-dfd819bc61f1"},"IVResult":{"Identifier":{"Type":0,"ID":"bbae9f82-6c77-48b5-b00d-fab95ec590fb"},"StartTimestamp":1732543633,"EndTimestamp":1732543656,"ErrorHappened":false,"ErrorMessage":null,"Temperatures":[{"Block":0,"Module1":[25.008,24.945,25.0,25.039,25.016,24.984,24.977,25.047],"Module2":[25.039,24.992,24.992,24.961,25.047,25.016,24.953,25.0],"Pulser":28.234,"ControlTemperature":28.227,"Timestamp":1732543631},{"Block":0,"Module1":[25.008,24.953,25.0,25.031,25.016,24.984,24.977,25.047],"Module2":[25.039,24.992,24.984,24.969,25.055,25.016,24.961,25.0],"Pulser":28.242,"ControlTemperature":28.219,"Timestamp":1732543654}],"SMUVoltage":[37.35999945859285,37.37999938038217,37.39999930217151,37.419995473037766,37.439999145750164,37.45999531661642,37.47999898932881,37.49999891111814,37.51999883290747,37.539998754696796,37.559998676486124,37.57999859827545,37.59999852006478,37.61999844185411,37.639998363643436,37.65999828543276,37.67999820722209,37.699998129011426,37.71999805080075,37.73999797259008,37.7599978943794,37.77999781616874,37.79999773795806,37.81999765974739,37.839997581536714,37.86000125424911,37.88000117603844,37.899997346904705,37.919997268694026,37.93999719048336,37.95999711227268,37.979997034062016,38.00000070677441,38.01999687764067,38.03999679942999,38.05999672121933,38.079996643008656,38.10000031572105,38.11999648658731,38.1400001592997,38.15999633016597,38.18000000287836,38.19999992466769,38.219999846457014,38.23999976824634,38.259995939112606,38.279995860901934,38.29999578269126,38.319999455403654,38.33999937719298,38.35999929898231,38.37999922077164,38.39999914256097,38.41999906435029,38.43999898613963,38.45999890792895,38.479998829718284,38.499998751507604,38.51999867329694,38.53999859508626,38.559998516875595,38.579998438664916,38.59999836045425,38.61999828224357,38.639998204032906,38.65999812582223,38.67999804761156,38.69999796940088,38.71999789119022,38.73999781297954,38.75999773476887,38.779997656558194,38.79999757834752,38.81999750013686,38.83999742192618,38.85999734371551,38.880001016427904,38.89999718729417,38.91999710908349,38.939997030872824,38.959996952662145,38.97999687445148,38.9999967962408,39.0200004689532,39.03999663981946,39.05999656160879,39.07999648339811,39.10000015611051,39.12000007789984,39.13999999968917,39.159999921478494,39.17999984326782,39.19999976505715,39.21999968684648,39.239999608635806,39.259999530425134,39.2799957012914,39.29999937400379,39.31999554487005,39.339999217582445],"SMUCurrent":[4.291681104866046E-06,4.24779359221324E-06,4.24419256553403E-06,4.2448677580363885E-06,4.251394618892451E-06,4.258146543915958E-06,4.2666989822790695E-06,4.274351163972379E-06,4.285154244009984E-06,4.296182388215087E-06,4.305860147415445E-06,4.320489318299705E-06,4.3321926550071396E-06,4.343670927547103E-06,4.35604945675687E-06,4.3709036918086275E-06,4.386208055195246E-06,4.402187611084223E-06,4.419292487810447E-06,4.438197877876276E-06,4.45980403795154E-06,4.480735005524418E-06,4.504591807274176E-06,4.53092431486587E-06,4.560182656634416E-06,4.589666062570434E-06,4.621400110180917E-06,4.660111146982405E-06,4.70264827463052E-06,4.748336300622959E-06,4.80190157247615E-06,4.8637942185250096E-06,4.9353646237742545E-06,5.013461889879562E-06,5.114065572729882E-06,5.2286232339621575E-06,5.365462247772002E-06,5.536736079201791E-06,5.747621204102817E-06,6.0181483333782365E-06,6.363846894582057E-06,6.817351191994647E-06,7.414446428240614E-06,8.196994538465716E-06,9.230039067063134E-06,1.0618234851897314E-05,1.2440129287408453E-05,1.4824234013210725E-05,1.791639060981203E-05,2.178929480329883E-05,2.6602742152560924E-05,3.245981204629061E-05,3.934227428692441E-05,4.732845120473504E-05,5.639786196048455E-05,6.642537087707048E-05,7.739904955361799E-05,8.923809995401233E-05,0.00010174964208674853,0.00011513398306085745,0.00012894211986227551,0.0001433829120383967,0.00015836948482058515,0.00017388720903795658,0.00018989962429538404,0.00020611437223934942,0.0002231539803570206,0.00024045016162558525,0.00025846879887166574,0.0002765169195236822,0.0002948283652516157,0.0003142804361801879,0.00033322228664115,0.0003526428485862791,0.0003730518923548505,0.00039332702294378886,0.0004140660107818426,0.00043517883020203146,0.0004566828111452491,0.0004781451552174884,0.0005004586919710253,0.0005220031844643839,0.000544577120459661,0.0005672667394370074,0.0005903148856331024,0.0006144233091220563,0.0006368795365577567,0.0006604329518097778,0.0006845499277370948,0.0007091030780209307,0.0007334536705540614,0.0007580408055271823,0.0007837528112092204,0.0008088260847840343,0.0008337451894041446,0.0008581995365184698,0.0008847901927102344,0.0009110934419601647,0.0009363834523282333,0.0009628476224578908],