{"IsIVDone":true,"IsSPSDone":false,"SiPMLocation":{"Block":0,"Module":1,"Array":0,"SiPM":2},"Barcode":"00548","SiPMMeasurementDetails":{"DMMResistance":0,"IV":1,"SPS":0,"DarkCurrent":0,"ForwardResistance":0,"SPSVoltagesIsOffsets":0,"IVVoltages":[],"SPSVoltages":[],"OperatingVoltage":41.28},"Checks":{"SelectedForMeasurement":true,"DMMResistanceOK":true,"RForwardDone":true,"RForwardOK":true,"IDarkDone":true,"IDarkOK":true,"IVDone":true,"IVTemperatureOK":true,"IVMeasurementOK":true,"IVVoltageCheckOK":true,"IVCurrentCheckOK":true,"IVVbrOK":true},"Temperatures":[{"Block":0,"Module1":[25.008,24.945,25.0,25.039,25.016,24.984,24.977,25.047],"Module2":[25.039,24.992,24.992,24.961,25.047,25.016,24.961,25.0],"Pulser":28.219,"ControlTemperature":28.203,"Timestamp":1732543562},{"Block":0,"Module1":[25.0,24.945,25.0,25.039,25.016,24.977,24.969,25.047],"Module2":[25.039,24.992,24.992,24.961,25.055,25.016,24.961,25.0],"Pulser":28.219,"ControlTemperature":28.211,"Timestamp":1732543585}],"DMMResistanceResult":{"Identifier":{"Type":2,"ID":"163ccccd-90a2-4d01-927e-9ff420e83ea6"},"StartTimestamp":1732538725,"EndTimestamp":1732538727,"ErrorHappened":false,"ErrorMessage":null,"CorrectionPercentage":0,"Voltages":[29.999998232735635,29.999998232735635,29.999998232735635,29.999998232735635,29.999998232735635,29.999998232735635],"Currents":[3.2440074053843686E-06,3.2197004752997234E-06,3.2082222027597597E-06,3.201245213568782E-06,3.198544443559374E-06,3.196068737717437E-06],"Resistance":9342263.176130798},"IVMeasurementID":{"Type":0,"ID":"2dd94691-6fd4-4f5f-9d6d-d72441a75ef2"},"SPSMeasurementID":{"Type":999,"ID":"d0b1413c-a9ab-498f-ba63-5ea05678544e"},"IVResult":{"Identifier":{"Type":0,"ID":"2dd94691-6fd4-4f5f-9d6d-d72441a75ef2"},"StartTimestamp":1732543565,"EndTimestamp":1732543587,"ErrorHappened":false,"ErrorMessage":null,"Temperatures":[{"Block":0,"Module1":[25.008,24.945,25.0,25.039,25.016,24.984,24.977,25.047],"Module2":[25.039,24.992,24.992,24.961,25.047,25.016,24.961,25.0],"Pulser":28.219,"ControlTemperature":28.203,"Timestamp":1732543562},{"Block":0,"Module1":[25.0,24.945,25.0,25.039,25.016,24.977,24.969,25.047],"Module2":[25.039,24.992,24.992,24.961,25.055,25.016,24.961,25.0],"Pulser":28.219,"ControlTemperature":28.211,"Timestamp":1732543585}],"SMUVoltage":[37.469999028434145,37.48999895022348,37.50999887201281,37.529998793802136,37.549998715591464,37.56999863738079,37.58999855917012,37.60999848095945,37.629998402748775,37.6499983245381,37.66999824632743,37.68999816811676,37.70999808990609,37.729998011695415,37.74999793348474,37.76999785527407,37.7899977770634,37.809997698852726,37.829997620642054,37.850001293354445,37.86999746422071,37.88999738601004,37.909997307799365,37.92999722958869,37.94999715137802,37.96999707316735,37.98999699495668,38.009996916746005,38.02999683853533,38.050000511247724,38.07000043303706,38.09000035482638,38.109996525692644,38.12999644748197,38.1499963692713,38.16999629106063,38.189996212849955,38.209999885562354,38.22999980735168,38.24999972914101,38.26999965093034,38.289999572719665,38.30999949450899,38.32999941629832,38.34999933808765,38.36999925987698,38.389999181666305,38.40999910345563,38.42999902524496,38.44999894703429,38.469998868823616,38.489998790612944,38.50999871240227,38.5299986341916,38.54999855598093,38.569998477770255,38.58999839955958,38.60999832134891,38.62999824313824,38.64999816492757,38.669998086716895,38.68999800850622,38.70999793029555,38.72999785208488,38.749997773874206,38.769997695663534,38.78999761745286,38.80999753924219,38.83000121195458,38.85000113374391,38.86999730461017,38.8899972263995,38.90999714818883,38.92999706997816,38.949996991767485,38.970000664479876,38.99000058626921,39.00999675713547,39.03000042984787,39.049996600714124,39.07000027342652,39.08999644429278,39.10999636608211,39.129996287871435,39.14999620966076,39.169999882373155,39.18999980416249,39.20999972595181,39.229999647741145,39.249999569530466,39.2699994913198,39.28999941310912,39.30999933489846,39.329999256687785,39.34999917847711,39.36999910026644,39.38999902205577,39.409998943845096,39.429998865634424,39.44999878742375],"SMUCurrent":[4.750586942297452E-06,4.714351611337928E-06,4.7217787288638205E-06,4.7355076430783045E-06,4.7541879689766626E-06,4.7708427173679985E-06,4.793124069945594E-06,4.816755807527881E-06,4.841512865947441E-06,4.86739524520422E-06,4.894853073633188E-06,4.926136992908784E-06,4.955620398844801E-06,4.990730408967051E-06,5.024715098252082E-06,5.0616256217139645E-06,5.102812364357362E-06,5.146699877010195E-06,5.192387903002634E-06,5.2450529181860225E-06,5.299743510876488E-06,5.358260194413607E-06,5.421053097132269E-06,5.492848566548931E-06,5.572296217658956E-06,5.658495793792461E-06,5.755273385796126E-06,5.8617287370001775E-06,5.980337553246551E-06,6.1169515028889514E-06,6.2756217409415036E-06,6.458823973246145E-06,6.6733101248263814E-06,6.922006029859093E-06,7.226292784252072E-06,7.587070644675094E-06,8.025720707035953E-06,8.576677788954594E-06,9.281353697241832E-06,1.017643389119216E-05,1.1339340444408471E-05,1.2850196200503124E-05,1.4854167547481657E-05,1.7523428573443608E-05,2.1064363119941044E-05,2.5702035354424363E-05,3.1772691143064485E-05,3.958759422944535E-05,4.944923085462034E-05,6.149128913405497E-05,7.609412751074046E-05,9.328047746558928E-05,0.00011288131580884622,0.00013490474485053944,0.00015918511736342546,0.0001854523563465638,0.0002135815511870194,0.0002431720876667306,0.0002740943288252459,0.0003062584740597526,0.0003397912344965254,0.0003742472081481797,0.0004096534027148097,0.00044620629921459954,0.00048374520183198976,0.00052178284664445,0.0005606509782348024,0.0006006347529032064,0.0006418644828026159,0.0006827525652958358,0.000725343708344153,0.0007671376741113607,0.0008104532987147007,0.000854789364253261,0.0009000445918516889,0.0009453362798452435,0.0009892505751340017,0.0010362475743243282,0.001081719763780178,0.0011294110859270893,0.0011778111351373017,0.001226163695808182,0.0012756618330913851,0.0013245570234699886,0.0013745946395625703,0.001424327068644089,0.0014740023314270758,0.0015248094419081702,0.001577010149714118,0.001627513198504987,0.0016768281335558855,0.0017286570353572052,0.001783126389971053,0.0018354250006898415,0.00188744115587848,0.0019427499998369178,0.00199818735543497,0.0020527890477792785,0.0021051382979357437,0.0021588307310435526],