{"IsIVDone":true,"IsSPSDone":false,"SiPMLocation":{"Block":0,"Module":1,"Array":1,"SiPM":7},"Barcode":"00549","SiPMMeasurementDetails":{"DMMResistance":0,"IV":1,"SPS":0,"DarkCurrent":0,"ForwardResistance":0,"SPSVoltagesIsOffsets":0,"IVVoltages":[],"SPSVoltages":[],"OperatingVoltage":41.2},"Checks":{"SelectedForMeasurement":true,"DMMResistanceOK":true,"RForwardDone":true,"RForwardOK":true,"IDarkDone":true,"IDarkOK":true,"IVDone":true,"IVTemperatureOK":true,"IVMeasurementOK":true,"IVVoltageCheckOK":true,"IVCurrentCheckOK":true,"IVVbrOK":true},"Temperatures":[{"Block":0,"Module1":[25.008,24.945,24.992,25.039,25.016,24.977,24.969,25.047],"Module2":[25.039,24.992,24.992,24.969,25.047,25.008,24.953,25.008],"Pulser":28.297,"ControlTemperature":28.352,"Timestamp":1732544045},{"Block":0,"Module1":[25.008,24.945,24.992,25.039,25.016,24.984,24.977,25.047],"Module2":[25.039,24.992,24.984,24.969,25.055,25.016,24.953,25.008],"Pulser":28.297,"ControlTemperature":28.367,"Timestamp":1732544068}],"DMMResistanceResult":{"Identifier":{"Type":2,"ID":"163ccccd-90a2-4d01-927e-9ff420e83ea6"},"StartTimestamp":1732538725,"EndTimestamp":1732538727,"ErrorHappened":false,"ErrorMessage":null,"CorrectionPercentage":0,"Voltages":[29.999998232735635,29.999998232735635,29.999998232735635,29.999998232735635,29.999998232735635,29.999998232735635],"Currents":[3.2440074053843686E-06,3.2197004752997234E-06,3.2082222027597597E-06,3.201245213568782E-06,3.198544443559374E-06,3.196068737717437E-06],"Resistance":9342263.176130798},"IVMeasurementID":{"Type":0,"ID":"6010d99a-c2e0-492b-932e-e083da49766c"},"SPSMeasurementID":{"Type":999,"ID":"a3819138-a0cd-4b90-a92e-f98d5d3cc8f1"},"IVResult":{"Identifier":{"Type":0,"ID":"6010d99a-c2e0-492b-932e-e083da49766c"},"StartTimestamp":1732544048,"EndTimestamp":1732544070,"ErrorHappened":false,"ErrorMessage":null,"Temperatures":[{"Block":0,"Module1":[25.008,24.945,24.992,25.039,25.016,24.977,24.969,25.047],"Module2":[25.039,24.992,24.992,24.969,25.047,25.008,24.953,25.008],"Pulser":28.297,"ControlTemperature":28.352,"Timestamp":1732544045},{"Block":0,"Module1":[25.008,24.945,24.992,25.039,25.016,24.984,24.977,25.047],"Module2":[25.039,24.992,24.984,24.969,25.055,25.016,24.953,25.008],"Pulser":28.297,"ControlTemperature":28.367,"Timestamp":1732544068}],"SMUVoltage":[37.37999938038217,37.39999930217151,37.41999922396083,37.439999145750164,37.459999067539485,37.47999898932881,37.49999891111814,37.51999883290747,37.539998754696796,37.559998676486124,37.57999859827545,37.59999852006478,37.619994690931044,37.639998363643436,37.65999828543276,37.67999820722209,37.699998129011426,37.71999805080075,37.73999797259008,37.7599978943794,37.77999781616874,37.79999773795806,37.81999765974739,37.839997581536714,37.85999750332605,37.88000117603844,37.899997346904705,37.9200010196171,37.93999719048336,37.95999711227268,37.98000078498508,38.00000070677441,38.020000628563736,38.03999679942999,38.06000047214239,38.079996643008656,38.10000031572105,38.120000237510375,38.1400001592997,38.16000008108903,38.18000000287836,38.19999992466769,38.219999846457014,38.23999601732328,38.25999969003567,38.279999611825,38.299999533614326,38.319999455403654,38.33999937719298,38.35999929898231,38.37999922077164,38.39999914256097,38.41999906435029,38.43999898613963,38.45999890792895,38.479998829718284,38.499998751507604,38.51999867329694,38.53999859508626,38.559998516875595,38.579998438664916,38.59999836045425,38.61999828224357,38.639998204032906,38.65999812582223,38.67999804761156,38.69999796940088,38.71999789119022,38.73999781297954,38.75999773476887,38.779997656558194,38.80000132927059,38.81999750013686,38.83999742192618,38.85999734371551,38.879997265504834,38.89999718729417,38.91999710908349,38.939997030872824,38.959996952662145,38.97999687445148,38.9999967962408,39.019996718030136,39.04000039074253,39.060000312531855,39.08000023432118,39.09999640518745,39.12000007789984,39.13999999968917,39.159996170555424,39.17999609234476,39.199996014134086,39.219995935923414,39.239999608635806,39.259999530425134,39.2799957012914,39.29999937400379,39.31999929579312,39.339999217582445,39.35999913937177],"SMUCurrent":[4.200530117048641E-06,4.1543919627213145E-06,4.147640037697781E-06,4.14831523020014E-06,4.1487653585350545E-06,4.1541668985538435E-06,4.158893246070328E-06,4.166995556098525E-06,4.175097866126749E-06,4.181849791150255E-06,4.188826780341233E-06,4.194678448694937E-06,4.203906079560407E-06,4.2117833254211605E-06,4.220785892119187E-06,4.2309137796544606E-06,4.240591538854819E-06,4.251619683059895E-06,4.262197698930056E-06,4.2745762281398226E-06,4.28717982151706E-06,4.302484184903678E-06,4.317788548290297E-06,4.3353435533514625E-06,4.3515481734078835E-06,4.369103178468995E-06,4.39205972354895E-06,4.415241332796348E-06,4.442699161225289E-06,4.471282310491504E-06,4.503691550604346E-06,4.539476753228982E-06,4.583139201714371E-06,4.6301776127115E-06,4.686893782909014E-06,4.756663674818627E-06,4.8397123526078354E-06,4.936264880444057E-06,5.060275236709247E-06,5.219170538929243E-06,5.419477647960108E-06,5.680101953867698E-06,6.019723782550371E-06,6.468501732446503E-06,7.063346327017977E-06,7.84319366723367E-06,8.871736912482075E-06,1.0220321403844992E-05,1.19560162632226E-05,1.4151742280868885E-05,1.685723863779036E-05,2.0173559145172286E-05,2.4118708936410663E-05,2.872307167411131E-05,3.401342999420085E-05,3.9991809474186307E-05,4.659001567133023E-05,5.372792574202023E-05,6.15302252350239E-05,6.972166067354931E-05,7.841273856381466E-05,8.74738219453685E-05,9.701474213192663E-05,0.0001067991817476661,0.00011709699272936,0.00012765385256778932,0.0001385930964267169,0.00014979904132407323,0.0001613038714358037,0.0001732752595666589,0.00018531506720441903,0.0001977037243017273,0.00021023867310787834,0.00022331940252009666,0.00023637830070807227,0.00025002394118059113,0.00026360341278787957,0.000277779979631414,0.00029177064347263434,0.00030629515951904705,0.0003207244734226283,0.00033570969581981204,0.00035059836568915954,0.00036601323558200615,0.0003812809135093401,0.00039662691376694695,0.0004124930373155316,0.0004285392121980766,0.00044471930026025464,0.00046092639602252674,0.00047716680128158146,0.0004938012938978419,0.0005108496795180436,0.0005281026484664577,0.0005449957398111188,0.0005623477369932111,0.0005796126343425002,0.0005970040177538963,0.0006150971512394028,0.0006330703255236584],