{"IsIVDone":true,"IsSPSDone":false,"SiPMLocation":{"Block":0,"Module":1,"Array":0,"SiPM":0},"Barcode":"00548","SiPMMeasurementDetails":{"DMMResistance":0,"IV":1,"SPS":0,"DarkCurrent":0,"ForwardResistance":0,"SPSVoltagesIsOffsets":0,"IVVoltages":[],"SPSVoltages":[],"OperatingVoltage":41.24},"Checks":{"SelectedForMeasurement":true,"DMMResistanceOK":true,"RForwardDone":true,"RForwardOK":true,"IDarkDone":true,"IDarkOK":true,"IVDone":true,"IVTemperatureOK":true,"IVMeasurementOK":true,"IVVoltageCheckOK":true,"IVCurrentCheckOK":true,"IVVbrOK":true},"Temperatures":[{"Block":0,"Module1":[25.0,24.945,25.0,25.039,25.016,24.984,24.977,25.055],"Module2":[25.047,24.992,24.984,24.961,25.047,25.023,24.961,24.992],"Pulser":28.227,"ControlTemperature":28.125,"Timestamp":1732543378},{"Block":0,"Module1":[25.0,24.953,25.0,25.039,25.016,24.977,24.977,25.047],"Module2":[25.047,24.992,24.984,24.961,25.047,25.016,24.961,25.0],"Pulser":28.234,"ControlTemperature":28.148,"Timestamp":1732543401}],"DMMResistanceResult":{"Identifier":{"Type":2,"ID":"163ccccd-90a2-4d01-927e-9ff420e83ea6"},"StartTimestamp":1732538725,"EndTimestamp":1732538727,"ErrorHappened":false,"ErrorMessage":null,"CorrectionPercentage":0,"Voltages":[29.999998232735635,29.999998232735635,29.999998232735635,29.999998232735635,29.999998232735635,29.999998232735635],"Currents":[3.2440074053843686E-06,3.2197004752997234E-06,3.2082222027597597E-06,3.201245213568782E-06,3.198544443559374E-06,3.196068737717437E-06],"Resistance":9342263.176130798},"IVMeasurementID":{"Type":0,"ID":"4def23ed-f87d-43cb-961f-e5f6b52e50df"},"SPSMeasurementID":{"Type":999,"ID":"9ae24b08-09a8-4d44-84d9-db558af1d10b"},"IVResult":{"Identifier":{"Type":0,"ID":"4def23ed-f87d-43cb-961f-e5f6b52e50df"},"StartTimestamp":1732543381,"EndTimestamp":1732543403,"ErrorHappened":false,"ErrorMessage":null,"Temperatures":[{"Block":0,"Module1":[25.0,24.945,25.0,25.039,25.016,24.984,24.977,25.055],"Module2":[25.047,24.992,24.984,24.961,25.047,25.023,24.961,24.992],"Pulser":28.227,"ControlTemperature":28.125,"Timestamp":1732543378},{"Block":0,"Module1":[25.0,24.953,25.0,25.039,25.016,24.977,24.977,25.047],"Module2":[25.047,24.992,24.984,24.961,25.047,25.016,24.961,25.0],"Pulser":28.234,"ControlTemperature":28.148,"Timestamp":1732543401}],"SMUVoltage":[37.4299991848555,37.449999106644825,37.469999028434145,37.48999519930041,37.50999887201281,37.529998793802136,37.549998715591464,37.56999863738079,37.58999855917012,37.60999848095945,37.629998402748775,37.6499983245381,37.66999824632743,37.68999816811676,37.70999808990609,37.729998011695415,37.74999793348474,37.76999785527407,37.7899977770634,37.809997698852726,37.829997620642054,37.84999754243138,37.86999746422071,37.8900011369331,37.910001058722436,37.92999722958869,37.94999715137802,37.97000082409041,37.98999699495668,38.009996916746005,38.02999683853533,38.050000511247724,38.06999668211399,38.089996603903316,38.110000276615715,38.130000198405035,38.15000012019437,38.17000004198369,38.189999963773026,38.20999613463928,38.22999980735168,38.24999972914101,38.26999965093034,38.289995821796595,38.30999949450899,38.32999941629832,38.34999933808765,38.36999925987698,38.389999181666305,38.40999910345563,38.42999902524496,38.44999894703429,38.469998868823616,38.489998790612944,38.50999871240227,38.5299986341916,38.54999855598093,38.569998477770255,38.58999839955958,38.60999457042584,38.6300019940613,38.64999816492757,38.669998086716895,38.68999800850622,38.70999793029555,38.72999785208488,38.749997773874206,38.769997695663534,38.78999761745286,38.80999753924219,38.82999746103152,38.849997382820845,38.86999730461017,38.8899972263995,38.90999714818883,38.92999706997816,38.949996991767485,38.96999691355681,38.98999683534614,39.00999675713547,39.029996678924796,39.049996600714124,39.07000027342652,39.08999644429278,39.11000011700518,39.129996287871435,39.149999960583834,39.169999882373155,39.18999980416249,39.20999597502875,39.229999647741145,39.249999569530466,39.2699994913198,39.28999941310912,39.30999933489846,39.329999256687785,39.34999917847711,39.36999910026644,39.38999902205577,39.409998943845096],"SMUCurrent":[4.856592165166615E-06,4.823282668383943E-06,4.835886261761181E-06,4.851640753482714E-06,4.869870951046184E-06,4.892602431958695E-06,4.918259747048031E-06,4.9439170621373935E-06,4.971374890566307E-06,5.000633232334881E-06,5.032142215777947E-06,5.0643263917233455E-06,5.10191210768756E-06,5.137472246144725E-06,5.1739326412716924E-06,5.216694833087279E-06,5.262832987414632E-06,5.31189697591881E-06,5.3632116060975084E-06,5.418352327122861E-06,5.478669523999559E-06,5.544388260895073E-06,5.617309051149036E-06,5.6974318947613655E-06,5.779355251713328E-06,5.87253181703781E-06,5.975836269897538E-06,6.090844059464701E-06,6.225432431600052E-06,6.370148691270676E-06,6.5335452768396855E-06,6.73025135919134E-06,6.956665911646455E-06,7.217965410056404E-06,7.533730436989347E-06,7.912513430808395E-06,8.383122604947209E-06,8.949384050252468E-06,9.66778887275419E-06,1.0588976510128768E-05,1.1776189993429725E-05,1.3321930695479211E-05,1.5353359870886685E-05,1.801586897182513E-05,2.152799530488888E-05,2.6108501240839797E-05,3.204974513319594E-05,3.963238199876799E-05,4.915687250110224E-05,6.080124239665199E-05,7.484412112472084E-05,9.159519697972056E-05,0.00011086946721600693,0.00013288029266432294,0.00015723786218664444,0.00018424803798653658,0.00021315325407636127,0.00024433206838577,0.00027703794307132996,0.0003111743256052047,0.00034684609588942617,0.0003837581948004669,0.0004216635018824664,0.00046084964914142615,0.0005004040013783348,0.0005412376183430317,0.0005832829807852814,0.0006260937864610303,0.0006692520912113224,0.0007135350416063645,0.0007584727036645196,0.0008039401667728531,0.0008495370417774707,0.0008959466234907515,0.0009433518890808331,0.000991463856156709,0.001039640866776978,0.0010885871467215928,0.0011374742347901679,0.0011866667349339733,0.0012376190118030734,0.0012882242397259651,0.001339604588641556,0.0013909237201036005,0.001442722688370649,0.001494947027914179,0.0015476748360002957,0.0016019159755483487,0.0016550754567076352,0.001709496872653816,0.0017631539706873354,0.0018174633046781261,0.0018710571596805916,0.0019265663107480605,0.001979567346733462,0.0020363573379778913,0.0020899300369486163,0.002146206431762924,0.0022020421509373633,0.0022596833348630897],