{"IsIVDone":true,"IsSPSDone":false,"SiPMLocation":{"Block":0,"Module":1,"Array":2,"SiPM":12},"Barcode":"00547","SiPMMeasurementDetails":{"DMMResistance":0,"IV":1,"SPS":0,"DarkCurrent":0,"ForwardResistance":0,"SPSVoltagesIsOffsets":0,"IVVoltages":[],"SPSVoltages":[],"OperatingVoltage":41.21},"Checks":{"SelectedForMeasurement":true,"DMMResistanceOK":true,"RForwardDone":true,"RForwardOK":true,"IDarkDone":true,"IDarkOK":true,"IVDone":true,"IVTemperatureOK":true,"IVMeasurementOK":true,"IVVoltageCheckOK":true,"IVCurrentCheckOK":true,"IVVbrOK":true},"Temperatures":[{"Block":0,"Module1":[25.0,24.945,25.0,25.039,25.023,24.984,24.977,25.047],"Module2":[25.039,24.992,24.984,24.969,25.047,25.016,24.953,25.0],"Pulser":28.328,"ControlTemperature":28.398,"Timestamp":1732544185},{"Block":0,"Module1":[25.008,24.945,25.0,25.039,25.016,24.977,24.969,25.055],"Module2":[25.039,24.984,24.984,24.969,25.055,25.016,24.953,25.008],"Pulser":28.328,"ControlTemperature":28.414,"Timestamp":1732544208}],"DMMResistanceResult":{"Identifier":{"Type":2,"ID":"163ccccd-90a2-4d01-927e-9ff420e83ea6"},"StartTimestamp":1732538725,"EndTimestamp":1732538727,"ErrorHappened":false,"ErrorMessage":null,"CorrectionPercentage":0,"Voltages":[29.999998232735635,29.999998232735635,29.999998232735635,29.999998232735635,29.999998232735635,29.999998232735635],"Currents":[3.2440074053843686E-06,3.2197004752997234E-06,3.2082222027597597E-06,3.201245213568782E-06,3.198544443559374E-06,3.196068737717437E-06],"Resistance":9342263.176130798},"IVMeasurementID":{"Type":0,"ID":"2cfb2623-0def-4b67-b081-72215436cd2d"},"SPSMeasurementID":{"Type":999,"ID":"ebc9c4db-7b20-4695-9ba6-b7f6a847cccd"},"IVResult":{"Identifier":{"Type":0,"ID":"2cfb2623-0def-4b67-b081-72215436cd2d"},"StartTimestamp":1732544188,"EndTimestamp":1732544210,"ErrorHappened":false,"ErrorMessage":null,"Temperatures":[{"Block":0,"Module1":[25.0,24.945,25.0,25.039,25.023,24.984,24.977,25.047],"Module2":[25.039,24.992,24.984,24.969,25.047,25.016,24.953,25.0],"Pulser":28.328,"ControlTemperature":28.398,"Timestamp":1732544185},{"Block":0,"Module1":[25.008,24.945,25.0,25.039,25.016,24.977,24.969,25.055],"Module2":[25.039,24.984,24.984,24.969,25.055,25.016,24.953,25.008],"Pulser":28.328,"ControlTemperature":28.414,"Timestamp":1732544208}],"SMUVoltage":[37.39999930217151,37.41999922396083,37.439999145750164,37.45999531661642,37.47999898932881,37.49999891111814,37.51999883290747,37.539998754696796,37.559998676486124,37.57999859827545,37.59999852006478,37.61999844185411,37.639998363643436,37.65999828543276,37.67999820722209,37.699998129011426,37.71999805080075,37.73999797259008,37.7599978943794,37.77999781616874,37.80000148888113,37.81999765974739,37.839997581536714,37.85999750332605,37.87999742511537,37.899997346904705,37.9200010196171,37.93999719048336,37.96000086319575,37.979997034062016,37.99999695585134,38.020000628563736,38.03999679942999,38.05999672121933,38.079996643008656,38.09999656479798,38.11999648658731,38.13999640837664,38.15999633016597,38.18000000287836,38.19999992466769,38.219999846457014,38.23999601732328,38.25999969003567,38.279999611825,38.299999533614326,38.319999455403654,38.33999937719298,38.35999929898231,38.37999922077164,38.39999914256097,38.41999906435029,38.43999523521656,38.45999890792895,38.479998829718284,38.499998751507604,38.51999867329694,38.53999859508626,38.559998516875595,38.579998438664916,38.59999836045425,38.61999828224357,38.639998204032906,38.65999812582223,38.67999804761156,38.69999796940088,38.71999789119022,38.73999781297954,38.75999773476887,38.779997656558194,38.79999757834752,38.81999750013686,38.83999742192618,38.85999734371551,38.879997265504834,38.89999718729417,38.92000086000656,38.94000078179589,38.960000703585216,38.97999687445148,38.9999967962408,39.019996718030136,39.03999663981946,39.060000312531855,39.08000023432118,39.10000015611051,39.12000007789984,39.13999999968917,39.159996170555424,39.17999984326782,39.19999976505715,39.21999968684648,39.239999608635806,39.259999530425134,39.27999945221446,39.29999937400379,39.31999929579312,39.339999217582445,39.35999538844871,39.3799990611611],"SMUCurrent":[5.768327107508252E-06,5.757524027470647E-06,5.788582882578798E-06,5.830444817724582E-06,5.876582972051908E-06,5.925872024723557E-06,5.9796623607441925E-06,6.0345780176021015E-06,6.092644572804306E-06,6.157688117197489E-06,6.223631918260474E-06,6.292501553500283E-06,6.3663226004240215E-06,6.445545187366576E-06,6.534445533509488E-06,6.628072227168858E-06,6.7268753966796E-06,6.830404913706772E-06,6.94586283160885E-06,7.070323316208928E-06,7.201085597497624E-06,7.346026921335692E-06,7.505372351890603E-06,7.680022145832105E-06,7.880104190695553E-06,8.095715663113037E-06,8.337209514787326E-06,8.605035874053338E-06,8.912698590958057E-06,9.256146510487384E-06,9.663512653572648E-06,1.0132096250204412E-05,1.0681928011285806E-05,1.133641461023162E-05,1.2117837399619474E-05,1.3076385688790795E-05,1.4260898402082344E-05,1.575014799810176E-05,1.7635285464666448E-05,2.006732885813568E-05,2.323375662999561E-05,2.737246160524137E-05,3.282171522755088E-05,3.998775831917221E-05,4.9291235809070146E-05,6.132699229181617E-05,7.658926867913137E-05,9.566818321807077E-05,0.00011893194088658326,0.0001467701277585255,0.00017925633981665377,0.00021658165653913348,0.0002581435811496999,0.000304019085593621,0.00035353950422940166,0.0004067701056656024,0.0004625317787289506,0.0005208875413863323,0.0005820221713192243,0.0006450477903870346,0.0007098622194577411,0.000775688311961137,0.0008434949691380967,0.0009126430087530608,0.0009825423125589745,0.0010540681551030524,0.0011267548786228394,0.0012001071168857773,0.0012743744660535688,0.0013501963334259402,0.001426335316210249,0.001503132836748518,0.0015809550744411889,0.0016589013224901248,0.001739195664998071,0.0018193882785023294,0.0019004021511536144,0.0019808553889637806,0.002063033293489119,0.0021449557501844016,0.0022277953433620444,0.002311718395441794,0.002396610798890752,0.002479935180285083,0.0025644719823494696,0.002650349041531023,0.0027362805662411002,0.0028235228646624083,0.0029093443329946014,0.002996734048445589,0.003084643887187556,0.0031709868291957314,0.003261156987371402,0.003350551799490206,0.0034385116024773462,0.0035267223520111927,0.0036162404992937597,0.0037057289381062226,0.0037957953417006984,0.0038863206511326057],