{"IsIVDone":true,"IsSPSDone":false,"SiPMLocation":{"Block":0,"Module":1,"Array":3,"SiPM":9},"Barcode":"00546","SiPMMeasurementDetails":{"DMMResistance":0,"IV":1,"SPS":0,"DarkCurrent":0,"ForwardResistance":0,"SPSVoltagesIsOffsets":0,"IVVoltages":[],"SPSVoltages":[],"OperatingVoltage":41.3},"Checks":{"SelectedForMeasurement":true,"DMMResistanceOK":true,"RForwardDone":true,"RForwardOK":true,"IDarkDone":true,"IDarkOK":true,"IVDone":true,"IVTemperatureOK":true,"IVMeasurementOK":true,"IVVoltageCheckOK":true,"IVCurrentCheckOK":true,"IVVbrOK":true},"Temperatures":[{"Block":0,"Module1":[25.008,24.945,25.0,25.039,25.016,24.969,24.969,25.055],"Module2":[25.047,24.984,24.984,24.969,25.055,25.008,24.945,25.008],"Pulser":28.383,"ControlTemperature":28.531,"Timestamp":1732544623},{"Block":0,"Module1":[25.016,24.945,25.0,25.039,25.023,24.977,24.969,25.055],"Module2":[25.047,24.984,24.984,24.969,25.055,25.008,24.953,25.0],"Pulser":28.391,"ControlTemperature":28.539,"Timestamp":1732544646}],"DMMResistanceResult":{"Identifier":{"Type":2,"ID":"163ccccd-90a2-4d01-927e-9ff420e83ea6"},"StartTimestamp":1732538725,"EndTimestamp":1732538727,"ErrorHappened":false,"ErrorMessage":null,"CorrectionPercentage":0,"Voltages":[29.999998232735635,29.999998232735635,29.999998232735635,29.999998232735635,29.999998232735635,29.999998232735635],"Currents":[3.2440074053843686E-06,3.2197004752997234E-06,3.2082222027597597E-06,3.201245213568782E-06,3.198544443559374E-06,3.196068737717437E-06],"Resistance":9342263.176130798},"IVMeasurementID":{"Type":0,"ID":"7a569875-9fd6-4f94-8415-4d53771cba3b"},"SPSMeasurementID":{"Type":999,"ID":"475e9ced-f08f-4367-90e1-f78765083e58"},"IVResult":{"Identifier":{"Type":0,"ID":"7a569875-9fd6-4f94-8415-4d53771cba3b"},"StartTimestamp":1732544626,"EndTimestamp":1732544648,"ErrorHappened":false,"ErrorMessage":null,"Temperatures":[{"Block":0,"Module1":[25.008,24.945,25.0,25.039,25.016,24.969,24.969,25.055],"Module2":[25.047,24.984,24.984,24.969,25.055,25.008,24.945,25.008],"Pulser":28.383,"ControlTemperature":28.531,"Timestamp":1732544623},{"Block":0,"Module1":[25.016,24.945,25.0,25.039,25.023,24.977,24.969,25.055],"Module2":[25.047,24.984,24.984,24.969,25.055,25.008,24.953,25.0],"Pulser":28.391,"ControlTemperature":28.539,"Timestamp":1732544646}],"SMUVoltage":[37.48999895022348,37.50999887201281,37.529998793802136,37.549998715591464,37.56999863738079,37.58999855917012,37.60999848095945,37.629998402748775,37.6499983245381,37.66999824632743,37.68999816811676,37.70999808990609,37.729998011695415,37.74999793348474,37.770001606197134,37.7899977770634,37.809997698852726,37.829997620642054,37.84999754243138,37.86999746422071,37.88999738601004,37.909997307799365,37.92999722958869,37.95000090230109,37.97000082409041,37.98999699495668,38.01000066766907,38.0300005894584,38.04999676032466,38.07000043303706,38.09000035482638,38.109996525692644,38.12999644748197,38.1499963692713,38.17000004198369,38.189999963773026,38.209999885562354,38.22999605642861,38.24999597821794,38.269995900007274,38.289999572719665,38.30999949450899,38.32999941629832,38.34999933808765,38.36999925987698,38.389999181666305,38.40999910345563,38.42999902524496,38.44999894703429,38.469998868823616,38.489998790612944,38.50999871240227,38.53000238511467,38.54999855598093,38.569998477770255,38.58999839955958,38.60999832134891,38.62999824313824,38.64999816492757,38.669998086716895,38.68999800850622,38.70999793029555,38.72999785208488,38.749997773874206,38.769997695663534,38.78999761745286,38.80999753924219,38.82999746103152,38.849997382820845,38.86999730461017,38.8899972263995,38.90999714818883,38.92999706997816,38.949996991767485,38.970000664479876,38.99000058626921,39.00999675713547,39.029996678924796,39.049996600714124,39.07000027342652,39.08999644429278,39.10999636608211,39.1300000387945,39.149999960583834,39.169999882373155,39.18999605323942,39.20999972595181,39.229999647741145,39.249999569530466,39.2699994913198,39.28999941310912,39.30999933489846,39.329999256687785,39.34999917847711,39.36999910026644,39.38999902205577,39.409998943845096,39.429998865634424,39.44999878742375,39.47000246013614],"SMUCurrent":[4.391159466879147E-06,4.34704689005887E-06,4.34704689005887E-06,4.351098045072969E-06,4.360325675938439E-06,4.3706786276411565E-06,4.380356386841542E-06,4.392284787716394E-06,4.405113445261075E-06,4.417041846135954E-06,4.4307707603504106E-06,4.448550829578993E-06,4.4638551929656386E-06,4.478709428017369E-06,4.496039368911037E-06,4.515169823144337E-06,4.5352005340474125E-06,4.556806694122677E-06,4.580438431704963E-06,4.602719784282559E-06,4.6286021635393384E-06,4.6558349278008355E-06,4.689594552918395E-06,4.722003793031264E-06,4.757563931488429E-06,4.796500032457361E-06,4.841062737612526E-06,4.89215230362378E-06,4.947518088816604E-06,5.008735542363105E-06,5.07940569094252E-06,5.158853342052545E-06,5.251354714874641E-06,5.361186028590459E-06,5.488797411534833E-06,5.639365339559161E-06,5.825718470208125E-06,6.0539335360028455E-06,6.339314900329968E-06,6.701443145757708E-06,7.1648502665381E-06,7.771848326151897E-06,8.563173938907554E-06,9.610397510054344E-06,1.1015923235782192E-05,1.2867301077229348E-05,1.5315324026587556E-05,1.8504258215192525E-05,2.2616405618679122E-05,2.7773525951638016E-05,3.418470382563061E-05,4.1832384235595817E-05,5.090494588968964E-05,6.132856774098832E-05,7.306161291851352E-05,8.60176567819643E-05,0.0001000684127558939,0.00011510720042493086,0.00013122832167523687,0.00014801315715535417,0.00016562082723167018,0.00018391764378871938,0.0002027591156309986,0.00022248058836800893,0.00024262360629065394,0.0002633718217595731,0.0002845717410125653,0.00030637438210598964,0.0003288537911509374,0.00035161880662437975,0.0003751168560912081,0.00039864348870730267,0.00042279242374639763,0.00044767889406222765,0.0004727735487329493,0.0004980919171861168,0.0005240053552980229,0.0005503306608363634,0.0005767378897316559,0.0006037437893123665,0.0006312311011472536,0.000659483181023137,0.0006871329891869234,0.0007152907671766452,0.0007442362697524435,0.0007733195115987214,0.0008025231627745852,0.0008317524712655386,0.00086206861462111,0.0008920332077471236,0.0009225014944798914,0.0009536375465974846,0.0009839978025298762,0.0010150264990395957,0.001047206848894159,0.0010783284969050353,0.0011095181142944817,0.0011418015435377372,0.0011741936787738711,0.0012069069805769569],