{"IsIVDone":true,"IsSPSDone":false,"SiPMLocation":{"Block":0,"Module":1,"Array":3,"SiPM":2},"Barcode":"00546","SiPMMeasurementDetails":{"DMMResistance":0,"IV":1,"SPS":0,"DarkCurrent":0,"ForwardResistance":0,"SPSVoltagesIsOffsets":0,"IVVoltages":[],"SPSVoltages":[],"OperatingVoltage":41.27},"Checks":{"SelectedForMeasurement":true,"DMMResistanceOK":true,"RForwardDone":true,"RForwardOK":true,"IDarkDone":true,"IDarkOK":true,"IVDone":true,"IVTemperatureOK":true,"IVMeasurementOK":true,"IVVoltageCheckOK":true,"IVCurrentCheckOK":true,"IVVbrOK":true},"Temperatures":[{"Block":0,"Module1":[25.0,24.945,24.992,25.039,25.016,24.969,24.977,25.055],"Module2":[25.047,24.984,24.984,24.969,25.055,25.016,24.953,25.0],"Pulser":28.383,"ControlTemperature":28.555,"Timestamp":1732544669},{"Block":0,"Module1":[25.016,24.945,25.0,25.039,25.016,24.977,24.977,25.055],"Module2":[25.047,24.984,24.984,24.961,25.055,25.008,24.953,25.008],"Pulser":28.391,"ControlTemperature":28.562,"Timestamp":1732544692}],"DMMResistanceResult":{"Identifier":{"Type":2,"ID":"163ccccd-90a2-4d01-927e-9ff420e83ea6"},"StartTimestamp":1732538725,"EndTimestamp":1732538727,"ErrorHappened":false,"ErrorMessage":null,"CorrectionPercentage":0,"Voltages":[29.999998232735635,29.999998232735635,29.999998232735635,29.999998232735635,29.999998232735635,29.999998232735635],"Currents":[3.2440074053843686E-06,3.2197004752997234E-06,3.2082222027597597E-06,3.201245213568782E-06,3.198544443559374E-06,3.196068737717437E-06],"Resistance":9342263.176130798},"IVMeasurementID":{"Type":0,"ID":"9a19fbe7-48be-4c76-9192-a44759f42717"},"SPSMeasurementID":{"Type":999,"ID":"9469277e-adf2-421c-8146-cf07977e6d6d"},"IVResult":{"Identifier":{"Type":0,"ID":"9a19fbe7-48be-4c76-9192-a44759f42717"},"StartTimestamp":1732544672,"EndTimestamp":1732544694,"ErrorHappened":false,"ErrorMessage":null,"Temperatures":[{"Block":0,"Module1":[25.0,24.945,24.992,25.039,25.016,24.969,24.977,25.055],"Module2":[25.047,24.984,24.984,24.969,25.055,25.016,24.953,25.0],"Pulser":28.383,"ControlTemperature":28.555,"Timestamp":1732544669},{"Block":0,"Module1":[25.016,24.945,25.0,25.039,25.016,24.977,24.977,25.055],"Module2":[25.047,24.984,24.984,24.961,25.055,25.008,24.953,25.008],"Pulser":28.391,"ControlTemperature":28.562,"Timestamp":1732544692}],"SMUVoltage":[37.449999106644825,37.469999028434145,37.48999895022348,37.50999887201281,37.529998793802136,37.549998715591464,37.56999863738079,37.58999855917012,37.60999848095945,37.629998402748775,37.6499983245381,37.66999824632743,37.68999816811676,37.70999808990609,37.729998011695415,37.74999793348474,37.76999785527407,37.7899977770634,37.81000144977579,37.829997620642054,37.84999754243138,37.87000121514378,37.88999738601004,37.909997307799365,37.92999722958869,37.94999715137802,37.97000082409041,37.98999699495668,38.01000066766907,38.0300005894584,38.04999676032466,38.06999668211399,38.09000035482638,38.109996525692644,38.12999644748197,38.1499963692713,38.17000004198369,38.189999963773026,38.209999885562354,38.22999980735168,38.24999972914101,38.26999965093034,38.289999572719665,38.30999949450899,38.32999941629832,38.34999933808765,38.36999925987698,38.389999181666305,38.40999910345563,38.42999902524496,38.44999894703429,38.469998868823616,38.489998790612944,38.50999871240227,38.5299986341916,38.54999855598093,38.569998477770255,38.58999839955958,38.60999832134891,38.62999824313824,38.64999816492757,38.669998086716895,38.68999800850622,38.70999793029555,38.72999785208488,38.749997773874206,38.7700014465866,38.78999761745286,38.80999753924219,38.82999746103152,38.85000113374391,38.87000105553324,38.8899972263995,38.90999714818883,38.93000082090122,38.949996991767485,38.96999691355681,38.99000058626921,39.00999675713547,39.029996678924796,39.049996600714124,39.06999652250345,39.09000019521584,39.11000011700518,39.1300000387945,39.149999960583834,39.169999882373155,39.18999980416249,39.20999597502875,39.229999647741145,39.249999569530466,39.2699994913198,39.28999941310912,39.30999933489846,39.329999256687785,39.34999917847711,39.36999910026644,39.38999902205577,39.409998943845096,39.429998865634424],"SMUCurrent":[4.775344000717012E-06,4.740233990594735E-06,4.74856136479043E-06,4.7654411773492096E-06,4.7818708615730745E-06,4.801001315806375E-06,4.821707219211782E-06,4.846239213463898E-06,4.869870951046184E-06,4.895303201968103E-06,4.923211158731932E-06,4.949993794658541E-06,4.980377457264361E-06,5.012561633209759E-06,5.047446579164566E-06,5.082106460951928E-06,5.1244185244325995E-06,5.164930074573693E-06,5.2094927797288575E-06,5.256756254893457E-06,5.307170628402353E-06,5.362086285260235E-06,5.420828032964798E-06,5.485871577357981E-06,5.556991854272311E-06,5.635089120377618E-06,5.719938311506405E-06,5.8126647484959995E-06,5.918669971365136E-06,6.039079300951115E-06,6.172767416416663E-06,6.326936371120202E-06,6.502036293396619E-06,6.701893274092596E-06,6.9388858424179E-06,7.219540859228565E-06,7.557812302906548E-06,7.968779472670995E-06,8.473373336094839E-06,9.1058036466305E-06,9.911758430270444E-06,1.0945703215537692E-05,1.2291136808556286E-05,1.4055639881367551E-05,1.6383478565307224E-05,1.9459430541852107E-05,2.3514411646806274E-05,2.879284156602095E-05,3.5597656668884354E-05,4.4260826602385837E-05,5.5068858051689836E-05,6.81887486290445E-05,8.389080039955784E-05,0.00010223060421259008,0.000123036661172544,0.0001464201529781401,0.0001720423580573655,0.0001997713888080943,0.000229620524016206,0.00026086078084332876,0.0002937014689651915,0.0003277737082113428,0.0003634346754155267,0.000399883367205787,0.00043743734912239635,0.00047627869807682216,0.0005158035669077948,0.0005565948718090109,0.0005975939109367838,0.0006397803886120251,0.0006822279407215089,0.0007259716373713396,0.000770429687688658,0.0008161325679161446,0.0008616916321406305,0.0009080919862230459,0.000954800903279036,0.0010024676934316948,0.0010508389344284737,0.0011000555164381964,0.001148781008434542,0.0011989300312900118,0.001249412149113308,0.001299268588551092,0.0013510376232838699,0.0014028471695667886,0.001454947723818221,0.001508156043901844,0.0015606365064679325,0.001613321777426401,0.0016678449223762695,0.001721646061476957,0.0017759358148851797,0.0018304047193706927,0.0018847876493442396,0.0019399882374381337,0.0019967336659774074,0.002052854766516174,0.002108551846163464,0.0021659171014198966],