{"IsIVDone":true,"IsSPSDone":false,"SiPMLocation":{"Block":0,"Module":1,"Array":1,"SiPM":5},"Barcode":"00549","SiPMMeasurementDetails":{"DMMResistance":0,"IV":1,"SPS":0,"DarkCurrent":0,"ForwardResistance":0,"SPSVoltagesIsOffsets":0,"IVVoltages":[],"SPSVoltages":[],"OperatingVoltage":41.2},"Checks":{"SelectedForMeasurement":true,"DMMResistanceOK":true,"RForwardDone":true,"RForwardOK":true,"IDarkDone":true,"IDarkOK":true,"IVDone":true,"IVTemperatureOK":true,"IVMeasurementOK":true,"IVVoltageCheckOK":true,"IVCurrentCheckOK":true,"IVVbrOK":true},"Temperatures":[{"Block":0,"Module1":[25.008,24.945,25.0,25.039,25.016,24.984,24.977,25.047],"Module2":[25.039,24.992,24.984,24.969,25.047,25.016,24.953,25.008],"Pulser":28.281,"ControlTemperature":28.297,"Timestamp":1732543861},{"Block":0,"Module1":[25.0,24.945,24.992,25.039,25.008,24.984,24.969,25.047],"Module2":[25.031,24.984,24.992,24.969,25.039,25.016,24.953,25.008],"Pulser":28.281,"ControlTemperature":28.297,"Timestamp":1732543884}],"DMMResistanceResult":{"Identifier":{"Type":2,"ID":"163ccccd-90a2-4d01-927e-9ff420e83ea6"},"StartTimestamp":1732538725,"EndTimestamp":1732538727,"ErrorHappened":false,"ErrorMessage":null,"CorrectionPercentage":0,"Voltages":[29.999998232735635,29.999998232735635,29.999998232735635,29.999998232735635,29.999998232735635,29.999998232735635],"Currents":[3.2440074053843686E-06,3.2197004752997234E-06,3.2082222027597597E-06,3.201245213568782E-06,3.198544443559374E-06,3.196068737717437E-06],"Resistance":9342263.176130798},"IVMeasurementID":{"Type":0,"ID":"2d4b52ae-8627-437a-bb2c-1b5d8ff43890"},"SPSMeasurementID":{"Type":999,"ID":"02873d9b-d1a7-4bdd-82cf-aa4a88c25649"},"IVResult":{"Identifier":{"Type":0,"ID":"2d4b52ae-8627-437a-bb2c-1b5d8ff43890"},"StartTimestamp":1732543863,"EndTimestamp":1732543886,"ErrorHappened":false,"ErrorMessage":null,"Temperatures":[{"Block":0,"Module1":[25.008,24.945,25.0,25.039,25.016,24.984,24.977,25.047],"Module2":[25.039,24.992,24.984,24.969,25.047,25.016,24.953,25.008],"Pulser":28.281,"ControlTemperature":28.297,"Timestamp":1732543861},{"Block":0,"Module1":[25.0,24.945,24.992,25.039,25.008,24.984,24.969,25.047],"Module2":[25.031,24.984,24.992,24.969,25.039,25.016,24.953,25.008],"Pulser":28.281,"ControlTemperature":28.297,"Timestamp":1732543884}],"SMUVoltage":[37.37999938038217,37.39999930217151,37.41999922396083,37.439999145750164,37.459999067539485,37.47999898932881,37.49999891111814,37.51999883290747,37.539998754696796,37.559998676486124,37.57999859827545,37.59999852006478,37.61999844185411,37.639998363643436,37.65999828543276,37.67999820722209,37.699998129011426,37.71999805080075,37.73999797259008,37.7599978943794,37.77999781616874,37.79999773795806,37.81999765974739,37.839997581536714,37.85999750332605,37.87999742511537,37.899997346904705,37.9200010196171,37.93999719048336,37.95999711227268,37.979997034062016,37.99999695585134,38.01999687764067,38.03999679942999,38.06000047214239,38.08000039393172,38.10000031572105,38.120000237510375,38.13999640837664,38.16000008108903,38.179996251955295,38.19999617374462,38.219999846457014,38.23999601732328,38.25999969003567,38.279999611825,38.299999533614326,38.319999455403654,38.33999562626992,38.359995548059246,38.37999922077164,38.39999914256097,38.41999906435029,38.43999898613963,38.45999890792895,38.479998829718284,38.500002502430675,38.51999867329694,38.53999859508626,38.559998516875595,38.579998438664916,38.59999836045425,38.61999828224357,38.639998204032906,38.65999812582223,38.67999804761156,38.69999796940088,38.71999789119022,38.73999781297954,38.75999773476887,38.779997656558194,38.79999757834752,38.81999750013686,38.83999742192618,38.85999734371551,38.879997265504834,38.89999718729417,38.91999710908349,38.939997030872824,38.959996952662145,38.980000625374544,38.9999967962408,39.019996718030136,39.04000039074253,39.060000312531855,39.08000023432118,39.09999640518745,39.11999632697677,39.1399962487661,39.159999921478494,39.17999609234476,39.19999976505715,39.21999968684648,39.239999608635806,39.25999577950207,39.27999945221446,39.29999937400379,39.31999929579312,39.339999217582445,39.35999913937177],"SMUCurrent":[4.1654201069263905E-06,4.117931567594347E-06,4.112079899240616E-06,4.109829257566123E-06,4.11230496340806E-06,4.116356118422185E-06,4.120632337603755E-06,4.1267090701249025E-06,4.1323356743111625E-06,4.137962278497422E-06,4.1435888826837095E-06,4.151016000209548E-06,4.158668181902857E-06,4.165645171093834E-06,4.174647737791834E-06,4.182074855317726E-06,4.189051844508677E-06,4.199854924546282E-06,4.210658004583914E-06,4.218760314612138E-06,4.2311388438219045E-06,4.2448677580363885E-06,4.257471351413599E-06,4.27030000895828E-06,4.28492917984254E-06,4.303384441573481E-06,4.3211645108020636E-06,4.3402949650353365E-06,4.362126189278045E-06,4.388683761037183E-06,4.416591717801039E-06,4.4501262787511545E-06,4.4859114813757634E-06,4.529348865693709E-06,4.577962725862999E-06,4.639855371911858E-06,4.7075996863144216E-06,4.796725096624805E-06,4.909482244517448E-06,5.049247092504171E-06,5.2286232339621575E-06,5.460664390603533E-06,5.768102043340808E-06,6.170741838909614E-06,6.706394557441582E-06,7.417822390752381E-06,8.359265803197478E-06,9.585865515802255E-06,1.1154337698764225E-05,1.3161009815752139E-05,1.564706860940945E-05,1.8655726399886656E-05,2.2259453849102754E-05,2.641166267439553E-05,3.112653191831434E-05,3.639933523334273E-05,4.217088074344127E-05,4.8390754075101016E-05,5.5081011516732145E-05,6.21592795830478E-05,6.951347631865766E-05,7.731667606833112E-05,8.528282227523868E-05,9.364913257187307E-05,0.00010212167315554408,0.00011103443925074809,0.00012012883212908459,0.00012960966018293345,0.00013911997164271832,0.00014910066721247458,0.00015907753669138416,0.0001693974039614882,0.00017999004900254214,0.00019078120063928733,0.00020175555450833716,0.00021291873721387793,0.00022432071300108357,0.00023614513423059365,0.00024772783654426197,0.00026013719954497567,0.0002716825412068472,0.0002841130602393013,0.00029659962024945047,0.0003090841546820926,0.00032180905764557185,0.00033487650827191057,0.00034796376454498495,0.0003616260597658951,0.00037547065696244016,0.00038887998005913613,0.00040247385577314135,0.0004157949537161967,0.0004304184979962876,0.000444147862339098,0.000458340183674354,0.0004728442188815287,0.0004874589856590891,0.0005024532106229708,0.0005164670560734386,0.000531147766652062],