{"IsIVDone":true,"IsSPSDone":false,"SiPMLocation":{"Block":0,"Module":0,"Array":3,"SiPM":5},"Barcode":"00553","SiPMMeasurementDetails":{"DMMResistance":0,"IV":1,"SPS":0,"DarkCurrent":0,"ForwardResistance":0,"SPSVoltagesIsOffsets":0,"IVVoltages":[],"SPSVoltages":[],"OperatingVoltage":41.36},"Checks":{"SelectedForMeasurement":true,"DMMResistanceOK":true,"RForwardDone":true,"RForwardOK":true,"IDarkDone":true,"IDarkOK":true,"IVDone":true,"IVTemperatureOK":true,"IVMeasurementOK":true,"IVVoltageCheckOK":true,"IVCurrentCheckOK":true,"IVVbrOK":true},"Temperatures":[{"Block":0,"Module1":[25.0,24.953,25.0,25.031,25.016,24.984,24.977,25.047],"Module2":[25.039,24.992,24.992,24.961,25.047,25.016,24.953,25.0],"Pulser":28.133,"ControlTemperature":28.047,"Timestamp":1732543125},{"Block":0,"Module1":[25.0,24.953,25.0,25.031,25.016,24.984,24.977,25.047],"Module2":[25.039,24.992,24.984,24.961,25.047,25.023,24.961,25.008],"Pulser":28.148,"ControlTemperature":28.055,"Timestamp":1732543148}],"DMMResistanceResult":{"Identifier":{"Type":2,"ID":"163ccccd-90a2-4d01-927e-9ff420e83ea6"},"StartTimestamp":1732538725,"EndTimestamp":1732538727,"ErrorHappened":false,"ErrorMessage":null,"CorrectionPercentage":0,"Voltages":[29.999998232735635,29.999998232735635,29.999998232735635,29.999998232735635,29.999998232735635,29.999998232735635],"Currents":[3.2440074053843686E-06,3.2197004752997234E-06,3.2082222027597597E-06,3.201245213568782E-06,3.198544443559374E-06,3.196068737717437E-06],"Resistance":9342263.176130798},"IVMeasurementID":{"Type":0,"ID":"4ed97101-ead3-4c74-8985-e1362609d3c1"},"SPSMeasurementID":{"Type":999,"ID":"c7273947-d5ac-46fa-a13f-5e0870d7b257"},"IVResult":{"Identifier":{"Type":0,"ID":"4ed97101-ead3-4c74-8985-e1362609d3c1"},"StartTimestamp":1732543128,"EndTimestamp":1732543150,"ErrorHappened":false,"ErrorMessage":null,"Temperatures":[{"Block":0,"Module1":[25.0,24.953,25.0,25.031,25.016,24.984,24.977,25.047],"Module2":[25.039,24.992,24.992,24.961,25.047,25.016,24.953,25.0],"Pulser":28.133,"ControlTemperature":28.047,"Timestamp":1732543125},{"Block":0,"Module1":[25.0,24.953,25.0,25.031,25.016,24.984,24.977,25.047],"Module2":[25.039,24.992,24.984,24.961,25.047,25.023,24.961,25.008],"Pulser":28.148,"ControlTemperature":28.055,"Timestamp":1732543148}],"SMUVoltage":[37.539998754696796,37.559998676486124,37.57999859827545,37.59999852006478,37.61999844185411,37.639998363643436,37.65999828543276,37.67999820722209,37.699998129011426,37.71999805080075,37.73999797259008,37.7599978943794,37.77999781616874,37.79999773795806,37.81999765974739,37.839997581536714,37.85999750332605,37.87999742511537,37.899997346904705,37.9200010196171,37.93999719048336,37.95999711227268,37.979997034062016,38.00000070677441,38.020000628563736,38.03999679942999,38.06000047214239,38.08000039393172,38.10000031572105,38.120000237510375,38.1400001592997,38.16000008108903,38.179996251955295,38.19999617374462,38.219999846457014,38.23999601732328,38.25999969003567,38.279999611825,38.299999533614326,38.319999455403654,38.33999937719298,38.35999929898231,38.37999922077164,38.39999914256097,38.41999906435029,38.43999523521656,38.45999890792895,38.479998829718284,38.499998751507604,38.51999492237387,38.53999859508626,38.559998516875595,38.579998438664916,38.59999836045425,38.61999828224357,38.639998204032906,38.65999812582223,38.67999804761156,38.69999796940088,38.71999789119022,38.73999781297954,38.75999773476887,38.779997656558194,38.79999757834752,38.81999750013686,38.83999742192618,38.85999734371551,38.879997265504834,38.89999718729417,38.91999710908349,38.94000078179589,38.959996952662145,38.980000625374544,38.9999967962408,39.0200004689532,39.04000039074253,39.05999656160879,39.07999648339811,39.10000015611051,39.12000007789984,39.1399962487661,39.159999921478494,39.17999609234476,39.19999976505715,39.21999968684648,39.239999608635806,39.259999530425134,39.27999945221446,39.29999937400379,39.31999929579312,39.339999217582445,39.35999913937177,39.3799990611611,39.39999898295043,39.41999890473976,39.439998826529084,39.45999874831841,39.47999867010774,39.49999859189707,39.5199985136864],"SMUCurrent":[5.255180805721296E-06,5.234925030650749E-06,5.252029907377E-06,5.276561901629089E-06,5.306945564234882E-06,5.338904676012863E-06,5.375365071139831E-06,5.414301172108736E-06,5.4532372730776676E-06,5.4948741440560074E-06,5.539436849211199E-06,5.586250196040857E-06,5.637339762052111E-06,5.690905033905303E-06,5.746495883265571E-06,5.804787502635219E-06,5.871856624535451E-06,5.943201965617252E-06,6.017248076708434E-06,6.093994957809024E-06,6.182670239784465E-06,6.277872382615997E-06,6.378701129633788E-06,6.4921334700287895E-06,6.613668120452042E-06,6.751182326764245E-06,6.899949741448968E-06,7.068072674534407E-06,7.252175163508878E-06,7.460584582567967E-06,7.702528562577145E-06,7.97620659019686E-06,8.290621232125085E-06,8.668729033441803E-06,9.103553004956007E-06,9.624801616771187E-06,1.0254081028962525E-05,1.1033253176675887E-05,1.1997653134200939E-05,1.3212324445930837E-05,1.4786648297246538E-05,1.6809525034290873E-05,1.9468208044382663E-05,2.2963229500720217E-05,2.7613055200245858E-05,3.3723997474859616E-05,4.171355035518201E-05,5.2062000774552234E-05,6.528947202394823E-05,8.184991852911745E-05,0.00010196075227581703,0.0001259012778958529,0.00015363053371074916,0.0001853960903047012,0.00022063551232325042,0.0002590454132686737,0.00030067058091029367,0.00034486215525335074,0.0003910871843493223,0.000439515816708801,0.0004898280110856722,0.0005409983751330318,0.0005946417442523368,0.0006490762139202298,0.0007049308384847349,0.0007613951618788633,0.0008192755890145898,0.0008779363136188668,0.000937828364283265,0.000998722175556985,0.0010612920396857084,0.0011231187419335105,0.001186439195060681,0.0012506227692700236,0.0013164742940243415,0.001382115158717926,0.0014477805554057623,0.0015153923070137098,0.0015839452769699353,0.0016518871977115326,0.001721422122630344,0.001789769609001687,0.0018594780583936026,0.0019299654548690644,0.002001654693998711,0.0020714797266293663,0.0021440192581836403,0.002216350380318856,0.002288846024360478,0.002361723152165928,0.002436332598868244,0.0025123275405853846,0.0025863027564638256,0.0026594337566501597,0.0027343844006303304,0.0028103043959797104,0.002886684197423191,0.002963385165433624,0.003039464731277726,0.003116710354573389],