{"IsIVDone":true,"IsSPSDone":false,"SiPMLocation":{"Block":0,"Module":0,"Array":3,"SiPM":2},"Barcode":"00553","SiPMMeasurementDetails":{"DMMResistance":0,"IV":1,"SPS":0,"DarkCurrent":0,"ForwardResistance":0,"SPSVoltagesIsOffsets":0,"IVVoltages":[],"SPSVoltages":[],"OperatingVoltage":41.32},"Checks":{"SelectedForMeasurement":true,"DMMResistanceOK":true,"RForwardDone":true,"RForwardOK":true,"IDarkDone":true,"IDarkOK":true,"IVDone":true,"IVTemperatureOK":true,"IVMeasurementOK":true,"IVVoltageCheckOK":true,"IVCurrentCheckOK":true,"IVVbrOK":true},"Temperatures":[{"Block":0,"Module1":[25.0,24.953,25.0,25.039,25.016,24.984,24.977,25.047],"Module2":[25.039,24.992,24.984,24.961,25.047,25.016,24.953,24.992],"Pulser":28.156,"ControlTemperature":28.07,"Timestamp":1732543194},{"Block":0,"Module1":[25.0,24.953,25.0,25.039,25.016,24.977,24.977,25.047],"Module2":[25.039,24.984,24.984,24.961,25.047,25.016,24.961,25.0],"Pulser":28.164,"ControlTemperature":28.078,"Timestamp":1732543217}],"DMMResistanceResult":{"Identifier":{"Type":2,"ID":"163ccccd-90a2-4d01-927e-9ff420e83ea6"},"StartTimestamp":1732538725,"EndTimestamp":1732538727,"ErrorHappened":false,"ErrorMessage":null,"CorrectionPercentage":0,"Voltages":[29.999998232735635,29.999998232735635,29.999998232735635,29.999998232735635,29.999998232735635,29.999998232735635],"Currents":[3.2440074053843686E-06,3.2197004752997234E-06,3.2082222027597597E-06,3.201245213568782E-06,3.198544443559374E-06,3.196068737717437E-06],"Resistance":9342263.176130798},"IVMeasurementID":{"Type":0,"ID":"81fc9dfa-28b6-4710-b912-33c666eb495d"},"SPSMeasurementID":{"Type":999,"ID":"ba759459-c469-48cd-a743-da5b1364b38e"},"IVResult":{"Identifier":{"Type":0,"ID":"81fc9dfa-28b6-4710-b912-33c666eb495d"},"StartTimestamp":1732543196,"EndTimestamp":1732543219,"ErrorHappened":false,"ErrorMessage":null,"Temperatures":[{"Block":0,"Module1":[25.0,24.953,25.0,25.039,25.016,24.984,24.977,25.047],"Module2":[25.039,24.992,24.984,24.961,25.047,25.016,24.953,24.992],"Pulser":28.156,"ControlTemperature":28.07,"Timestamp":1732543194},{"Block":0,"Module1":[25.0,24.953,25.0,25.039,25.016,24.977,24.977,25.047],"Module2":[25.039,24.984,24.984,24.961,25.047,25.016,24.961,25.0],"Pulser":28.164,"ControlTemperature":28.078,"Timestamp":1732543217}],"SMUVoltage":[37.49999891111814,37.51999883290747,37.539998754696796,37.559998676486124,37.57999859827545,37.59999852006478,37.61999844185411,37.639998363643436,37.65999828543276,37.67999820722209,37.699998129011426,37.71999805080075,37.73999797259008,37.7599978943794,37.77999781616874,37.79999773795806,37.81999765974739,37.839997581536714,37.85999750332605,37.88000117603844,37.899997346904705,37.919997268694026,37.940000941406424,37.95999711227268,37.979997034062016,37.99999695585134,38.01999687764067,38.03999679942999,38.06000047214239,38.079996643008656,38.10000031572105,38.120000237510375,38.13999640837664,38.16000008108903,38.179996251955295,38.19999992466769,38.219999846457014,38.23999976824634,38.25999969003567,38.279999611825,38.299999533614326,38.319999455403654,38.33999937719298,38.35999929898231,38.37999922077164,38.39999914256097,38.41999906435029,38.43999898613963,38.45999890792895,38.47999507879521,38.499998751507604,38.51999867329694,38.53999859508626,38.559998516875595,38.579998438664916,38.59999836045425,38.61999828224357,38.639998204032906,38.65999812582223,38.67999804761156,38.69999796940088,38.71999789119022,38.73999781297954,38.75999773476887,38.779997656558194,38.79999757834752,38.81999750013686,38.83999742192618,38.85999734371551,38.879997265504834,38.89999718729417,38.91999710908349,38.939997030872824,38.959996952662145,38.97999687445148,38.9999967962408,39.019996718030136,39.04000039074253,39.060000312531855,39.07999648339811,39.09999640518745,39.12000007789984,39.13999999968917,39.159999921478494,39.17999609234476,39.199996014134086,39.21999968684648,39.239999608635806,39.259999530425134,39.27999945221446,39.29999937400379,39.31999929579312,39.33999546665938,39.35999913937177,39.3799990611611,39.39999898295043,39.41999890473976,39.439998826529084,39.45999874831841,39.47999867010774],"SMUCurrent":[5.1930630955049925E-06,5.171456935429755E-06,5.191262582165387E-06,5.216469768919835E-06,5.244602789851135E-06,5.276561901629089E-06,5.30964633424429E-06,5.348357371045778E-06,5.388418792851956E-06,5.4287052788255785E-06,5.473943176483102E-06,5.519856266643011E-06,5.568245062644831E-06,5.621360206163134E-06,5.677626248025734E-06,5.739293829907149E-06,5.805237630970134E-06,5.871631560368007E-06,5.948153377301126E-06,6.02737596424368E-06,6.114475797046987E-06,6.209227811543631E-06,6.313207456905718E-06,6.427540053970522E-06,6.550650153565909E-06,6.691090194054964E-06,6.841658122079319E-06,7.014507402681243E-06,7.206937265851328E-06,7.428175342455098E-06,7.677996568325056E-06,7.969679729340798E-06,8.308401301353668E-06,8.708790455247981E-06,9.183225720233449E-06,9.758264668069291E-06,1.0459339549677318E-05,1.133641461023162E-05,1.2441479672413143E-05,1.3853532258997081E-05,1.568870548038779E-05,1.807371046285989E-05,2.1234961758868448E-05,2.541642892592977E-05,3.092982583596267E-05,3.812422701268273E-05,4.7526282607923966E-05,5.939481641425431E-05,7.433412572127818E-05,9.258525425233495E-05,0.00011437146566153543,0.00013982532274350794,0.0001687260375499836,0.0002011571088870865,0.00023671229593256869,0.00027490320944306267,0.0003155624016779855,0.0003588154584427743,0.00040396805678084467,0.0004511554602568343,0.0004992782304127478,0.0005494650640483492,0.0006011526255525097,0.0006530609750049394,0.0007070153828036607,0.0007613060364685529,0.0008175146869684577,0.0008741392560498107,0.0009315580765780963,0.0009895154756590907,0.0010489794542769982,0.0011089869628592988,0.0011704252043540813,0.001231229440089156,0.0012935425060028186,0.0013568636343224913,0.0014199284145554381,0.001483788796620322,0.0015483997676836534,0.0016153687360293625,0.0016801482801541141,0.001746187283359918,0.0018128107782085909,0.0018797617414209042,0.0019472875185168855,0.002015707925678483,0.002085325224082581,0.0021552324051343553,0.00222477408197819,0.00229345376306069,0.0023611523894372737,0.002434690755766693,0.0025048203002159086,0.0025766623579152543,0.002649000231975493,0.0027204740846968898,0.0027926992016092363,0.0028649058632598517,0.002937731676435123,0.0030106092543689083],