{"IsIVDone":true,"IsSPSDone":false,"SiPMLocation":{"Block":0,"Module":1,"Array":0,"SiPM":3},"Barcode":"00548","SiPMMeasurementDetails":{"DMMResistance":0,"IV":1,"SPS":0,"DarkCurrent":0,"ForwardResistance":0,"SPSVoltagesIsOffsets":0,"IVVoltages":[],"SPSVoltages":[],"OperatingVoltage":41.2},"Checks":{"SelectedForMeasurement":true,"DMMResistanceOK":true,"RForwardDone":true,"RForwardOK":true,"IDarkDone":true,"IDarkOK":true,"IVDone":true,"IVTemperatureOK":true,"IVMeasurementOK":true,"IVVoltageCheckOK":true,"IVCurrentCheckOK":true,"IVVbrOK":true},"Temperatures":[{"Block":0,"Module1":[25.008,24.953,25.0,25.031,25.016,24.984,24.977,25.047],"Module2":[25.039,24.992,24.984,24.961,25.055,25.016,24.961,25.0],"Pulser":28.242,"ControlTemperature":28.219,"Timestamp":1732543654},{"Block":0,"Module1":[25.0,24.953,25.0,25.031,25.016,24.977,24.969,25.047],"Module2":[25.047,24.992,24.984,24.961,25.055,25.016,24.961,25.0],"Pulser":28.242,"ControlTemperature":28.234,"Timestamp":1732543677}],"DMMResistanceResult":{"Identifier":{"Type":2,"ID":"163ccccd-90a2-4d01-927e-9ff420e83ea6"},"StartTimestamp":1732538725,"EndTimestamp":1732538727,"ErrorHappened":false,"ErrorMessage":null,"CorrectionPercentage":0,"Voltages":[29.999998232735635,29.999998232735635,29.999998232735635,29.999998232735635,29.999998232735635,29.999998232735635],"Currents":[3.2440074053843686E-06,3.2197004752997234E-06,3.2082222027597597E-06,3.201245213568782E-06,3.198544443559374E-06,3.196068737717437E-06],"Resistance":9342263.176130798},"IVMeasurementID":{"Type":0,"ID":"eeb72f62-5251-475a-a47b-27a3b126c957"},"SPSMeasurementID":{"Type":999,"ID":"a72f3feb-9207-4fe1-84ae-4c000929e410"},"IVResult":{"Identifier":{"Type":0,"ID":"eeb72f62-5251-475a-a47b-27a3b126c957"},"StartTimestamp":1732543657,"EndTimestamp":1732543679,"ErrorHappened":false,"ErrorMessage":null,"Temperatures":[{"Block":0,"Module1":[25.008,24.953,25.0,25.031,25.016,24.984,24.977,25.047],"Module2":[25.039,24.992,24.984,24.961,25.055,25.016,24.961,25.0],"Pulser":28.242,"ControlTemperature":28.219,"Timestamp":1732543654},{"Block":0,"Module1":[25.0,24.953,25.0,25.031,25.016,24.977,24.969,25.047],"Module2":[25.047,24.992,24.984,24.961,25.055,25.016,24.961,25.0],"Pulser":28.242,"ControlTemperature":28.234,"Timestamp":1732543677}],"SMUVoltage":[37.38999934127684,37.40999926306617,37.4299991848555,37.449999106644825,37.469999028434145,37.48999895022348,37.509995121089744,37.529998793802136,37.549998715591464,37.56999863738079,37.58999855917012,37.60999848095945,37.629998402748775,37.6499983245381,37.66999824632743,37.68999816811676,37.70999808990609,37.729998011695415,37.74999793348474,37.76999785527407,37.7899977770634,37.809997698852726,37.830001371565125,37.84999754243138,37.86999746422071,37.88999738601004,37.909997307799365,37.92999722958869,37.94999715137802,37.96999707316735,37.98999699495668,38.009996916746005,38.0300005894584,38.04999676032466,38.07000043303706,38.089996603903316,38.110000276615715,38.130000198405035,38.15000012019437,38.16999629106063,38.189999963773026,38.209999885562354,38.22999980735168,38.24999972914101,38.269995900007274,38.289999572719665,38.30999949450899,38.32999941629832,38.34999933808765,38.369995508953906,38.38999543074324,38.40999910345563,38.42999902524496,38.44999894703429,38.469998868823616,38.489998790612944,38.50999871240227,38.5299986341916,38.54999855598093,38.569998477770255,38.58999839955958,38.60999832134891,38.62999824313824,38.64999816492757,38.669998086716895,38.68999800850622,38.70999793029555,38.73000160300794,38.749997773874206,38.769997695663534,38.78999761745286,38.81000129016525,38.82999746103152,38.849997382820845,38.86999730461017,38.8899972263995,38.90999714818883,38.93000082090122,38.949996991767485,38.96999691355681,38.98999683534614,39.00999675713547,39.029996678924796,39.049996600714124,39.06999652250345,39.08999644429278,39.10999636608211,39.129996287871435,39.14999620966076,39.169999882373155,39.18999605323942,39.20999972595181,39.229995896818075,39.249999569530466,39.2699994913198,39.28999941310912,39.30999933489846,39.329995505764714,39.34999917847711,39.36999910026644],"SMUCurrent":[4.636029281065204E-06,4.595967859259025E-06,4.600469142608039E-06,4.610146901808397E-06,4.626126457697374E-06,4.644131591093428E-06,4.6614615319870954E-06,4.678116280378431E-06,4.696571542109373E-06,4.7186278305194976E-06,4.740008926427291E-06,4.7656662415166535E-06,4.790648364103657E-06,4.817205935862796E-06,4.845338956794095E-06,4.8779732610744085E-06,4.911957950359412E-06,4.947293024649133E-06,4.983303291441213E-06,5.0231396490799205E-06,5.066577033397839E-06,5.112490123557748E-06,5.1656052670760516E-06,5.219170538929243E-06,5.28241356998282E-06,5.350157884385383E-06,5.423528802974206E-06,5.5052270957586975E-06,5.594802634403996E-06,5.69788202309628E-06,5.816490839342654E-06,5.953329853152498E-06,6.110424642032889E-06,6.290025847658319E-06,6.502036293396619E-06,6.756583866783061E-06,7.068972931204237E-06,7.4461804758511245E-06,7.915664329152718E-06,8.518611233752362E-06,9.276852413892819E-06,1.0267809943177009E-05,1.1556527365998116E-05,1.3272866706975006E-05,1.554016312987051E-05,1.8540043417817134E-05,2.248654359406023E-05,2.7647940146200664E-05,3.431906713359852E-05,4.263608837756127E-05,5.290531620998895E-05,6.531467921070267E-05,7.9920443421565E-05,9.67525423768469E-05,0.00011581547735989731,0.00013666362131916447,0.00015962556793912595,0.00018404818100584063,0.00020995846821940257,0.00023725154967777992,0.00026569020774847984,0.0002949625034954161,0.00032530340390940705,0.0003566719473119765,0.0003888649007599169,0.00042196193696850565,0.0004562833222480246,0.0004909364521103655,0.0005259289787372216,0.000562011941255375,0.000598923139909746,0.0006365835771775595,0.000674799247746473,0.0007137119420419805,0.0007523806667799717,0.000792771807591461,0.0008329916745715207,0.0008736245342988517,0.0009149852515437173,0.000956864066502054,0.000998349919424022,0.0010414359785765625,0.0010849798182456976,0.0011282688852772783,0.0011738171464217265,0.001219961602545751,0.0012637476112590624,0.0013086987771672646,0.0013537548229774988,0.0014000142868910903,0.0014461776484051806,0.0014919741553263263,0.0015418846101642985,0.001588329301887702,0.0016360235498687897,0.0016849840088559538,0.0017316854987944178,0.0017803229907012905,0.0018286672239979753,0.0018781415044794286],