{"IsIVDone":true,"IsSPSDone":false,"SiPMLocation":{"Block":0,"Module":1,"Array":2,"SiPM":5},"Barcode":"00547","SiPMMeasurementDetails":{"DMMResistance":0,"IV":1,"SPS":0,"DarkCurrent":0,"ForwardResistance":0,"SPSVoltagesIsOffsets":0,"IVVoltages":[],"SPSVoltages":[],"OperatingVoltage":41.21},"Checks":{"SelectedForMeasurement":true,"DMMResistanceOK":true,"RForwardDone":true,"RForwardOK":true,"IDarkDone":true,"IDarkOK":true,"IVDone":true,"IVTemperatureOK":true,"IVMeasurementOK":true,"IVVoltageCheckOK":true,"IVCurrentCheckOK":true,"IVVbrOK":true},"Temperatures":[{"Block":0,"Module1":[25.008,24.953,24.992,25.031,25.016,24.977,24.969,25.047],"Module2":[25.047,24.992,24.984,24.961,25.055,25.016,24.953,25.0],"Pulser":28.32,"ControlTemperature":28.406,"Timestamp":1732544231},{"Block":0,"Module1":[25.008,24.945,25.0,25.039,25.016,24.977,24.969,25.055],"Module2":[25.047,24.984,24.984,24.961,25.055,25.016,24.953,25.008],"Pulser":28.328,"ControlTemperature":28.422,"Timestamp":1732544254}],"DMMResistanceResult":{"Identifier":{"Type":2,"ID":"163ccccd-90a2-4d01-927e-9ff420e83ea6"},"StartTimestamp":1732538725,"EndTimestamp":1732538727,"ErrorHappened":false,"ErrorMessage":null,"CorrectionPercentage":0,"Voltages":[29.999998232735635,29.999998232735635,29.999998232735635,29.999998232735635,29.999998232735635,29.999998232735635],"Currents":[3.2440074053843686E-06,3.2197004752997234E-06,3.2082222027597597E-06,3.201245213568782E-06,3.198544443559374E-06,3.196068737717437E-06],"Resistance":9342263.176130798},"IVMeasurementID":{"Type":0,"ID":"aef80bde-8fb3-48ec-8671-d6e4734c700c"},"SPSMeasurementID":{"Type":999,"ID":"fa08c3bb-41a4-4c55-bb3f-3832b78f169e"},"IVResult":{"Identifier":{"Type":0,"ID":"aef80bde-8fb3-48ec-8671-d6e4734c700c"},"StartTimestamp":1732544234,"EndTimestamp":1732544256,"ErrorHappened":false,"ErrorMessage":null,"Temperatures":[{"Block":0,"Module1":[25.008,24.953,24.992,25.031,25.016,24.977,24.969,25.047],"Module2":[25.047,24.992,24.984,24.961,25.055,25.016,24.953,25.0],"Pulser":28.32,"ControlTemperature":28.406,"Timestamp":1732544231},{"Block":0,"Module1":[25.008,24.945,25.0,25.039,25.016,24.977,24.969,25.055],"Module2":[25.047,24.984,24.984,24.961,25.055,25.016,24.953,25.008],"Pulser":28.328,"ControlTemperature":28.422,"Timestamp":1732544254}],"SMUVoltage":[37.39999930217151,37.41999922396083,37.439999145750164,37.459999067539485,37.47999898932881,37.49999891111814,37.51999883290747,37.539998754696796,37.559998676486124,37.57999859827545,37.59999852006478,37.61999844185411,37.639998363643436,37.65999828543276,37.67999820722209,37.699998129011426,37.71999805080075,37.740001723513146,37.7599978943794,37.77999781616874,37.79999773795806,37.81999765974739,37.839997581536714,37.85999750332605,37.87999742511537,37.899997346904705,37.919997268694026,37.93999719048336,37.95999711227268,37.979997034062016,37.99999695585134,38.01999687764067,38.040000550353064,38.05999672121933,38.08000039393172,38.09999656479798,38.120000237510375,38.1400001592997,38.15999633016597,38.179996251955295,38.19999617374462,38.219999846457014,38.23999976824634,38.25999969003567,38.279999611825,38.29999578269126,38.31999570448059,38.33999937719298,38.35999929898231,38.37999546984857,38.39999914256097,38.41999906435029,38.43999523521656,38.45999890792895,38.479998829718284,38.499998751507604,38.51999867329694,38.53999859508626,38.559998516875595,38.579998438664916,38.59999836045425,38.62000203316664,38.639998204032906,38.65999812582223,38.67999804761156,38.69999796940088,38.71999789119022,38.73999781297954,38.75999773476887,38.779997656558194,38.79999757834752,38.81999750013686,38.83999742192618,38.85999734371551,38.879997265504834,38.89999718729417,38.92000086000656,38.94000078179589,38.959996952662145,38.97999687445148,39.00000054716387,39.019996718030136,39.03999663981946,39.060000312531855,39.08000023432118,39.10000015611051,39.12000007789984,39.13999999968917,39.159996170555424,39.17999609234476,39.19999976505715,39.21999968684648,39.239999608635806,39.259999530425134,39.2799957012914,39.29999937400379,39.31999929579312,39.339999217582445,39.35999913937177,39.3799990611611],"SMUCurrent":[4.834760940923907E-06,4.80055118747146E-06,4.810904139174177E-06,4.823957860886302E-06,4.843763507621934E-06,4.865594731864642E-06,4.887425956107323E-06,4.913983527866461E-06,4.937615265448775E-06,4.96889918472437E-06,4.997707398158029E-06,5.028316124931293E-06,5.060500300876691E-06,5.094710054329165E-06,5.130720321121218E-06,5.170556678759953E-06,5.2121935497382655E-06,5.257206383228372E-06,5.30491998672786E-06,5.355559424404172E-06,5.410250017094637E-06,5.474168240650573E-06,5.537186207536679E-06,5.608981676953368E-06,5.684828301384155E-06,5.767876979173364E-06,5.8621788653350924E-06,5.96750889570187E-06,6.082966813603948E-06,6.21462935156242E-06,6.361596252907564E-06,6.529043993490672E-06,6.721923984995672E-06,6.945637767441406E-06,7.206037009181525E-06,7.518201009435257E-06,7.89585868241706E-06,8.350488300666896E-06,8.919450515981563E-06,9.629077835952729E-06,1.0536536559112823E-05,1.1694041572310319E-05,1.3220426755959061E-05,1.5221022140425827E-05,1.786800181381021E-05,2.1379002826036713E-05,2.5988091911253845E-05,3.2004057107203515E-05,3.976179389505198E-05,4.9552760371647525E-05,6.168641976723449E-05,7.638468535091894E-05,9.3880948664347E-05,0.00011418016111920258,0.0001372181794277623,0.0001630134588517571,0.00019118564094819574,0.00022148197865703143,0.00025381042073377696,0.0002879350999309443,0.0003237484355764921,0.00036064838102249056,0.00039896713098009636,0.00043863086440238595,0.0004791984555211564,0.0005210489123943943,0.0005638266336375278,0.0006077107703278475,0.0006518998689650626,0.0006971735518252214,0.000743715921397298,0.0007905249920078035,0.0008380565185958247,0.0008867167419836098,0.000935313947404509,0.0009854573436557923,0.0010360731495945542,0.0010867758303019519,0.0011378278105972325,0.0011907493989315237,0.0012441787320275834,0.0012969119416537187,0.0013515053066238318,0.001405400747610681,0.0014602450591275015,0.0015155003378140863,0.001571613110978657,0.0016282964218077146,0.0016845172257726616,0.0017419902867653028,0.0017988716540617167,0.0018567176463798233,0.0019151256239240536,0.0019727780610581526,0.0020334204756568305,0.0020923179677652653,0.002152151276681959,0.0022114262013992084,0.002271749925136776,0.0023319984774424164],