{"IsIVDone":true,"IsSPSDone":false,"SiPMLocation":{"Block":0,"Module":1,"Array":2,"SiPM":13},"Barcode":"00547","SiPMMeasurementDetails":{"DMMResistance":0,"IV":1,"SPS":0,"DarkCurrent":0,"ForwardResistance":0,"SPSVoltagesIsOffsets":0,"IVVoltages":[],"SPSVoltages":[],"OperatingVoltage":41.19},"Checks":{"SelectedForMeasurement":true,"DMMResistanceOK":true,"RForwardDone":true,"RForwardOK":true,"IDarkDone":true,"IDarkOK":true,"IVDone":true,"IVTemperatureOK":true,"IVMeasurementOK":true,"IVVoltageCheckOK":true,"IVCurrentCheckOK":true,"IVVbrOK":true},"Temperatures":[{"Block":0,"Module1":[25.008,24.953,24.992,25.039,25.016,24.984,24.969,25.055],"Module2":[25.047,24.984,24.984,24.969,25.047,25.016,24.953,25.0],"Pulser":28.328,"ControlTemperature":28.43,"Timestamp":1732544277},{"Block":0,"Module1":[25.008,24.945,25.0,25.039,25.016,24.977,24.977,25.055],"Module2":[25.039,24.992,24.984,24.961,25.055,25.016,24.945,25.0],"Pulser":28.328,"ControlTemperature":28.438,"Timestamp":1732544300}],"DMMResistanceResult":{"Identifier":{"Type":2,"ID":"163ccccd-90a2-4d01-927e-9ff420e83ea6"},"StartTimestamp":1732538725,"EndTimestamp":1732538727,"ErrorHappened":false,"ErrorMessage":null,"CorrectionPercentage":0,"Voltages":[29.999998232735635,29.999998232735635,29.999998232735635,29.999998232735635,29.999998232735635,29.999998232735635],"Currents":[3.2440074053843686E-06,3.2197004752997234E-06,3.2082222027597597E-06,3.201245213568782E-06,3.198544443559374E-06,3.196068737717437E-06],"Resistance":9342263.176130798},"IVMeasurementID":{"Type":0,"ID":"39ec1ccb-5c10-44c0-a8c3-306b77eb77f4"},"SPSMeasurementID":{"Type":999,"ID":"69fff03b-52f9-4456-9e68-4ec113d3fb3a"},"IVResult":{"Identifier":{"Type":0,"ID":"39ec1ccb-5c10-44c0-a8c3-306b77eb77f4"},"StartTimestamp":1732544280,"EndTimestamp":1732544302,"ErrorHappened":false,"ErrorMessage":null,"Temperatures":[{"Block":0,"Module1":[25.008,24.953,24.992,25.039,25.016,24.984,24.969,25.055],"Module2":[25.047,24.984,24.984,24.969,25.047,25.016,24.953,25.0],"Pulser":28.328,"ControlTemperature":28.43,"Timestamp":1732544277},{"Block":0,"Module1":[25.008,24.945,25.0,25.039,25.016,24.977,24.977,25.055],"Module2":[25.039,24.992,24.984,24.961,25.055,25.016,24.945,25.0],"Pulser":28.328,"ControlTemperature":28.438,"Timestamp":1732544300}],"SMUVoltage":[37.37999938038217,37.39999930217151,37.419995473037766,37.439999145750164,37.459999067539485,37.47999898932881,37.49999891111814,37.51999883290747,37.539998754696796,37.559998676486124,37.57999859827545,37.59999852006478,37.61999844185411,37.639998363643436,37.65999828543276,37.67999820722209,37.699998129011426,37.71999805080075,37.73999797259008,37.7599978943794,37.77999781616874,37.79999773795806,37.81999765974739,37.839997581536714,37.85999750332605,37.87999742511537,37.899997346904705,37.9200010196171,37.940000941406424,37.95999711227268,37.979997034062016,37.99999695585134,38.01999687764067,38.040000550353064,38.05999672121933,38.08000039393172,38.09999656479798,38.120000237510375,38.13999640837664,38.16000008108903,38.18000000287836,38.19999992466769,38.219999846457014,38.23999976824634,38.25999969003567,38.279999611825,38.299999533614326,38.319999455403654,38.33999937719298,38.35999929898231,38.37999922077164,38.39999914256097,38.41999906435029,38.43999898613963,38.45999890792895,38.479998829718284,38.499998751507604,38.51999867329694,38.53999859508626,38.559998516875595,38.579998438664916,38.59999836045425,38.62000203316664,38.639998204032906,38.65999812582223,38.67999804761156,38.69999796940088,38.71999789119022,38.73999781297954,38.75999773476887,38.779997656558194,38.79999757834752,38.81999750013686,38.83999742192618,38.85999734371551,38.879997265504834,38.89999718729417,38.92000086000656,38.939997030872824,38.959996952662145,38.97999687445148,38.9999967962408,39.019996718030136,39.04000039074253,39.05999656160879,39.08000023432118,39.09999640518745,39.12000007789984,39.13999999968917,39.159996170555424,39.17999609234476,39.19999976505715,39.21999968684648,39.239999608635806,39.25999577950207,39.27999945221446,39.29999937400379,39.31999929579312,39.33999546665938,39.35999913937177],"SMUCurrent":[5.807938400979515E-06,5.792408973425453E-06,5.823692892701048E-06,5.8617287370001775E-06,5.907641827160087E-06,5.955580494827018E-06,6.003969290828838E-06,6.056859370179697E-06,6.1140256687120995E-06,6.173667673086466E-06,6.235785383302769E-06,6.302179312700642E-06,6.372849461280084E-06,6.450946727385392E-06,6.531519699332636E-06,6.617044082963782E-06,6.709995584120793E-06,6.8074483686268446E-06,6.910527757319129E-06,7.02125932770475E-06,7.145269683969912E-06,7.279407927770348E-06,7.423674059106085E-06,7.579418462981785E-06,7.749566973574301E-06,7.937720617562843E-06,8.144104459114883E-06,8.376820808258617E-06,8.635869664994046E-06,8.929128275181921E-06,9.258622216329348E-06,9.631553541794693E-06,1.0066827641643812E-05,1.057299695423979E-05,1.116739142047635E-05,1.1879719510456924E-05,1.2736538795940651E-05,1.378646313709685E-05,1.508530844745323E-05,1.672422571482717E-05,1.8807869777083146E-05,2.1486808562245455E-05,2.4987681686936713E-05,2.9586642884618585E-05,3.558122698466046E-05,4.3473327080476834E-05,5.370924541612184E-05,6.68124812450852E-05,8.342896872794958E-05,0.00010396067246778144,0.00012897925544990484,0.00015861705540478062,0.00019311489099158074,0.00023237328384829206,0.00027635869941396456,0.000324323024395993,0.000376510903544396,0.00043220370697250434,0.0004907915107865274,0.0005522695886389488,0.0006158540420345385,0.000681491980893946,0.0007489518141888645,0.0008182736033411005,0.0008890792405493369,0.0009608704337468389,0.0010344387336105292,0.001109414359713287,0.0011845347020757154,0.0012616031998715948,0.0013390997697139647,0.0014181206991624763,0.001497149055728514,0.0015771672445029983,0.0016575867226880467,0.00173992577315728,0.0018224212432228913,0.0019051537058568278,0.0019879377081851103,0.0020734832478480096,0.002158146535974503,0.002243484341410846,0.0023285144841302834,0.0024166120263879034,0.00250352955721558,0.0025912287358968128,0.002678599771021902,0.0027660520543114414,0.002854165125996615,0.0029429587917241587,0.00303133338797191,0.0031215505845585776,0.003211433335792414,0.003300959810449176,0.003392853735083349,0.003483778983540816,0.003575412508933249,0.003665846667377339,0.003757400069926159,0.003851844646770048],