{"IsIVDone":true,"IsSPSDone":false,"SiPMLocation":{"Block":0,"Module":0,"Array":1,"SiPM":4},"Barcode":"00552","SiPMMeasurementDetails":{"DMMResistance":0,"IV":1,"SPS":0,"DarkCurrent":0,"ForwardResistance":0,"SPSVoltagesIsOffsets":0,"IVVoltages":[],"SPSVoltages":[],"OperatingVoltage":41.26},"Checks":{"SelectedForMeasurement":true,"DMMResistanceOK":true,"RForwardDone":true,"RForwardOK":true,"IDarkDone":true,"IDarkOK":true,"IVDone":true,"IVTemperatureOK":true,"IVMeasurementOK":true,"IVVoltageCheckOK":true,"IVCurrentCheckOK":true,"IVVbrOK":true},"Temperatures":[{"Block":0,"Module1":[25.0,24.953,25.0,25.023,25.008,24.992,24.977,25.031],"Module2":[25.031,24.992,24.992,24.969,25.039,25.023,24.969,25.0],"Pulser":26.977,"ControlTemperature":27.727,"Timestamp":1732542288},{"Block":0,"Module1":[25.008,24.961,25.0,25.023,25.016,24.992,24.984,25.031],"Module2":[25.031,24.992,24.992,24.953,25.039,25.023,24.969,25.0],"Pulser":27.023,"ControlTemperature":27.742,"Timestamp":1732542311}],"DMMResistanceResult":{"Identifier":{"Type":2,"ID":"163ccccd-90a2-4d01-927e-9ff420e83ea6"},"StartTimestamp":1732538725,"EndTimestamp":1732538727,"ErrorHappened":false,"ErrorMessage":null,"CorrectionPercentage":0,"Voltages":[29.999998232735635,29.999998232735635,29.999998232735635,29.999998232735635,29.999998232735635,29.999998232735635],"Currents":[3.2440074053843686E-06,3.2197004752997234E-06,3.2082222027597597E-06,3.201245213568782E-06,3.198544443559374E-06,3.196068737717437E-06],"Resistance":9342263.176130798},"IVMeasurementID":{"Type":0,"ID":"5908f90c-5436-41d5-816a-452fc4240071"},"SPSMeasurementID":{"Type":999,"ID":"63f8f6b3-3d06-400f-8dab-6005124ba5d4"},"IVResult":{"Identifier":{"Type":0,"ID":"5908f90c-5436-41d5-816a-452fc4240071"},"StartTimestamp":1732542291,"EndTimestamp":1732542314,"ErrorHappened":false,"ErrorMessage":null,"Temperatures":[{"Block":0,"Module1":[25.0,24.953,25.0,25.023,25.008,24.992,24.977,25.031],"Module2":[25.031,24.992,24.992,24.969,25.039,25.023,24.969,25.0],"Pulser":26.977,"ControlTemperature":27.727,"Timestamp":1732542288},{"Block":0,"Module1":[25.008,24.961,25.0,25.023,25.016,24.992,24.984,25.031],"Module2":[25.031,24.992,24.992,24.953,25.039,25.023,24.969,25.0],"Pulser":27.023,"ControlTemperature":27.742,"Timestamp":1732542311}],"SMUVoltage":[37.449999106644825,37.469999028434145,37.48999895022348,37.50999887201281,37.529998793802136,37.549998715591464,37.56999863738079,37.58999855917012,37.60999848095945,37.629998402748775,37.6499983245381,37.66999824632743,37.68999816811676,37.70999808990609,37.729998011695415,37.74999793348474,37.76999785527407,37.7899977770634,37.809997698852726,37.829997620642054,37.84999754243138,37.86999746422071,37.88999738601004,37.909997307799365,37.92999722958869,37.94999715137802,37.96999707316735,37.98999699495668,38.009996916746005,38.02999683853533,38.04999676032466,38.07000043303706,38.09000035482638,38.110000276615715,38.12999644748197,38.1499963692713,38.17000004198369,38.189996212849955,38.209999885562354,38.22999980735168,38.24999972914101,38.26999965093034,38.289999572719665,38.30999949450899,38.32999941629832,38.34999933808765,38.36999925987698,38.389999181666305,38.40999910345563,38.42999902524496,38.44999894703429,38.469998868823616,38.489998790612944,38.50999871240227,38.5299986341916,38.54999855598093,38.569998477770255,38.58999839955958,38.60999832134891,38.62999824313824,38.64999816492757,38.669998086716895,38.68999800850622,38.70999793029555,38.72999785208488,38.749997773874206,38.769997695663534,38.78999761745286,38.80999753924219,38.82999746103152,38.849997382820845,38.86999730461017,38.8899972263995,38.90999714818883,38.93000082090122,38.949996991767485,38.96999691355681,38.98999683534614,39.01000050805853,39.029996678924796,39.05000035163719,39.07000027342652,39.08999644429278,39.11000011700518,39.129996287871435,39.14999620966076,39.169999882373155,39.18999980416249,39.20999972595181,39.229999647741145,39.249999569530466,39.2699994913198,39.28999941310912,39.30999933489846,39.329995505764714,39.34999917847711,39.36999910026644,39.38999902205577,39.409998943845096,39.429998865634424],"SMUCurrent":[4.582464009212012E-06,4.537451175721933E-06,4.535875726549771E-06,4.5410522024011434E-06,4.54915451242934E-06,4.559507464132058E-06,4.575261955853591E-06,4.588090613398272E-06,4.604745361789608E-06,4.6202747893436705E-06,4.640080436079302E-06,4.660561275317293E-06,4.682842627894889E-06,4.704223723802682E-06,4.727180268882609E-06,4.752612519804528E-06,4.779620219898554E-06,4.811129203341648E-06,4.842638186784687E-06,4.875722619399915E-06,4.910607565354722E-06,4.949993794658541E-06,4.993431178976486E-06,5.0400194616387E-06,5.089533578477793E-06,5.147600133679998E-06,5.2065669455520055E-06,5.276111773294201E-06,5.3521834618924324E-06,5.438157973858493E-06,5.5331350525225805E-06,5.644541815410533E-06,5.76900230001061E-06,5.915068944685925E-06,6.0858926477808E-06,6.2922764893328395E-06,6.536921239351425E-06,6.833330747883624E-06,7.1997352124929335E-06,7.664267654110572E-06,8.246283591137365E-06,9.00317438627313E-06,9.9869298621989E-06,1.1288250878397217E-05,1.3003915026871748E-05,1.5286290748986453E-05,1.8313178737027104E-05,2.2272282506647436E-05,2.7433904122955315E-05,3.3986197229939354E-05,4.217898305346948E-05,5.212119265059171E-05,6.40952815514563E-05,7.800784812657136E-05,9.383346012501497E-05,0.00011146273636140623,0.00013089387632240555,0.00015173346784330956,0.00017396553136822933,0.000197323815987071,0.00022193143179942993,0.0002475948236212988,0.0002740389630400531,0.0003012836557024286,0.0003292177199097047,0.0003582746292483909,0.0003876587818865501,0.0004179931554396849,0.0004491089517822076,0.00048082589451599035,0.000513401231984429,0.0005456943389868848,0.0005794067006292829,0.0006131606991426595,0.0006485443872925444,0.0006836994102482997,0.000719553932636491,0.0007558846908030073,0.0007918821289375295,0.0008294469139341766,0.0008673240879952446,0.00090500905725731,0.0009435413931098264,0.0009828335455916554,0.0010221855651420262,0.0010606204482100363,0.0011016282648403397,0.0011421652472323371,0.0011826803984000915,0.001223006720731355,0.0012655825594162856,0.0013079468377838127,0.0013495323941319615,0.0013924831897198643,0.001434652337454212,0.0014768750504604129,0.0015211733052188413,0.0015648071705549563,0.0016085423147664238,0.001652747843087863],