{"IsIVDone":true,"IsSPSDone":false,"SiPMLocation":{"Block":0,"Module":1,"Array":1,"SiPM":0},"Barcode":"00549","SiPMMeasurementDetails":{"DMMResistance":0,"IV":1,"SPS":0,"DarkCurrent":0,"ForwardResistance":0,"SPSVoltagesIsOffsets":0,"IVVoltages":[],"SPSVoltages":[],"OperatingVoltage":41.23},"Checks":{"SelectedForMeasurement":true,"DMMResistanceOK":true,"RForwardDone":true,"RForwardOK":true,"IDarkDone":true,"IDarkOK":true,"IVDone":true,"IVTemperatureOK":true,"IVMeasurementOK":true,"IVVoltageCheckOK":true,"IVCurrentCheckOK":true,"IVVbrOK":true},"Temperatures":[{"Block":0,"Module1":[25.008,24.945,24.992,25.039,25.016,24.977,24.969,25.055],"Module2":[25.039,24.992,24.984,24.961,25.047,25.016,24.953,25.0],"Pulser":28.273,"ControlTemperature":28.266,"Timestamp":1732543746},{"Block":0,"Module1":[25.008,24.953,25.0,25.031,25.016,24.984,24.969,25.047],"Module2":[25.047,24.992,24.992,24.961,25.047,25.016,24.953,25.0],"Pulser":28.281,"ControlTemperature":28.266,"Timestamp":1732543769}],"DMMResistanceResult":{"Identifier":{"Type":2,"ID":"163ccccd-90a2-4d01-927e-9ff420e83ea6"},"StartTimestamp":1732538725,"EndTimestamp":1732538727,"ErrorHappened":false,"ErrorMessage":null,"CorrectionPercentage":0,"Voltages":[29.999998232735635,29.999998232735635,29.999998232735635,29.999998232735635,29.999998232735635,29.999998232735635],"Currents":[3.2440074053843686E-06,3.2197004752997234E-06,3.2082222027597597E-06,3.201245213568782E-06,3.198544443559374E-06,3.196068737717437E-06],"Resistance":9342263.176130798},"IVMeasurementID":{"Type":0,"ID":"ae1a6bfc-f9d8-4d89-8ac6-01ad781fafb8"},"SPSMeasurementID":{"Type":999,"ID":"db98a3b4-aac2-4f96-981a-aa4dff2af720"},"IVResult":{"Identifier":{"Type":0,"ID":"ae1a6bfc-f9d8-4d89-8ac6-01ad781fafb8"},"StartTimestamp":1732543749,"EndTimestamp":1732543771,"ErrorHappened":false,"ErrorMessage":null,"Temperatures":[{"Block":0,"Module1":[25.008,24.945,24.992,25.039,25.016,24.977,24.969,25.055],"Module2":[25.039,24.992,24.984,24.961,25.047,25.016,24.953,25.0],"Pulser":28.273,"ControlTemperature":28.266,"Timestamp":1732543746},{"Block":0,"Module1":[25.008,24.953,25.0,25.031,25.016,24.984,24.969,25.047],"Module2":[25.047,24.992,24.992,24.961,25.047,25.016,24.953,25.0],"Pulser":28.281,"ControlTemperature":28.266,"Timestamp":1732543769}],"SMUVoltage":[37.40999926306617,37.4299991848555,37.449999106644825,37.469999028434145,37.48999519930041,37.50999887201281,37.529998793802136,37.549998715591464,37.56999863738079,37.58999855917012,37.60999848095945,37.629998402748775,37.6499983245381,37.66999824632743,37.68999816811676,37.70999808990609,37.729998011695415,37.74999793348474,37.76999785527407,37.7899977770634,37.809997698852726,37.829997620642054,37.84999754243138,37.86999746422071,37.88999738601004,37.909997307799365,37.93000098051176,37.94999715137802,37.96999707316735,37.98999699495668,38.01000066766907,38.02999683853533,38.04999676032466,38.07000043303706,38.09000035482638,38.110000276615715,38.12999644748197,38.1499963692713,38.17000004198369,38.189999963773026,38.209999885562354,38.22999605642861,38.24999597821794,38.26999965093034,38.289999572719665,38.30999949450899,38.32999941629832,38.34999933808765,38.36999925987698,38.389999181666305,38.40999910345563,38.42999902524496,38.44999894703429,38.469998868823616,38.489998790612944,38.50999871240227,38.5299986341916,38.549994805057864,38.569998477770255,38.58999839955958,38.60999832134891,38.62999824313824,38.64999816492757,38.669998086716895,38.68999800850622,38.70999793029555,38.72999785208488,38.749997773874206,38.769997695663534,38.78999761745286,38.80999753924219,38.82999746103152,38.849997382820845,38.87000105553324,38.8899972263995,38.91000089911189,38.93000082090122,38.949996991767485,38.96999691355681,38.98999683534614,39.00999675713547,39.029996678924796,39.05000035163719,39.06999652250345,39.08999644429278,39.11000011700518,39.1300000387945,39.14999620966076,39.16999613145009,39.18999980416249,39.20999597502875,39.229999647741145,39.249999569530466,39.26999574039673,39.28999941310912,39.30999933489846,39.329999256687785,39.34999917847711,39.36999910026644,39.38999902205577],"SMUCurrent":[4.18004927781065E-06,4.133010866813521E-06,4.126033877622544E-06,4.1269341342923735E-06,4.1296349043017544E-06,4.133235930980965E-06,4.137062021827647E-06,4.144039011018597E-06,4.1485402943675835E-06,4.155967411893476E-06,4.162044144414624E-06,4.1678958127683275E-06,4.174647737791834E-06,4.185450817829466E-06,4.192202742852973E-06,4.203005822890605E-06,4.210658004583914E-06,4.220335763784272E-06,4.230463651319546E-06,4.242842180529312E-06,4.255220709739079E-06,4.2642232764371324E-06,4.277276998149231E-06,4.293256554038235E-06,4.309011045759741E-06,4.327466307490682E-06,4.34704689005887E-06,4.368878114301551E-06,4.391159466879147E-06,4.4172669103033975E-06,4.449901214583711E-06,4.481860326361665E-06,4.521921748167843E-06,4.567384709992838E-06,4.621175046013473E-06,4.684868205401938E-06,4.7625153431723305E-06,4.859743063510938E-06,4.9788020080922E-06,5.130495256953774E-06,5.324050440961133E-06,5.575672180170696E-06,5.906066377987898E-06,6.34224073450682E-06,6.919080195682241E-06,7.680922402501908E-06,8.683583268493533E-06,9.983103771352245E-06,1.1639576043787325E-05,1.371691830935468E-05,1.628174956161963E-05,1.9387410008267974E-05,2.3037725740146313E-05,2.7309218574187794E-05,3.208012879580176E-05,3.74040216768414E-05,4.330565427572627E-05,4.972043317639809E-05,5.6502516798349E-05,6.373022747185173E-05,7.141751917528821E-05,7.933370113702177E-05,8.775672760385368E-05,9.619865946075142E-05,0.00010508239227835433,0.00011428751672707644,0.000123744713043343,0.0001333434747209359,0.00014340721896848136,0.00015353510650375018,0.00016410209422971475,0.0001749751692234119,0.0001856051749162626,0.0001969042963789434,0.00020851288107186854,0.00021998755258516067,0.00023175210674612892,0.00024383602696070931,0.0002559192719827874,0.0002683963792979037,0.0002807623049142995,0.0002936357502282959,0.0003066734923845312,0.00031986495336713513,0.00033304516114136655,0.00034638696498782734,0.000359899592537383,0.0003737619698031566,0.00038776996358527065,0.0004017910110890968,0.000416015966728633,0.00043039936754205434,0.0004446931928168304,0.00045878378514839876,0.00047354754440481127,0.00048811999911889094,0.0005034680249540048,0.0005182144542695236,0.0005335210682978265,0.0005492690331584998],