{"IsIVDone":true,"IsSPSDone":false,"SiPMLocation":{"Block":0,"Module":0,"Array":2,"SiPM":3},"Barcode":"00551","SiPMMeasurementDetails":{"DMMResistance":0,"IV":1,"SPS":0,"DarkCurrent":0,"ForwardResistance":0,"SPSVoltagesIsOffsets":0,"IVVoltages":[],"SPSVoltages":[],"OperatingVoltage":41.32},"Checks":{"SelectedForMeasurement":true,"DMMResistanceOK":true,"RForwardDone":true,"RForwardOK":true,"IDarkDone":true,"IDarkOK":true,"IVDone":true,"IVTemperatureOK":true,"IVMeasurementOK":true,"IVVoltageCheckOK":true,"IVCurrentCheckOK":true,"IVVbrOK":true},"Temperatures":[{"Block":0,"Module1":[25.0,24.953,24.992,25.031,25.008,24.984,24.977,25.039],"Module2":[25.031,24.992,24.992,24.961,25.047,25.023,24.961,25.0],"Pulser":28.039,"ControlTemperature":27.977,"Timestamp":1732542918},{"Block":0,"Module1":[25.0,24.953,25.0,25.031,25.016,24.984,24.977,25.047],"Module2":[25.039,24.992,24.992,24.961,25.047,25.016,24.961,25.0],"Pulser":28.055,"ControlTemperature":27.977,"Timestamp":1732542941}],"DMMResistanceResult":{"Identifier":{"Type":2,"ID":"163ccccd-90a2-4d01-927e-9ff420e83ea6"},"StartTimestamp":1732538725,"EndTimestamp":1732538727,"ErrorHappened":false,"ErrorMessage":null,"CorrectionPercentage":0,"Voltages":[29.999998232735635,29.999998232735635,29.999998232735635,29.999998232735635,29.999998232735635,29.999998232735635],"Currents":[3.2440074053843686E-06,3.2197004752997234E-06,3.2082222027597597E-06,3.201245213568782E-06,3.198544443559374E-06,3.196068737717437E-06],"Resistance":9342263.176130798},"IVMeasurementID":{"Type":0,"ID":"28726591-24a4-46e2-a922-20201b480c8d"},"SPSMeasurementID":{"Type":999,"ID":"68f6cbb7-c1ba-4c65-8536-6b25d6bd40ec"},"IVResult":{"Identifier":{"Type":0,"ID":"28726591-24a4-46e2-a922-20201b480c8d"},"StartTimestamp":1732542921,"EndTimestamp":1732542943,"ErrorHappened":false,"ErrorMessage":null,"Temperatures":[{"Block":0,"Module1":[25.0,24.953,24.992,25.031,25.008,24.984,24.977,25.039],"Module2":[25.031,24.992,24.992,24.961,25.047,25.023,24.961,25.0],"Pulser":28.039,"ControlTemperature":27.977,"Timestamp":1732542918},{"Block":0,"Module1":[25.0,24.953,25.0,25.031,25.016,24.984,24.977,25.047],"Module2":[25.039,24.992,24.992,24.961,25.047,25.016,24.961,25.0],"Pulser":28.055,"ControlTemperature":27.977,"Timestamp":1732542941}],"SMUVoltage":[37.50999887201281,37.529998793802136,37.549998715591464,37.56999863738079,37.58999855917012,37.60999848095945,37.629998402748775,37.6499983245381,37.66999824632743,37.69000191903982,37.70999808990609,37.729998011695415,37.74999793348474,37.770001606197134,37.7899977770634,37.809997698852726,37.829997620642054,37.84999754243138,37.86999746422071,37.88999738601004,37.909997307799365,37.92999722958869,37.95000090230109,37.96999707316735,37.98999699495668,38.01000066766907,38.02999683853533,38.04999676032466,38.07000043303706,38.089996603903316,38.109996525692644,38.12999644748197,38.15000012019437,38.16999629106063,38.189999963773026,38.20999613463928,38.22999980735168,38.24999972914101,38.26999965093034,38.289999572719665,38.30999949450899,38.32999941629832,38.34999933808765,38.36999925987698,38.389999181666305,38.40999910345563,38.42999902524496,38.44999894703429,38.469998868823616,38.489998790612944,38.50999871240227,38.5299986341916,38.54999855598093,38.570002228693326,38.58999839955958,38.60999832134891,38.62999824313824,38.64999816492757,38.669998086716895,38.68999800850622,38.70999793029555,38.72999785208488,38.749997773874206,38.769997695663534,38.78999761745286,38.80999753924219,38.82999746103152,38.849997382820845,38.86999730461017,38.890000977322565,38.91000089911189,38.92999706997816,38.949996991767485,38.96999691355681,38.98999683534614,39.00999675713547,39.03000042984787,39.049996600714124,39.06999652250345,39.08999644429278,39.11000011700518,39.1300000387945,39.149999960583834,39.169999882373155,39.18999980416249,39.20999597502875,39.229999647741145,39.249999569530466,39.2699994913198,39.28999941310912,39.309995583975386,39.329995505764714,39.34999917847711,39.36999910026644,39.38999902205577,39.409998943845096,39.429998865634424,39.44999878742375,39.46999870921308,39.48999863100241],"SMUCurrent":[4.847139470133701E-06,4.816080615025549E-06,4.827108759230625E-06,4.843088315119602E-06,4.8640192826924806E-06,4.885625442767718E-06,4.910382501187251E-06,4.936264880444057E-06,4.964622965542801E-06,4.992080793971769E-06,5.021114071572871E-06,5.054198504188072E-06,5.089533578477793E-06,5.126894230274564E-06,5.168981229587791E-06,5.2097178438963285E-06,5.25540586988874E-06,5.304244794225501E-06,5.353758911064594E-06,5.410925209596996E-06,5.471692534808609E-06,5.536961143369235E-06,5.608306484451009E-06,5.685503493886514E-06,5.773503583359624E-06,5.866680148684079E-06,5.972685371553242E-06,6.088143289455293E-06,6.220030891581263E-06,6.369923627103232E-06,6.541197458532995E-06,6.73812860505212E-06,6.967919120019002E-06,7.23822118512695E-06,7.556686982069274E-06,7.946948248428314E-06,8.420258192576535E-06,9.00519996378018E-06,9.74115979134304E-06,1.0681027754615976E-05,1.188849701298748E-05,1.3474974329345476E-05,1.5559743712438697E-05,1.831655469953887E-05,2.1963944597240358E-05,2.6726077316323755E-05,3.295832917719328E-05,4.095891020172077E-05,5.1033907657638744E-05,6.347793054013982E-05,7.853854943341944E-05,9.635732969880396E-05,0.00011691694139539967,0.0001400515122317956,0.00016588505256425696,0.00019384747485663183,0.00022400809887249492,0.00025590216710606116,0.00028945630863874163,0.0003241812339704992,0.00036071207418187897,0.0003981035597695891,0.0004370279574018041,0.0004766759363323721,0.0005170911590097786,0.0005587957743025086,0.0006015865492673542,0.0006454078930549554,0.0006896735135091036,0.0007345056204727246,0.0007803649202965892,0.0008270011416264927,0.0008741018953980139,0.0009218245014642007,0.000970736121527028,0.001019269408724371,0.0010690551780135758,0.001119393929962206,0.0011700644264936583,0.001221475159071855,0.001273088899529092,0.0013253143643934592,0.0013781423260340912,0.001431309009246736,0.0014847448692036516,0.0015389970368959098,0.0015933401305118179,0.0016485663759208018,0.0017043982690043943,0.0017605065408856163,0.0018159553747562082,0.001872863524688549,0.001929732063327418,0.001986854699411339,0.0020452012344378554,0.0021033019993935156,0.0021594361536539943,0.00221900006076225,0.002276693234510657,0.002337559137827614],