{"IsIVDone":true,"IsSPSDone":false,"SiPMLocation":{"Block":0,"Module":1,"Array":2,"SiPM":14},"Barcode":"00547","SiPMMeasurementDetails":{"DMMResistance":0,"IV":1,"SPS":0,"DarkCurrent":0,"ForwardResistance":0,"SPSVoltagesIsOffsets":0,"IVVoltages":[],"SPSVoltages":[],"OperatingVoltage":41.2},"Checks":{"SelectedForMeasurement":true,"DMMResistanceOK":true,"RForwardDone":true,"RForwardOK":true,"IDarkDone":true,"IDarkOK":true,"IVDone":true,"IVTemperatureOK":true,"IVMeasurementOK":true,"IVVoltageCheckOK":true,"IVCurrentCheckOK":true,"IVVbrOK":true},"Temperatures":[{"Block":0,"Module1":[25.008,24.945,25.0,25.039,25.016,24.977,24.969,25.047],"Module2":[25.047,24.992,24.984,24.969,25.055,25.016,24.953,25.008],"Pulser":28.336,"ControlTemperature":28.461,"Timestamp":1732544369},{"Block":0,"Module1":[25.008,24.945,25.0,25.047,25.016,24.984,24.977,25.055],"Module2":[25.047,24.992,24.984,24.969,25.055,25.016,24.953,25.0],"Pulser":28.344,"ControlTemperature":28.469,"Timestamp":1732544392}],"DMMResistanceResult":{"Identifier":{"Type":2,"ID":"163ccccd-90a2-4d01-927e-9ff420e83ea6"},"StartTimestamp":1732538725,"EndTimestamp":1732538727,"ErrorHappened":false,"ErrorMessage":null,"CorrectionPercentage":0,"Voltages":[29.999998232735635,29.999998232735635,29.999998232735635,29.999998232735635,29.999998232735635,29.999998232735635],"Currents":[3.2440074053843686E-06,3.2197004752997234E-06,3.2082222027597597E-06,3.201245213568782E-06,3.198544443559374E-06,3.196068737717437E-06],"Resistance":9342263.176130798},"IVMeasurementID":{"Type":0,"ID":"a0f78fb0-cff2-4fb3-b25b-cced17f89a12"},"SPSMeasurementID":{"Type":999,"ID":"4919024e-07dd-4201-a543-5b9073561a9a"},"IVResult":{"Identifier":{"Type":0,"ID":"a0f78fb0-cff2-4fb3-b25b-cced17f89a12"},"StartTimestamp":1732544371,"EndTimestamp":1732544394,"ErrorHappened":false,"ErrorMessage":null,"Temperatures":[{"Block":0,"Module1":[25.008,24.945,25.0,25.039,25.016,24.977,24.969,25.047],"Module2":[25.047,24.992,24.984,24.969,25.055,25.016,24.953,25.008],"Pulser":28.336,"ControlTemperature":28.461,"Timestamp":1732544369},{"Block":0,"Module1":[25.008,24.945,25.0,25.047,25.016,24.984,24.977,25.055],"Module2":[25.047,24.992,24.984,24.969,25.055,25.016,24.953,25.0],"Pulser":28.344,"ControlTemperature":28.469,"Timestamp":1732544392}],"SMUVoltage":[37.38999934127684,37.4099955121431,37.4299991848555,37.449999106644825,37.469999028434145,37.48999895022348,37.50999887201281,37.529998793802136,37.549998715591464,37.56999863738079,37.58999855917012,37.60999848095945,37.629998402748775,37.6499983245381,37.66999824632743,37.68999816811676,37.70999808990609,37.729998011695415,37.74999793348474,37.770001606197134,37.7899977770634,37.809997698852726,37.829997620642054,37.84999754243138,37.86999746422071,37.88999738601004,37.909997307799365,37.93000098051176,37.94999715137802,37.96999707316735,37.98999699495668,38.01000066766907,38.02999683853533,38.050000511247724,38.07000043303706,38.089996603903316,38.110000276615715,38.130000198405035,38.15000012019437,38.17000004198369,38.189999963773026,38.20999613463928,38.22999980735168,38.24999972914101,38.26999965093034,38.289995821796595,38.30999949450899,38.32999941629832,38.34999933808765,38.36999925987698,38.389999181666305,38.40999910345563,38.42999902524496,38.44999894703429,38.469998868823616,38.489998790612944,38.50999871240227,38.5299986341916,38.54999855598093,38.569998477770255,38.58999839955958,38.60999832134891,38.62999824313824,38.64999816492757,38.669998086716895,38.68999800850622,38.70999793029555,38.72999785208488,38.749997773874206,38.769997695663534,38.78999761745286,38.80999753924219,38.82999746103152,38.849997382820845,38.86999730461017,38.890000977322565,38.90999714818883,38.93000082090122,38.949996991767485,38.96999691355681,38.99000058626921,39.00999675713547,39.029996678924796,39.05000035163719,39.07000027342652,39.09000019521584,39.11000011700518,39.1300000387945,39.149999960583834,39.169999882373155,39.18999605323942,39.20999972595181,39.229999647741145,39.2499958186074,39.2699994913198,39.28999566218606,39.30999933489846,39.329999256687785,39.34999917847711,39.36999910026644],"SMUCurrent":[5.676951055523402E-06,5.662321884639115E-06,5.691580226407662E-06,5.731191519878952E-06,5.770577749182772E-06,5.818516416849703E-06,5.866230020349191E-06,5.916419329690643E-06,5.970434729878722E-06,6.026925835908792E-06,6.085667583613356E-06,6.1552124113555245E-06,6.224307110762805E-06,6.299703606858678E-06,6.3782510012989E-06,6.461524743255553E-06,6.5526757310729585E-06,6.648778130574292E-06,6.753883096773653E-06,6.8679906296710135E-06,6.992451114271091E-06,7.123663523894675E-06,7.264328628551201E-06,7.430200919962147E-06,7.60147475139191E-06,7.793679550394578E-06,8.013792306161074E-06,8.25573628617028E-06,8.525813287110784E-06,8.833701068182973E-06,9.186376618577745E-06,9.599594430016712E-06,1.0068403090815947E-05,1.0627012354427897E-05,1.1291626840908984E-05,1.2088353993683457E-05,1.3076160624623325E-05,1.430005956721872E-05,1.5836347574235265E-05,1.779665647272841E-05,2.0342807399095E-05,2.3656652200634934E-05,2.8033024936708332E-05,3.379241698176454E-05,4.13840564140346E-05,5.130218414523963E-05,6.411238642818253E-05,8.040815747243007E-05,0.00010076183545580864,0.00012551146675782878,0.0001549548112720274,0.0001890347026998721,0.00022765751434770346,0.0002708074917238,0.00031793345268207564,0.0003683665065168677,0.00042205016212214615,0.00047826331390539987,0.0005373201514443897,0.000598185604633011,0.0006605961233311794,0.0007248674725658279,0.0007901981988366654,0.0008571291313380756,0.0009249549189692685,0.0009940268868956345,0.0010642115720658754,0.001135054344861741,0.0012073048940250092,0.0012802623697382393,0.001353769002020048,0.001427706857246692,0.0015036153743235318,0.0015797748379470788,0.001656419990043984,0.0017328623593260162,0.001810486765615498,0.0018896920226171515,0.00196936293738126,0.002048680951530806,0.002129131938699298,0.002209526884890094,0.002290341125624851,0.002371502415305816,0.0024528691885716634,0.0025360934164114788,0.002618455198361625,0.002701665472223058,0.002785521680245075,0.00286840606119204,0.002953267630850058,0.003037648238382234,0.0031229540847067983,0.0032081836342785974,0.0032938637623136317,0.003378814682446127,0.00346514997227261,0.003549770498207288,0.0036362975427044384,0.0037218054966513736],