{"IsIVDone":true,"IsSPSDone":false,"SiPMLocation":{"Block":0,"Module":1,"Array":0,"SiPM":5},"Barcode":"00548","SiPMMeasurementDetails":{"DMMResistance":0,"IV":1,"SPS":0,"DarkCurrent":0,"ForwardResistance":0,"SPSVoltagesIsOffsets":0,"IVVoltages":[],"SPSVoltages":[],"OperatingVoltage":41.2},"Checks":{"SelectedForMeasurement":true,"DMMResistanceOK":true,"RForwardDone":true,"RForwardOK":true,"IDarkDone":true,"IDarkOK":true,"IVDone":true,"IVTemperatureOK":true,"IVMeasurementOK":true,"IVVoltageCheckOK":true,"IVCurrentCheckOK":true,"IVVbrOK":true},"Temperatures":[{"Block":0,"Module1":[25.0,24.953,25.0,25.039,25.016,24.984,24.977,25.047],"Module2":[25.039,24.992,24.992,24.961,25.055,25.016,24.961,25.0],"Pulser":28.219,"ControlTemperature":28.172,"Timestamp":1732543493},{"Block":0,"Module1":[25.008,24.945,25.0,25.039,25.008,24.984,24.969,25.047],"Module2":[25.039,24.992,24.992,24.961,25.055,25.016,24.953,25.008],"Pulser":28.211,"ControlTemperature":28.18,"Timestamp":1732543516}],"DMMResistanceResult":{"Identifier":{"Type":2,"ID":"163ccccd-90a2-4d01-927e-9ff420e83ea6"},"StartTimestamp":1732538725,"EndTimestamp":1732538727,"ErrorHappened":false,"ErrorMessage":null,"CorrectionPercentage":0,"Voltages":[29.999998232735635,29.999998232735635,29.999998232735635,29.999998232735635,29.999998232735635,29.999998232735635],"Currents":[3.2440074053843686E-06,3.2197004752997234E-06,3.2082222027597597E-06,3.201245213568782E-06,3.198544443559374E-06,3.196068737717437E-06],"Resistance":9342263.176130798},"IVMeasurementID":{"Type":0,"ID":"af0dd5d4-7c00-4b5b-8e05-b7f0fed0020a"},"SPSMeasurementID":{"Type":999,"ID":"7df3c296-0db6-4b59-8e62-fce8ce6aec2a"},"IVResult":{"Identifier":{"Type":0,"ID":"af0dd5d4-7c00-4b5b-8e05-b7f0fed0020a"},"StartTimestamp":1732543495,"EndTimestamp":1732543518,"ErrorHappened":false,"ErrorMessage":null,"Temperatures":[{"Block":0,"Module1":[25.0,24.953,25.0,25.039,25.016,24.984,24.977,25.047],"Module2":[25.039,24.992,24.992,24.961,25.055,25.016,24.961,25.0],"Pulser":28.219,"ControlTemperature":28.172,"Timestamp":1732543493},{"Block":0,"Module1":[25.008,24.945,25.0,25.039,25.008,24.984,24.969,25.047],"Module2":[25.039,24.992,24.992,24.961,25.055,25.016,24.953,25.008],"Pulser":28.211,"ControlTemperature":28.18,"Timestamp":1732543516}],"SMUVoltage":[37.38999934127684,37.40999926306617,37.4299991848555,37.449999106644825,37.469999028434145,37.48999895022348,37.50999887201281,37.529998793802136,37.549998715591464,37.56999863738079,37.58999855917012,37.60999848095945,37.629998402748775,37.6499983245381,37.66999824632743,37.68999816811676,37.70999808990609,37.729998011695415,37.74999793348474,37.76999785527407,37.7899977770634,37.809997698852726,37.829997620642054,37.84999754243138,37.86999746422071,37.8900011369331,37.909997307799365,37.92999722958869,37.94999715137802,37.96999707316735,37.98999699495668,38.009996916746005,38.02999683853533,38.050000511247724,38.06999668211399,38.09000035482638,38.109996525692644,38.130000198405035,38.15000012019437,38.16999629106063,38.189999963773026,38.20999613463928,38.22999980735168,38.24999972914101,38.269995900007274,38.289995821796595,38.30999949450899,38.32999941629832,38.34999933808765,38.36999925987698,38.389999181666305,38.40999910345563,38.42999902524496,38.44999894703429,38.469998868823616,38.48999503968987,38.50999871240227,38.5299986341916,38.54999855598093,38.569998477770255,38.58999839955958,38.60999832134891,38.62999824313824,38.64999816492757,38.669998086716895,38.68999800850622,38.70999793029555,38.72999785208488,38.749997773874206,38.769997695663534,38.790001368375925,38.80999753924219,38.82999746103152,38.849997382820845,38.86999730461017,38.8899972263995,38.90999714818883,38.92999706997816,38.950000742690555,38.970000664479876,38.99000058626921,39.00999675713547,39.029996678924796,39.05000035163719,39.06999652250345,39.08999644429278,39.11000011700518,39.129996287871435,39.149999960583834,39.169999882373155,39.18999980416249,39.20999972595181,39.229999647741145,39.249999569530466,39.2699994913198,39.28999941310912,39.30999933489846,39.329999256687785,39.34999917847711,39.36999910026644],"SMUCurrent":[4.492438342231826E-06,4.455302754602527E-06,4.458003524611908E-06,4.4638551929656386E-06,4.4748833371707146E-06,4.4856864172083196E-06,4.4996403955902475E-06,4.514944758976893E-06,4.5322746998705606E-06,4.54780412742465E-06,4.5651340683183176E-06,4.583364265881815E-06,4.604520297622137E-06,4.623875816022881E-06,4.649083002777329E-06,4.6720395478572565E-06,4.695896349607014E-06,4.7242544347057575E-06,4.753512776474304E-06,4.7845716315824825E-06,4.81968164170476E-06,4.854116459324651E-06,4.891252046953978E-06,4.934239302937008E-06,4.983303291441213E-06,5.0368685632944045E-06,5.091784220152286E-06,5.151651288694124E-06,5.2238968864457E-06,5.299743510876488E-06,5.389769177856647E-06,5.491498181544241E-06,5.603130008599637E-06,5.739518894074593E-06,5.896838747122455E-06,6.084317198608638E-06,6.313207456905718E-06,6.58936119036737E-06,6.9310085965571195E-06,7.3611062205548665E-06,7.91408887998053E-06,8.629117739970539E-06,9.560433264880363E-06,1.079040893999688E-05,1.2420548704840292E-05,1.4602995936606982E-05,1.7482241830800183E-05,2.1243289133064116E-05,2.613393349176169E-05,3.233490143335563E-05,4.002624429180621E-05,4.942447379620078E-05,6.061894042101715E-05,7.36677107214575E-05,8.848436005722088E-05,0.00010507744086667042,0.00012308212413436896,0.00014248783184444639,0.00016322839513167224,0.0001851413176671473,0.00020823920304424882,0.000232064945938885,0.000256842485197669,0.00028266477232175783,0.0003090843797462601,0.0003358967241429633,0.00036372253248569575,0.0003920542850768568,0.00042119694386334164,0.0004503522062432037,0.0004806390912570065,0.0005115235216353901,0.0005433478199770468,0.0005750546348232942,0.0006078779930042632,0.0006409288910585246,0.0006743806283950152,0.0007087071901503855,0.0007430303759432441,0.0007773425335918976,0.0008124075308806728,0.0008483424011766437,0.0008845709802111376,0.0009212559893772208,0.0009581982468866999,0.0009957092415473264,0.0010341844111013102,0.0010713915691358785,0.0011110251439597298,0.0011510102690131384,0.0011885030334762012,0.00122819332447025,0.0012674848017595766,0.0013077057940604733,0.0013466063348909385,0.0013878212105552963,0.001429026408460454,0.0014698249154150285,0.0015119499505725558,0.0015546792830196875],