{"IsIVDone":true,"IsSPSDone":false,"SiPMLocation":{"Block":0,"Module":1,"Array":3,"SiPM":15},"Barcode":"00546","SiPMMeasurementDetails":{"DMMResistance":0,"IV":1,"SPS":0,"DarkCurrent":0,"ForwardResistance":0,"SPSVoltagesIsOffsets":0,"IVVoltages":[],"SPSVoltages":[],"OperatingVoltage":41.33},"Checks":{"SelectedForMeasurement":true,"DMMResistanceOK":true,"RForwardDone":true,"RForwardOK":true,"IDarkDone":true,"IDarkOK":true,"IVDone":true,"IVTemperatureOK":true,"IVMeasurementOK":true,"IVVoltageCheckOK":true,"IVCurrentCheckOK":true,"IVVbrOK":true},"Temperatures":[{"Block":0,"Module1":[25.008,24.945,24.992,25.039,25.016,24.977,24.969,25.055],"Module2":[25.039,24.984,24.977,24.969,25.055,25.008,24.953,25.008],"Pulser":28.414,"ControlTemperature":28.594,"Timestamp":1732544831},{"Block":0,"Module1":[25.008,24.945,24.992,25.039,25.016,24.977,24.969,25.047],"Module2":[25.047,24.984,24.984,24.969,25.055,25.008,24.953,25.008],"Pulser":28.414,"ControlTemperature":28.602,"Timestamp":1732544854}],"DMMResistanceResult":{"Identifier":{"Type":2,"ID":"163ccccd-90a2-4d01-927e-9ff420e83ea6"},"StartTimestamp":1732538725,"EndTimestamp":1732538727,"ErrorHappened":false,"ErrorMessage":null,"CorrectionPercentage":0,"Voltages":[29.999998232735635,29.999998232735635,29.999998232735635,29.999998232735635,29.999998232735635,29.999998232735635],"Currents":[3.2440074053843686E-06,3.2197004752997234E-06,3.2082222027597597E-06,3.201245213568782E-06,3.198544443559374E-06,3.196068737717437E-06],"Resistance":9342263.176130798},"IVMeasurementID":{"Type":0,"ID":"e5e87b5a-e305-42bd-bf62-aff0da8b36c9"},"SPSMeasurementID":{"Type":999,"ID":"38d1a52d-e261-4a64-b6a3-e4688d70e4b0"},"IVResult":{"Identifier":{"Type":0,"ID":"e5e87b5a-e305-42bd-bf62-aff0da8b36c9"},"StartTimestamp":1732544834,"EndTimestamp":1732544856,"ErrorHappened":false,"ErrorMessage":null,"Temperatures":[{"Block":0,"Module1":[25.008,24.945,24.992,25.039,25.016,24.977,24.969,25.055],"Module2":[25.039,24.984,24.977,24.969,25.055,25.008,24.953,25.008],"Pulser":28.414,"ControlTemperature":28.594,"Timestamp":1732544831},{"Block":0,"Module1":[25.008,24.945,24.992,25.039,25.016,24.977,24.969,25.047],"Module2":[25.047,24.984,24.984,24.969,25.055,25.008,24.953,25.008],"Pulser":28.414,"ControlTemperature":28.602,"Timestamp":1732544854}],"SMUVoltage":[37.51999883290747,37.53999500377373,37.559998676486124,37.57999859827545,37.59999852006478,37.61999844185411,37.639998363643436,37.65999828543276,37.67999820722209,37.699998129011426,37.71999805080075,37.73999797259008,37.7599978943794,37.77999781616874,37.79999773795806,37.81999765974739,37.839997581536714,37.85999750332605,37.88000117603844,37.899997346904705,37.919997268694026,37.940000941406424,37.95999711227268,37.979997034062016,38.00000070677441,38.01999687764067,38.03999679942999,38.06000047214239,38.08000039393172,38.09999656479798,38.11999648658731,38.1400001592997,38.15999633016597,38.18000000287836,38.19999992466769,38.219999846457014,38.23999601732328,38.25999969003567,38.279999611825,38.29999578269126,38.31999570448059,38.33999937719298,38.35999929898231,38.37999922077164,38.39999914256097,38.41999906435029,38.43999898613963,38.45999890792895,38.479998829718284,38.499998751507604,38.51999867329694,38.53999859508626,38.559998516875595,38.579998438664916,38.59999836045425,38.61999828224357,38.639998204032906,38.65999812582223,38.67999804761156,38.69999796940088,38.71999789119022,38.73999781297954,38.75999773476887,38.779997656558194,38.79999757834752,38.81999750013686,38.83999742192618,38.85999734371551,38.879997265504834,38.89999718729417,38.91999710908349,38.939997030872824,38.959996952662145,38.97999687445148,38.9999967962408,39.0200004689532,39.04000039074253,39.060000312531855,39.07999648339811,39.09999640518745,39.12000007789984,39.1399962487661,39.159999921478494,39.17999984326782,39.19999976505715,39.21999968684648,39.239999608635806,39.259999530425134,39.27999945221446,39.29999937400379,39.31999929579312,39.339999217582445,39.35999913937177,39.3799990611611,39.39999898295043,39.41999890473976,39.439998826529084,39.45999874831841,39.47999867010774,39.49999859189707],"SMUCurrent":[4.42154312948494E-06,4.381931836013676E-06,4.379906258506627E-06,4.384857670190528E-06,4.393860236888555E-06,4.40466331692616E-06,4.41254056278694E-06,4.426269477001424E-06,4.440448519550796E-06,4.455527818769971E-06,4.470832182156589E-06,4.4861365455432344E-06,4.502116101432212E-06,4.520346298995682E-06,4.538801560726623E-06,4.560857849136775E-06,4.580663495872407E-06,4.604520297622137E-06,4.628152035204451E-06,4.654934671131033E-06,4.6830676920623325E-06,4.7186278305194976E-06,4.7521623914696404E-06,4.7877225299268055E-06,4.827558887565513E-06,4.87167146438579E-06,4.920960517057439E-06,4.977451623087482E-06,5.041144782475947E-06,5.10978935354834E-06,5.190137261328141E-06,5.281063184978102E-06,5.386618279512351E-06,5.51265421328459E-06,5.660296307132066E-06,5.837871935250447E-06,6.056184177677339E-06,6.329187012794695E-06,6.6676835206401215E-06,7.101157107149635E-06,7.664042589943128E-06,8.393700620817397E-06,9.36305199002635E-06,1.0645917744493726E-05,1.2350103620428293E-05,1.4614924337481833E-05,1.7583520706152862E-05,2.142018956868014E-05,2.632501296992711E-05,3.244000639955498E-05,3.991843855559747E-05,4.878866752315335E-05,5.909638132821506E-05,7.07947666239529E-05,8.389282597706489E-05,9.815019085671399E-05,0.00011361434980223224,0.00012991529732233112,0.00014709264471048195,0.00016530011079305334,0.00018404210427331945,0.00020322432326511862,0.00022336441535358674,0.00024412793518589253,0.00026539469849661744,0.0002872923166687059,0.0003096549174107469,0.00033237356966569446,0.0003557770921821937,0.00037938902411775195,0.00040361200526793813,0.0004282547310904193,0.00045370116105486593,0.00047906139144317906,0.0005049710034642388,0.0005309645644197573,0.0005579517836745696,0.0005852102052511595,0.0006125266933829516,0.0006403516014690143,0.0006692944032748032,0.0006971951579852967,0.0007261955762179528,0.0007549252422571662,0.0007844032466531521,0.0008140178649987805,0.0008435219768381908,0.0008737132095808271,0.0009037189894494843,0.0009345449031443308,0.0009655517684298075,0.0009962275643249645,0.0010270172426888515,0.0010590821346255128,0.0010912113949140647,0.001122868695643473,0.0011548878995541417,0.0011875726182079612,0.0012201141960512824,0.0012534252682831163],