{"IsIVDone":true,"IsSPSDone":false,"SiPMLocation":{"Block":0,"Module":0,"Array":2,"SiPM":15},"Barcode":"00551","SiPMMeasurementDetails":{"DMMResistance":0,"IV":1,"SPS":0,"DarkCurrent":0,"ForwardResistance":0,"SPSVoltagesIsOffsets":0,"IVVoltages":[],"SPSVoltages":[],"OperatingVoltage":41.32},"Checks":{"SelectedForMeasurement":true,"DMMResistanceOK":true,"RForwardDone":true,"RForwardOK":true,"IDarkDone":true,"IDarkOK":true,"IVDone":true,"IVTemperatureOK":true,"IVMeasurementOK":true,"IVVoltageCheckOK":true,"IVCurrentCheckOK":true,"IVVbrOK":true},"Temperatures":[{"Block":0,"Module1":[25.008,24.953,25.0,25.031,25.016,24.984,24.977,25.039],"Module2":[25.039,24.992,24.992,24.961,25.047,25.016,24.961,24.992],"Pulser":28.086,"ControlTemperature":28.0,"Timestamp":1732542987},{"Block":0,"Module1":[25.0,24.961,25.0,25.031,25.016,24.984,24.969,25.047],"Module2":[25.039,24.984,24.984,24.961,25.047,25.016,24.961,25.008],"Pulser":28.094,"ControlTemperature":28.0,"Timestamp":1732543010}],"DMMResistanceResult":{"Identifier":{"Type":2,"ID":"163ccccd-90a2-4d01-927e-9ff420e83ea6"},"StartTimestamp":1732538725,"EndTimestamp":1732538727,"ErrorHappened":false,"ErrorMessage":null,"CorrectionPercentage":0,"Voltages":[29.999998232735635,29.999998232735635,29.999998232735635,29.999998232735635,29.999998232735635,29.999998232735635],"Currents":[3.2440074053843686E-06,3.2197004752997234E-06,3.2082222027597597E-06,3.201245213568782E-06,3.198544443559374E-06,3.196068737717437E-06],"Resistance":9342263.176130798},"IVMeasurementID":{"Type":0,"ID":"810408c8-bb41-4f3a-a514-1574ea0f23ac"},"SPSMeasurementID":{"Type":999,"ID":"a0fd643b-ede9-41a7-a1e0-4e0843a7ff4b"},"IVResult":{"Identifier":{"Type":0,"ID":"810408c8-bb41-4f3a-a514-1574ea0f23ac"},"StartTimestamp":1732542990,"EndTimestamp":1732543012,"ErrorHappened":false,"ErrorMessage":null,"Temperatures":[{"Block":0,"Module1":[25.008,24.953,25.0,25.031,25.016,24.984,24.977,25.039],"Module2":[25.039,24.992,24.992,24.961,25.047,25.016,24.961,24.992],"Pulser":28.086,"ControlTemperature":28.0,"Timestamp":1732542987},{"Block":0,"Module1":[25.0,24.961,25.0,25.031,25.016,24.984,24.969,25.047],"Module2":[25.039,24.984,24.984,24.961,25.047,25.016,24.961,25.008],"Pulser":28.094,"ControlTemperature":28.0,"Timestamp":1732543010}],"SMUVoltage":[37.49999891111814,37.51999883290747,37.539998754696796,37.559998676486124,37.57999859827545,37.59999852006478,37.61999844185411,37.639998363643436,37.65999828543276,37.67999820722209,37.699998129011426,37.71999805080075,37.73999797259008,37.7599978943794,37.77999781616874,37.79999773795806,37.81999765974739,37.839997581536714,37.85999750332605,37.87999742511537,37.899997346904705,37.919997268694026,37.940000941406424,37.95999711227268,37.979997034062016,37.99999695585134,38.020000628563736,38.03999679942999,38.06000047214239,38.079996643008656,38.09999656479798,38.11999648658731,38.13999640837664,38.16000008108903,38.18000000287836,38.19999992466769,38.219999846457014,38.23999976824634,38.25999969003567,38.279999611825,38.299999533614326,38.31999570448059,38.33999562626992,38.35999929898231,38.37999922077164,38.39999914256097,38.41999906435029,38.43999898613963,38.45999890792895,38.479998829718284,38.499998751507604,38.52000242422,38.53999859508626,38.559994765952524,38.579998438664916,38.59999836045425,38.61999453132051,38.639998204032906,38.65999812582223,38.67999804761156,38.69999796940088,38.71999789119022,38.73999781297954,38.75999773476887,38.779997656558194,38.79999757834752,38.81999750013686,38.83999742192618,38.85999734371551,38.879997265504834,38.90000093821723,38.91999710908349,38.939997030872824,38.960000703585216,38.97999687445148,38.9999967962408,39.0200004689532,39.03999663981946,39.060000312531855,39.08000023432118,39.10000015611051,39.11999632697677,39.13999999968917,39.159999921478494,39.17999984326782,39.19999976505715,39.21999968684648,39.23999585771274,39.25999577950207,39.27999945221446,39.299995623080726,39.31999929579312,39.339999217582445,39.35999913937177,39.3799990611611,39.39999898295043,39.41999890473976,39.439998826529084,39.45999874831841,39.47999867010774],"SMUCurrent":[4.772193102372716E-06,4.734382322241031E-06,4.74428514560886E-06,4.756888738986071E-06,4.7735434873774065E-06,4.791998749108348E-06,4.813604909183585E-06,4.836111325928625E-06,4.859517999343467E-06,4.884275057763E-06,4.90903211618256E-06,4.936264880444057E-06,4.966648543049877E-06,4.995231692316065E-06,5.027865996596378E-06,5.062976006718655E-06,5.100561722682869E-06,5.139272759484357E-06,5.1793341812905085E-06,5.226597656455108E-06,5.27453632412204E-06,5.32652614680307E-06,5.382567124498252E-06,5.446035219719273E-06,5.513329405786949E-06,5.584674746868723E-06,5.665022654648523E-06,5.753247808289077E-06,5.84777475861825E-06,5.95490530232466E-06,6.080716171929428E-06,6.2180053140741866E-06,6.3744249104522185E-06,6.553125859407873E-06,6.76198540680185E-06,7.0048296434808575E-06,7.2924616494824735E-06,7.6361346331793E-06,8.052503342962562E-06,8.571276248935751E-06,9.21721040951848E-06,1.0034868529865831E-05,1.1085242999356944E-05,1.24563339074649E-05,1.4253921412891367E-05,1.6646353512889307E-05,1.9814131669753954E-05,2.4024632114416378E-05,2.9568637751222545E-05,3.6712174426098806E-05,4.586845995048418E-05,5.740749981566713E-05,7.131984132661473E-05,8.801847723059851E-05,0.00010740955576979164,0.00012950613066590625,0.00015413377718916828,0.0001808612723947427,0.00020974803322283643,0.00024029126632336522,0.00027253238350314,0.00030618127705031714,0.0003409289338629872,0.00037665471954739685,0.00041321256745887057,0.00045111697428420024,0.0004896549367409028,0.0005290112325104551,0.0005694858721280685,0.0006100266806109123,0.0006517907128438492,0.0006940786944586106,0.000736691893795338,0.0007803406133665046,0.0008241351745181791,0.0008695664022955531,0.0009148070007230967,0.0009605855025108465,0.001006954347609819,0.001053788625407079,0.0011011324484794466,0.001148306798233724,0.0011965893639485274,0.0012450767380557104,0.0012937943528061955,0.0013435292575935563,0.0013937829352868906,0.0014427474454290685,0.0014937710676392506,0.001545155692774023,0.0015950179838801607,0.0016455682961461944,0.0016986427030501847,0.0017509224083789073,0.0018020803938970575,0.001854934237916946,0.0019091211370006439,0.001961258151647203,0.0020154529279767614,0.002069109350817778],