{"IsIVDone":true,"IsSPSDone":false,"SiPMLocation":{"Block":0,"Module":0,"Array":2,"SiPM":2},"Barcode":"00551","SiPMMeasurementDetails":{"DMMResistance":0,"IV":1,"SPS":0,"DarkCurrent":0,"ForwardResistance":0,"SPSVoltagesIsOffsets":0,"IVVoltages":[],"SPSVoltages":[],"OperatingVoltage":41.36},"Checks":{"SelectedForMeasurement":true,"DMMResistanceOK":true,"RForwardDone":true,"RForwardOK":true,"IDarkDone":true,"IDarkOK":true,"IVDone":true,"IVTemperatureOK":true,"IVMeasurementOK":true,"IVVoltageCheckOK":true,"IVCurrentCheckOK":true,"IVVbrOK":true},"Temperatures":[{"Block":0,"Module1":[25.008,24.961,25.0,25.023,25.016,24.984,24.977,25.047],"Module2":[25.039,25.0,25.0,24.961,25.047,25.023,24.969,25.0],"Pulser":27.977,"ControlTemperature":27.953,"Timestamp":1732542826},{"Block":0,"Module1":[25.008,24.961,25.0,25.031,25.016,24.984,24.977,25.047],"Module2":[25.031,24.984,24.992,24.961,25.047,25.016,24.961,25.0],"Pulser":27.992,"ControlTemperature":27.953,"Timestamp":1732542849}],"DMMResistanceResult":{"Identifier":{"Type":2,"ID":"163ccccd-90a2-4d01-927e-9ff420e83ea6"},"StartTimestamp":1732538725,"EndTimestamp":1732538727,"ErrorHappened":false,"ErrorMessage":null,"CorrectionPercentage":0,"Voltages":[29.999998232735635,29.999998232735635,29.999998232735635,29.999998232735635,29.999998232735635,29.999998232735635],"Currents":[3.2440074053843686E-06,3.2197004752997234E-06,3.2082222027597597E-06,3.201245213568782E-06,3.198544443559374E-06,3.196068737717437E-06],"Resistance":9342263.176130798},"IVMeasurementID":{"Type":0,"ID":"e8fa0f39-f8da-44e4-8eea-62491c4bb28e"},"SPSMeasurementID":{"Type":999,"ID":"88dc8fcc-7e3c-4672-96ed-882ec764a3f9"},"IVResult":{"Identifier":{"Type":0,"ID":"e8fa0f39-f8da-44e4-8eea-62491c4bb28e"},"StartTimestamp":1732542828,"EndTimestamp":1732542851,"ErrorHappened":false,"ErrorMessage":null,"Temperatures":[{"Block":0,"Module1":[25.008,24.961,25.0,25.023,25.016,24.984,24.977,25.047],"Module2":[25.039,25.0,25.0,24.961,25.047,25.023,24.969,25.0],"Pulser":27.977,"ControlTemperature":27.953,"Timestamp":1732542826},{"Block":0,"Module1":[25.008,24.961,25.0,25.031,25.016,24.984,24.977,25.047],"Module2":[25.031,24.984,24.992,24.961,25.047,25.016,24.961,25.0],"Pulser":27.992,"ControlTemperature":27.953,"Timestamp":1732542849}],"SMUVoltage":[37.549998715591464,37.56999863738079,37.58999855917012,37.60999848095945,37.629998402748775,37.6499983245381,37.66999824632743,37.68999816811676,37.70999808990609,37.729998011695415,37.750001684407806,37.76999785527407,37.7899977770634,37.809997698852726,37.829997620642054,37.84999754243138,37.86999746422071,37.8900011369331,37.910001058722436,37.92999722958869,37.94999715137802,37.96999707316735,37.98999699495668,38.009996916746005,38.0300005894584,38.04999676032466,38.06999668211399,38.09000035482638,38.110000276615715,38.130000198405035,38.15000012019437,38.16999629106063,38.189996212849955,38.209999885562354,38.22999980735168,38.24999597821794,38.26999965093034,38.289999572719665,38.30999949450899,38.32999566537525,38.34999933808765,38.36999925987698,38.389999181666305,38.40999910345563,38.4299952743219,38.44999894703429,38.469998868823616,38.489998790612944,38.50999871240227,38.5299986341916,38.54999855598093,38.569998477770255,38.58999839955958,38.60999832134891,38.62999824313824,38.64999816492757,38.669998086716895,38.68999800850622,38.70999793029555,38.72999785208488,38.749997773874206,38.769997695663534,38.78999761745286,38.80999753924219,38.82999746103152,38.85000113374391,38.86999730461017,38.890000977322565,38.91000089911189,38.93000082090122,38.949996991767485,38.970000664479876,38.98999683534614,39.01000050805853,39.029996678924796,39.049996600714124,39.07000027342652,39.09000019521584,39.11000011700518,39.1300000387945,39.14999620966076,39.169999882373155,39.18999980416249,39.20999972595181,39.229999647741145,39.2499958186074,39.2699994913198,39.28999941310912,39.30999933489846,39.329999256687785,39.34999917847711,39.36999910026644,39.38999902205577,39.409995192922025,39.429998865634424,39.44999878742375,39.46999870921308,39.48999863100241,39.509998552791735,39.52999847458106],"SMUCurrent":[4.916459233708425E-06,4.884950250265359E-06,4.900029549484533E-06,4.920060260387636E-06,4.939415778788353E-06,4.964848029710272E-06,4.99140560146941E-06,5.021339135740315E-06,5.052623055015911E-06,5.086607744300941E-06,5.120142305251057E-06,5.1575029570478275E-06,5.1957638655144005E-06,5.236725543990382E-06,5.281288249145546E-06,5.327651467640343E-06,5.378065841149239E-06,5.432081241337345E-06,5.4917232457116845E-06,5.555416405100176E-06,5.625861489512148E-06,5.700582793105661E-06,5.781830957555265E-06,5.8738822020425E-06,5.973360564055601E-06,6.085667583613356E-06,6.208102490706357E-06,6.346066825353475E-06,6.505187191740915E-06,6.6841132048640135E-06,6.890947174750941E-06,7.132215962257787E-06,7.4187226474221836E-06,7.75159255108135E-06,8.156708052492093E-06,8.647573001701453E-06,9.261097922171285E-06,1.0026541155670163E-05,1.1004219899074784E-05,1.2260077953448134E-05,1.3903496504171089E-05,1.607829155424447E-05,1.893908218670673E-05,2.2715208788189864E-05,2.7714109011431093E-05,3.419460664899844E-05,4.2542686748069355E-05,5.305295830383644E-05,6.60639178241451E-05,8.186184692999232E-05,0.00010049063313403089,0.00012199799003976032,0.00014620836759656925,0.00017314787324788198,0.00020243187233152569,0.00023395120872628694,0.0002675537390549693,0.00030270921213905954,0.0003391601545709944,0.0003773544440440002,0.00041654644297131366,0.0004575506585749379,0.0004994801129709508,0.0005414608819971424,0.0005851037498999554,0.0006297884398338963,0.0006753360257858422,0.0007216677352971853,0.0007687768164429021,0.0008167733256008759,0.0008653838098076545,0.0009146197473357778,0.0009654462133352732,0.0010158452824807805,0.0010666051294867104,0.0011193829018180008,0.0011708879362823594,0.0012241466707394915,0.0012780013751120323,0.0013316733273806033,0.001385562466570764,0.0014414956385297095,0.0014966892496344126,0.0015519924669886642,0.001607736359982784,0.0016658960917503164,0.001721918839247907,0.0017790768104061175,0.0018390561859674866,0.0018973903424647932,0.00195794453190983,0.002016455138714418,0.002075917091754818,0.002136158667071267,0.0021964150966227677,0.002256068804333836,0.002317076498076286,0.0023773945952096677,0.002438885951847969,0.0025012476316218007],