{"IsIVDone":true,"IsSPSDone":false,"SiPMLocation":{"Block":0,"Module":1,"Array":1,"SiPM":13},"Barcode":"00549","SiPMMeasurementDetails":{"DMMResistance":0,"IV":1,"SPS":0,"DarkCurrent":0,"ForwardResistance":0,"SPSVoltagesIsOffsets":0,"IVVoltages":[],"SPSVoltages":[],"OperatingVoltage":41.22},"Checks":{"SelectedForMeasurement":true,"DMMResistanceOK":true,"RForwardDone":true,"RForwardOK":true,"IDarkDone":true,"IDarkOK":true,"IVDone":true,"IVTemperatureOK":true,"IVMeasurementOK":true,"IVVoltageCheckOK":true,"IVCurrentCheckOK":true,"IVVbrOK":true},"Temperatures":[{"Block":0,"Module1":[25.008,24.953,25.0,25.039,25.016,24.977,24.969,25.047],"Module2":[25.039,24.992,24.992,24.969,25.055,25.016,24.953,25.0],"Pulser":28.273,"ControlTemperature":28.312,"Timestamp":1732543907},{"Block":0,"Module1":[25.008,24.953,24.992,25.039,25.016,24.977,24.969,25.047],"Module2":[25.047,24.992,24.984,24.961,25.047,25.016,24.961,25.0],"Pulser":28.273,"ControlTemperature":28.32,"Timestamp":1732543930}],"DMMResistanceResult":{"Identifier":{"Type":2,"ID":"163ccccd-90a2-4d01-927e-9ff420e83ea6"},"StartTimestamp":1732538725,"EndTimestamp":1732538727,"ErrorHappened":false,"ErrorMessage":null,"CorrectionPercentage":0,"Voltages":[29.999998232735635,29.999998232735635,29.999998232735635,29.999998232735635,29.999998232735635,29.999998232735635],"Currents":[3.2440074053843686E-06,3.2197004752997234E-06,3.2082222027597597E-06,3.201245213568782E-06,3.198544443559374E-06,3.196068737717437E-06],"Resistance":9342263.176130798},"IVMeasurementID":{"Type":0,"ID":"8ccde3c8-0448-4bbc-b945-2b2b4ef96dea"},"SPSMeasurementID":{"Type":999,"ID":"cf0f389e-e871-4cdb-b3ca-64b0cd15efd4"},"IVResult":{"Identifier":{"Type":0,"ID":"8ccde3c8-0448-4bbc-b945-2b2b4ef96dea"},"StartTimestamp":1732543910,"EndTimestamp":1732543932,"ErrorHappened":false,"ErrorMessage":null,"Temperatures":[{"Block":0,"Module1":[25.008,24.953,25.0,25.039,25.016,24.977,24.969,25.047],"Module2":[25.039,24.992,24.992,24.969,25.055,25.016,24.953,25.0],"Pulser":28.273,"ControlTemperature":28.312,"Timestamp":1732543907},{"Block":0,"Module1":[25.008,24.953,24.992,25.039,25.016,24.977,24.969,25.047],"Module2":[25.047,24.992,24.984,24.961,25.047,25.016,24.961,25.0],"Pulser":28.273,"ControlTemperature":28.32,"Timestamp":1732543930}],"SMUVoltage":[37.39999930217151,37.41999922396083,37.439999145750164,37.459999067539485,37.47999898932881,37.49999891111814,37.51999883290747,37.539998754696796,37.559998676486124,37.57999859827545,37.59999852006478,37.61999844185411,37.639998363643436,37.65999828543276,37.67999820722209,37.699998129011426,37.71999805080075,37.73999797259008,37.7599978943794,37.77999781616874,37.79999773795806,37.81999765974739,37.839997581536714,37.85999750332605,37.87999742511537,37.899997346904705,37.9200010196171,37.93999719048336,37.96000086319575,37.979997034062016,38.00000070677441,38.01999687764067,38.03999679942999,38.05999672121933,38.08000039393172,38.09999656479798,38.11999648658731,38.13999640837664,38.16000008108903,38.18000000287836,38.19999617374462,38.219999846457014,38.23999976824634,38.25999969003567,38.279999611825,38.299999533614326,38.319999455403654,38.33999937719298,38.35999929898231,38.37999922077164,38.39999914256097,38.41999906435029,38.43999898613963,38.45999890792895,38.479998829718284,38.499998751507604,38.51999867329694,38.53999859508626,38.559998516875595,38.579998438664916,38.59999836045425,38.61999828224357,38.639998204032906,38.65999812582223,38.67999804761156,38.69999796940088,38.71999789119022,38.73999781297954,38.75999773476887,38.779997656558194,38.79999757834752,38.81999750013686,38.83999742192618,38.85999734371551,38.879997265504834,38.89999718729417,38.92000086000656,38.939997030872824,38.959996952662145,38.980000625374544,39.00000054716387,39.0200004689532,39.03999663981946,39.05999656160879,39.07999648339811,39.10000015611051,39.12000007789984,39.13999999968917,39.159996170555424,39.17999609234476,39.19999976505715,39.21999968684648,39.23999585771274,39.25999577950207,39.27999945221446,39.29999937400379,39.31999929579312,39.339999217582445,39.35999913937177,39.3799990611611],"SMUCurrent":[4.438197877876276E-06,4.396561006897963E-06,4.393860236888555E-06,4.40128735441442E-06,4.409614728610088E-06,4.421993257819855E-06,4.430545696182967E-06,4.44404954622998E-06,4.458678717114266E-06,4.472632695496194E-06,4.488612251385199E-06,4.503916614771817E-06,4.519671106493323E-06,4.537676239889377E-06,4.557932014959896E-06,4.578637918365358E-06,4.59979395010568E-06,4.624100880190325E-06,4.647282489437724E-06,4.673840061196889E-06,4.7048989163050135E-06,4.7355076430783045E-06,4.764540920679407E-06,4.799200802466742E-06,4.836111325928625E-06,4.881124159418704E-06,4.923886351234291E-06,4.975876173915348E-06,5.0312419591081446E-06,5.09290954098956E-06,5.166955652080742E-06,5.246628367358184E-06,5.339804932682666E-06,5.445134963049471E-06,5.5686951909797455E-06,5.715437028157419E-06,5.88738605208954E-06,6.100521818665059E-06,6.361146124572649E-06,6.681187370687162E-06,7.093504925456326E-06,7.612052767262071E-06,8.296472900478816E-06,9.18480116940561E-06,1.0362336893506209E-05,1.1912578878904681E-05,1.3971240818573652E-05,1.668821544803509E-05,2.0181886519367954E-05,2.4682719740041402E-05,3.0352761310619808E-05,3.733200114325727E-05,4.578271050268558E-05,5.578726287419157E-05,6.74561647639934E-05,8.060036227143272E-05,9.536209595033821E-05,0.00011143820436715414,0.0001287679201966689,0.00014742078826662466,0.00016691089503949598,0.00018770637398357972,0.00020912415535066388,0.000231256965577738,0.0002542751782395621,0.00027783782112244875,0.000302212270457329,0.0003275790277064982,0.00035293700745313685,0.0003793201544825121,0.0004060091637154525,0.0004336247621257863,0.0004616913891276907,0.0004904325334394439,0.0005193991920469826,0.0005487372065308145,0.0005787958764788226,0.0006093319075259929,0.0006404735862477725,0.000672064042919448,0.000703155082203551,0.0007356932840843605,0.0007685447752862608,0.0008023059758529956,0.0008341028163662233,0.0008679592190757897,0.0009018671614797023,0.0009364466953592869,0.0009711673444718629,0.001007208219990703,0.001041004980695895,0.0010775756572649138,0.0011137673257759456,0.0011495453263472037,0.0011851376489803152,0.0012224892982103865,0.0012593442308228948,0.0012973391134435395,0.0013337704752929063,0.001372530351018715],