{"IsIVDone":true,"IsSPSDone":false,"SiPMLocation":{"Block":0,"Module":0,"Array":3,"SiPM":13},"Barcode":"00553","SiPMMeasurementDetails":{"DMMResistance":0,"IV":1,"SPS":0,"DarkCurrent":0,"ForwardResistance":0,"SPSVoltagesIsOffsets":0,"IVVoltages":[],"SPSVoltages":[],"OperatingVoltage":41.28},"Checks":{"SelectedForMeasurement":true,"DMMResistanceOK":true,"RForwardDone":true,"RForwardOK":true,"IDarkDone":true,"IDarkOK":true,"IVDone":true,"IVTemperatureOK":true,"IVMeasurementOK":true,"IVVoltageCheckOK":true,"IVCurrentCheckOK":true,"IVVbrOK":true},"Temperatures":[{"Block":0,"Module1":[25.0,24.953,25.0,25.031,25.008,24.984,24.977,25.047],"Module2":[25.039,24.992,24.992,24.961,25.055,25.016,24.961,25.0],"Pulser":28.148,"ControlTemperature":28.07,"Timestamp":1732543171},{"Block":0,"Module1":[25.0,24.953,25.0,25.039,25.016,24.984,24.977,25.047],"Module2":[25.031,24.992,24.984,24.961,25.047,25.016,24.953,24.992],"Pulser":28.156,"ControlTemperature":28.07,"Timestamp":1732543194}],"DMMResistanceResult":{"Identifier":{"Type":2,"ID":"163ccccd-90a2-4d01-927e-9ff420e83ea6"},"StartTimestamp":1732538725,"EndTimestamp":1732538727,"ErrorHappened":false,"ErrorMessage":null,"CorrectionPercentage":0,"Voltages":[29.999998232735635,29.999998232735635,29.999998232735635,29.999998232735635,29.999998232735635,29.999998232735635],"Currents":[3.2440074053843686E-06,3.2197004752997234E-06,3.2082222027597597E-06,3.201245213568782E-06,3.198544443559374E-06,3.196068737717437E-06],"Resistance":9342263.176130798},"IVMeasurementID":{"Type":0,"ID":"290bd8f9-58c0-47bf-b2b3-1c25779fa832"},"SPSMeasurementID":{"Type":999,"ID":"c02a42bd-263d-4fbc-bab4-bfd1ec3c198c"},"IVResult":{"Identifier":{"Type":0,"ID":"290bd8f9-58c0-47bf-b2b3-1c25779fa832"},"StartTimestamp":1732543173,"EndTimestamp":1732543196,"ErrorHappened":false,"ErrorMessage":null,"Temperatures":[{"Block":0,"Module1":[25.0,24.953,25.0,25.031,25.008,24.984,24.977,25.047],"Module2":[25.039,24.992,24.992,24.961,25.055,25.016,24.961,25.0],"Pulser":28.148,"ControlTemperature":28.07,"Timestamp":1732543171},{"Block":0,"Module1":[25.0,24.953,25.0,25.039,25.016,24.984,24.977,25.047],"Module2":[25.031,24.992,24.984,24.961,25.047,25.016,24.953,24.992],"Pulser":28.156,"ControlTemperature":28.07,"Timestamp":1732543194}],"SMUVoltage":[37.469999028434145,37.48999895022348,37.50999887201281,37.529998793802136,37.549998715591464,37.56999863738079,37.58999855917012,37.60999848095945,37.629998402748775,37.6499983245381,37.66999824632743,37.68999816811676,37.70999808990609,37.729998011695415,37.74999793348474,37.76999785527407,37.7899977770634,37.809997698852726,37.829997620642054,37.84999754243138,37.86999746422071,37.8900011369331,37.909997307799365,37.92999722958869,37.94999715137802,37.96999707316735,37.99000074587975,38.009996916746005,38.02999683853533,38.04999676032466,38.07000043303706,38.089996603903316,38.110000276615715,38.130000198405035,38.1499963692713,38.17000004198369,38.189999963773026,38.20999613463928,38.22999980735168,38.24999972914101,38.26999965093034,38.289999572719665,38.30999949450899,38.32999941629832,38.34999933808765,38.36999925987698,38.389999181666305,38.40999910345563,38.42999902524496,38.44999894703429,38.469998868823616,38.489998790612944,38.50999871240227,38.5299986341916,38.54999855598093,38.569998477770255,38.58999839955958,38.60999457042584,38.62999824313824,38.64999816492757,38.669998086716895,38.68999800850622,38.70999793029555,38.72999785208488,38.749997773874206,38.769997695663534,38.78999761745286,38.80999753924219,38.82999746103152,38.849997382820845,38.86999730461017,38.890000977322565,38.90999714818883,38.92999706997816,38.949996991767485,38.970000664479876,38.99000058626921,39.00999675713547,39.029996678924796,39.05000035163719,39.07000027342652,39.08999644429278,39.11000011700518,39.129996287871435,39.149999960583834,39.169999882373155,39.18999980416249,39.20999972595181,39.229999647741145,39.2499958186074,39.26999574039673,39.28999941310912,39.30999933489846,39.329999256687785,39.34999917847711,39.36999910026644,39.38999902205577,39.409998943845096,39.429998865634424,39.44999878742375],"SMUCurrent":[4.644806783595787E-06,4.6092466451386216E-06,4.6146481851574105E-06,4.625451265195043E-06,4.6391801794094995E-06,4.653809350293786E-06,4.6720395478572565E-06,4.692520387095247E-06,4.71390148300304E-06,4.7352825789108335E-06,4.758689252325703E-06,4.785246824084841E-06,4.810454010839289E-06,4.8367865184309835E-06,4.866494988534445E-06,4.900929806154336E-06,4.933339046267205E-06,4.96889918472437E-06,5.0096357990329075E-06,5.051722798346135E-06,5.0974108243385734E-06,5.148050262014913E-06,5.200490213030858E-06,5.258556768233063E-06,5.322249927621527E-06,5.391569691196252E-06,5.471242406473721E-06,5.556316661769979E-06,5.652869189606201E-06,5.764050888326709E-06,5.890311886266392E-06,6.035928402606792E-06,6.201125501515407E-06,6.3962561346949266E-06,6.628747419671217E-06,6.910977885654017E-06,7.25285035601121E-06,7.66899400162703E-06,8.190242613442209E-06,8.863184474118964E-06,9.718878438765471E-06,1.0851401329375963E-05,1.2330523037860106E-05,1.4304110722232819E-05,1.6909678588806305E-05,2.0378817665887052E-05,2.4948520521800364E-05,3.0870183831588306E-05,3.843459049959687E-05,4.7878508029983876E-05,5.948101599038783E-05,7.323108623660368E-05,8.927996188915811E-05,0.0001075695763928489,0.00012796691682471286,0.00015034279635263345,0.00017439990521140865,0.00020000973176142428,0.0002270028026845902,0.00025526118435716236,0.00028463070782443726,0.0003149072398865373,0.0003465595892042618,0.00037858351946244684,0.00041173547132789353,0.00044595962888707393,0.0004808067640617571,0.0005166304526590076,0.0005529351033820996,0.0005903549470549085,0.000627275373340145,0.0006658864816512689,0.0007044993904757324,0.0007440319114883985,0.0007845124027743655,0.0008256030430182908,0.0008665554938634014,0.0009084228305491981,0.0009511949251881453,0.000994110610765926,0.0010371181225240266,0.001079906871911365,0.0011238504255418917,0.0011691126301295103,0.0012140782001444294,0.0012592665836851245,0.0013058377614706348,0.0013521087036567664,0.0013984613441356823,0.0014459537095585673,0.0014937114256348763,0.0015407034734135187,0.0015879394907496777,0.0016364694019845093,0.0016848190368212125,0.001733689245077229,0.001783515750980742,0.0018333015202699468,0.00188193721166348,0.001931986531092769],