{"IsIVDone":true,"IsSPSDone":false,"SiPMLocation":{"Block":0,"Module":1,"Array":2,"SiPM":9},"Barcode":"00547","SiPMMeasurementDetails":{"DMMResistance":0,"IV":1,"SPS":0,"DarkCurrent":0,"ForwardResistance":0,"SPSVoltagesIsOffsets":0,"IVVoltages":[],"SPSVoltages":[],"OperatingVoltage":41.2},"Checks":{"SelectedForMeasurement":true,"DMMResistanceOK":true,"RForwardDone":true,"RForwardOK":true,"IDarkDone":true,"IDarkOK":true,"IVDone":true,"IVTemperatureOK":true,"IVMeasurementOK":true,"IVVoltageCheckOK":true,"IVCurrentCheckOK":true,"IVVbrOK":true},"Temperatures":[{"Block":0,"Module1":[25.008,24.945,25.0,25.039,25.016,24.977,24.969,25.055],"Module2":[25.047,24.984,24.984,24.961,25.055,25.016,24.953,25.008],"Pulser":28.328,"ControlTemperature":28.422,"Timestamp":1732544254},{"Block":0,"Module1":[25.008,24.953,24.992,25.039,25.016,24.984,24.969,25.055],"Module2":[25.047,24.984,24.984,24.969,25.047,25.016,24.953,25.0],"Pulser":28.328,"ControlTemperature":28.43,"Timestamp":1732544277}],"DMMResistanceResult":{"Identifier":{"Type":2,"ID":"163ccccd-90a2-4d01-927e-9ff420e83ea6"},"StartTimestamp":1732538725,"EndTimestamp":1732538727,"ErrorHappened":false,"ErrorMessage":null,"CorrectionPercentage":0,"Voltages":[29.999998232735635,29.999998232735635,29.999998232735635,29.999998232735635,29.999998232735635,29.999998232735635],"Currents":[3.2440074053843686E-06,3.2197004752997234E-06,3.2082222027597597E-06,3.201245213568782E-06,3.198544443559374E-06,3.196068737717437E-06],"Resistance":9342263.176130798},"IVMeasurementID":{"Type":0,"ID":"c54b96cb-1402-4bdd-96ce-7091d235b854"},"SPSMeasurementID":{"Type":999,"ID":"91764fd5-10c9-4647-8ffc-8dda52607962"},"IVResult":{"Identifier":{"Type":0,"ID":"c54b96cb-1402-4bdd-96ce-7091d235b854"},"StartTimestamp":1732544257,"EndTimestamp":1732544279,"ErrorHappened":false,"ErrorMessage":null,"Temperatures":[{"Block":0,"Module1":[25.008,24.945,25.0,25.039,25.016,24.977,24.969,25.055],"Module2":[25.047,24.984,24.984,24.961,25.055,25.016,24.953,25.008],"Pulser":28.328,"ControlTemperature":28.422,"Timestamp":1732544254},{"Block":0,"Module1":[25.008,24.953,24.992,25.039,25.016,24.984,24.969,25.055],"Module2":[25.047,24.984,24.984,24.969,25.047,25.016,24.953,25.0],"Pulser":28.328,"ControlTemperature":28.43,"Timestamp":1732544277}],"SMUVoltage":[37.38999934127684,37.40999926306617,37.4299991848555,37.449999106644825,37.469999028434145,37.48999895022348,37.50999887201281,37.529998793802136,37.549998715591464,37.56999863738079,37.58999480824705,37.60999848095945,37.629998402748775,37.6499983245381,37.66999824632743,37.68999816811676,37.70999808990609,37.729998011695415,37.74999793348474,37.76999785527407,37.7899977770634,37.809997698852726,37.830001371565125,37.84999754243138,37.86999746422071,37.88999738601004,37.910001058722436,37.93000098051176,37.94999715137802,37.97000082409041,37.98999699495668,38.01000066766907,38.02999683853533,38.04999676032466,38.07000043303706,38.09000035482638,38.109996525692644,38.130000198405035,38.15000012019437,38.16999629106063,38.189999963773026,38.20999613463928,38.22999980735168,38.24999597821794,38.26999965093034,38.289999572719665,38.30999949450899,38.32999941629832,38.34999933808765,38.36999925987698,38.389999181666305,38.40999910345563,38.42999902524496,38.44999894703429,38.469998868823616,38.489998790612944,38.50999871240227,38.5299986341916,38.54999855598093,38.569998477770255,38.58999839955958,38.60999832134891,38.62999824313824,38.64999816492757,38.669998086716895,38.68999800850622,38.70999793029555,38.72999785208488,38.749997773874206,38.7700014465866,38.790001368375925,38.80999753924219,38.82999746103152,38.849997382820845,38.86999730461017,38.8899972263995,38.90999714818883,38.92999706997816,38.949996991767485,38.96999691355681,38.99000058626921,39.01000050805853,39.029996678924796,39.05000035163719,39.06999652250345,39.09000019521584,39.10999636608211,39.129996287871435,39.149999960583834,39.16999613145009,39.18999980416249,39.20999972595181,39.229999647741145,39.2499958186074,39.2699994913198,39.28999941310912,39.309995583975386,39.329999256687785,39.34999917847711,39.36999910026644],"SMUCurrent":[5.232674388976256E-06,5.210843164733575E-06,5.230423747301763E-06,5.257206383228372E-06,5.287815110001609E-06,5.320224350114478E-06,5.353983975232038E-06,5.393370204535857E-06,5.434106818844395E-06,5.475068497320376E-06,5.5218818441500335E-06,5.568470126812302E-06,5.616633858646677E-06,5.671324451337115E-06,5.728490749869544E-06,5.789708203416045E-06,5.85565200447903E-06,5.926097088891001E-06,6.000593328317098E-06,6.082066556934145E-06,6.171417031411973E-06,6.267069302578392E-06,6.371048947940479E-06,6.484706352502924E-06,6.61411824878693E-06,6.7525327117689356E-06,6.909402436481882E-06,7.080001075409286E-06,7.276031965258609E-06,7.500420940206675E-06,7.75294293608604E-06,8.045301289604141E-06,8.387848952463693E-06,8.791389004702275E-06,9.271225809706559E-06,9.854817195905513E-06,1.0569170863393136E-05,1.1457949260654818E-05,1.2586420996251238E-05,1.40245810262594E-05,1.5884961434404555E-05,1.8314078993696934E-05,2.1505939016478755E-05,2.568403022102831E-05,3.118572379435379E-05,3.826961846485571E-05,4.7385617503267454E-05,5.89055269142171E-05,7.327047246590751E-05,9.075975879014461E-05,0.00011162230685612858,0.0001359544441275282,0.00016386982800890593,0.00019542765037630123,0.00023043233046819966,0.0002684312642438585,0.00030925047710183846,0.0003524659481506631,0.0003982962146969267,0.00044582414025826875,0.0004952612851520928,0.0005460353112005722,0.0005984721113181753,0.0006521706211585055,0.0007070689480755139,0.0007632494655544873,0.000820377503178427,0.0008787071583923843,0.0009378531213416845,0.0009981660419992153,0.00105919714241508,0.0011211122948806898,0.0011842589984705886,0.001247423032001381,0.0013118881614842045,0.0013769213529256728,0.0014426995067614017,0.0015096241374661233,0.0015759669772979852,0.001643848130714371,0.0017113430740194118,0.0017802545711943856,0.0018499085550577783,0.001919410620608142,0.001989241504907151,0.002061168636861793,0.002132941599861731,0.002204354235129581,0.0022767148406707327,0.0023489451340589305,0.0024211576473778993,0.0024946167911203765,0.002568530339416936,0.002642418905590908,0.0027167742548481724,0.002791521665885135,0.0028683842299677977,0.002944037299214581,0.0030209214694573183,0.0030965801653082886],