{"IsIVDone":true,"IsSPSDone":false,"SiPMLocation":{"Block":0,"Module":0,"Array":2,"SiPM":14},"Barcode":"00551","SiPMMeasurementDetails":{"DMMResistance":0,"IV":1,"SPS":0,"DarkCurrent":0,"ForwardResistance":0,"SPSVoltagesIsOffsets":0,"IVVoltages":[],"SPSVoltages":[],"OperatingVoltage":41.33},"Checks":{"SelectedForMeasurement":true,"DMMResistanceOK":true,"RForwardDone":true,"RForwardOK":true,"IDarkDone":true,"IDarkOK":true,"IVDone":true,"IVTemperatureOK":true,"IVMeasurementOK":true,"IVVoltageCheckOK":true,"IVCurrentCheckOK":true,"IVVbrOK":true},"Temperatures":[{"Block":0,"Module1":[25.0,24.953,25.0,25.031,25.008,24.984,24.977,25.047],"Module2":[25.031,24.992,24.992,24.961,25.047,25.016,24.961,25.0],"Pulser":28.031,"ControlTemperature":27.961,"Timestamp":1732542895},{"Block":0,"Module1":[25.0,24.953,24.992,25.031,25.008,24.984,24.977,25.039],"Module2":[25.031,24.992,24.992,24.961,25.047,25.023,24.961,25.0],"Pulser":28.039,"ControlTemperature":27.977,"Timestamp":1732542918}],"DMMResistanceResult":{"Identifier":{"Type":2,"ID":"163ccccd-90a2-4d01-927e-9ff420e83ea6"},"StartTimestamp":1732538725,"EndTimestamp":1732538727,"ErrorHappened":false,"ErrorMessage":null,"CorrectionPercentage":0,"Voltages":[29.999998232735635,29.999998232735635,29.999998232735635,29.999998232735635,29.999998232735635,29.999998232735635],"Currents":[3.2440074053843686E-06,3.2197004752997234E-06,3.2082222027597597E-06,3.201245213568782E-06,3.198544443559374E-06,3.196068737717437E-06],"Resistance":9342263.176130798},"IVMeasurementID":{"Type":0,"ID":"d8fdd183-a3aa-4abe-a9ae-4fa06acfc214"},"SPSMeasurementID":{"Type":999,"ID":"ec8fe0d6-0f3e-4138-a228-8043448dfb22"},"IVResult":{"Identifier":{"Type":0,"ID":"d8fdd183-a3aa-4abe-a9ae-4fa06acfc214"},"StartTimestamp":1732542898,"EndTimestamp":1732542920,"ErrorHappened":false,"ErrorMessage":null,"Temperatures":[{"Block":0,"Module1":[25.0,24.953,25.0,25.031,25.008,24.984,24.977,25.047],"Module2":[25.031,24.992,24.992,24.961,25.047,25.016,24.961,25.0],"Pulser":28.031,"ControlTemperature":27.961,"Timestamp":1732542895},{"Block":0,"Module1":[25.0,24.953,24.992,25.031,25.008,24.984,24.977,25.039],"Module2":[25.031,24.992,24.992,24.961,25.047,25.023,24.961,25.0],"Pulser":28.039,"ControlTemperature":27.977,"Timestamp":1732542918}],"SMUVoltage":[37.50999887201281,37.529998793802136,37.549998715591464,37.56999863738079,37.58999855917012,37.60999848095945,37.629998402748775,37.6499983245381,37.66999824632743,37.68999816811676,37.70999808990609,37.729998011695415,37.74999793348474,37.76999785527407,37.7899977770634,37.809997698852726,37.829997620642054,37.84999754243138,37.86999746422071,37.88999738601004,37.909997307799365,37.92999722958869,37.95000090230109,37.97000082409041,37.98999699495668,38.009996916746005,38.0300005894584,38.050000511247724,38.06999668211399,38.089996603903316,38.109996525692644,38.130000198405035,38.1499963692713,38.17000004198369,38.189999963773026,38.209999885562354,38.22999980735168,38.24999972914101,38.269995900007274,38.289999572719665,38.30999949450899,38.32999941629832,38.34999933808765,38.36999925987698,38.389999181666305,38.40999910345563,38.42999902524496,38.44999894703429,38.46999511790055,38.489998790612944,38.50999871240227,38.5299986341916,38.54999855598093,38.569998477770255,38.58999839955958,38.60999832134891,38.62999824313824,38.64999816492757,38.669998086716895,38.68999800850622,38.70999793029555,38.72999785208488,38.749997773874206,38.769997695663534,38.78999761745286,38.80999753924219,38.82999746103152,38.849997382820845,38.87000105553324,38.8899972263995,38.90999714818883,38.93000082090122,38.949996991767485,38.970000664479876,38.98999683534614,39.00999675713547,39.029996678924796,39.05000035163719,39.06999652250345,39.09000019521584,39.11000011700518,39.1300000387945,39.14999620966076,39.169999882373155,39.18999980416249,39.20999972595181,39.229999647741145,39.249999569530466,39.2699994913198,39.28999941310912,39.30999933489846,39.329999256687785,39.34999917847711,39.36999910026644,39.38999902205577,39.409998943845096,39.429998865634424,39.44999878742375,39.46999870921308,39.48999863100241],"SMUCurrent":[5.0969606960036586E-06,5.069052739239803E-06,5.085482423463695E-06,5.107088583538932E-06,5.131620577791021E-06,5.1599786628897645E-06,5.191037517997943E-06,5.2202958597664896E-06,5.255855998223655E-06,5.29141613668082E-06,5.3301271734822804E-06,5.3710888519582615E-06,5.417001942118144E-06,5.465165673952546E-06,5.512429149117119E-06,5.563518715128373E-06,5.619784756990973E-06,5.680552082202586E-06,5.745820690763212E-06,5.811764491826197E-06,5.8867108595871815E-06,5.969534473208946E-06,6.05550898517498E-06,6.15273670551356E-06,6.25626622254076E-06,6.37262439711264E-06,6.498660330884852E-06,6.636399601364526E-06,6.7966452885892125E-06,6.97399585254015E-06,7.177228795747894E-06,7.410845401561403E-06,7.675070734148204E-06,7.983633707722725E-06,8.349588043997093E-06,8.792739389706965E-06,9.323665760722504E-06,9.974551332989133E-06,1.0788158298322386E-05,1.1812875452724136E-05,1.3126124869797332E-05,1.4825809462382886E-05,1.704741785928598E-05,1.9981804474504533E-05,2.3852458026316813E-05,2.894948622656644E-05,3.559112980802829E-05,4.41642740745496E-05,5.504747695578204E-05,6.87149486525436E-05,8.534921620463655E-05,0.00010532096029585176,0.00012862297887283083,0.00015534372215338172,0.0001851894813989817,0.00021810556601694025,0.0002538558836956019,0.0002923384803671117,0.0003330393094730128,0.00037548753677499894,0.00041981955115854506,0.00046573894311511903,0.0005129243210136015,0.0005617024780251306,0.0006118569024206192,0.0006627738442154296,0.0007144929147030334,0.0007675639456445118,0.0008213205220400443,0.0008761490790651429,0.0009319224554651985,0.0009890480173832964,0.0010456239726044801,0.0011036619446574219,0.0011618306789916522,0.0012219387912568028,0.001282088090264597,0.0013422634967158152,0.001402475138497993,0.0014647038053488615,0.0015264346302613298,0.0015903823372231847,0.0016534709742578812,0.0017171981183356343,0.0017812509302636886,0.0018464090323180916,0.0019112844537781772,0.0019757684886510664,0.002042788996691122,0.0021101979654841964,0.0021753745228003303,0.0022421389078178273,0.0023092904032033386,0.0023777956595560645,0.002445794971660362,0.002514803696555674,0.0025827949063499432,0.0026518526952337596,0.0027201666470441526,0.002790861777746171],