{"IsIVDone":true,"IsSPSDone":false,"SiPMLocation":{"Block":0,"Module":1,"Array":2,"SiPM":4},"Barcode":"00547","SiPMMeasurementDetails":{"DMMResistance":0,"IV":1,"SPS":0,"DarkCurrent":0,"ForwardResistance":0,"SPSVoltagesIsOffsets":0,"IVVoltages":[],"SPSVoltages":[],"OperatingVoltage":41.21},"Checks":{"SelectedForMeasurement":true,"DMMResistanceOK":true,"RForwardDone":true,"RForwardOK":true,"IDarkDone":true,"IDarkOK":true,"IVDone":true,"IVTemperatureOK":true,"IVMeasurementOK":true,"IVVoltageCheckOK":true,"IVCurrentCheckOK":true,"IVVbrOK":true},"Temperatures":[{"Block":0,"Module1":[25.008,24.945,25.0,25.039,25.016,24.977,24.969,25.047],"Module2":[25.039,24.984,24.984,24.969,25.055,25.016,24.953,25.008],"Pulser":28.312,"ControlTemperature":28.383,"Timestamp":1732544139},{"Block":0,"Module1":[25.008,24.945,24.992,25.039,25.016,24.977,24.969,25.047],"Module2":[25.047,24.992,24.984,24.969,25.055,25.016,24.953,25.008],"Pulser":28.32,"ControlTemperature":28.398,"Timestamp":1732544162}],"DMMResistanceResult":{"Identifier":{"Type":2,"ID":"163ccccd-90a2-4d01-927e-9ff420e83ea6"},"StartTimestamp":1732538725,"EndTimestamp":1732538727,"ErrorHappened":false,"ErrorMessage":null,"CorrectionPercentage":0,"Voltages":[29.999998232735635,29.999998232735635,29.999998232735635,29.999998232735635,29.999998232735635,29.999998232735635],"Currents":[3.2440074053843686E-06,3.2197004752997234E-06,3.2082222027597597E-06,3.201245213568782E-06,3.198544443559374E-06,3.196068737717437E-06],"Resistance":9342263.176130798},"IVMeasurementID":{"Type":0,"ID":"d0f671fb-058b-4757-a786-06947dd52d5c"},"SPSMeasurementID":{"Type":999,"ID":"3d41e8ba-0b53-4bdc-a76e-bffef1434bb3"},"IVResult":{"Identifier":{"Type":0,"ID":"d0f671fb-058b-4757-a786-06947dd52d5c"},"StartTimestamp":1732544141,"EndTimestamp":1732544164,"ErrorHappened":false,"ErrorMessage":null,"Temperatures":[{"Block":0,"Module1":[25.008,24.945,25.0,25.039,25.016,24.977,24.969,25.047],"Module2":[25.039,24.984,24.984,24.969,25.055,25.016,24.953,25.008],"Pulser":28.312,"ControlTemperature":28.383,"Timestamp":1732544139},{"Block":0,"Module1":[25.008,24.945,24.992,25.039,25.016,24.977,24.969,25.047],"Module2":[25.047,24.992,24.984,24.969,25.055,25.016,24.953,25.008],"Pulser":28.32,"ControlTemperature":28.398,"Timestamp":1732544162}],"SMUVoltage":[37.39999930217151,37.41999922396083,37.439999145750164,37.459999067539485,37.47999898932881,37.49999891111814,37.51999883290747,37.539998754696796,37.559998676486124,37.57999859827545,37.59999852006478,37.61999844185411,37.639998363643436,37.65999828543276,37.68000195814516,37.699998129011426,37.72000180172382,37.73999797259008,37.7599978943794,37.77999781616874,37.79999773795806,37.81999765974739,37.839997581536714,37.86000125424911,37.87999742511537,37.899997346904705,37.919997268694026,37.93999719048336,37.95999711227268,37.979997034062016,38.00000070677441,38.020000628563736,38.040000550353064,38.06000047214239,38.08000039393172,38.10000031572105,38.120000237510375,38.13999640837664,38.16000008108903,38.179996251955295,38.19999992466769,38.21999609553395,38.23999976824634,38.25999969003567,38.279999611825,38.29999578269126,38.319999455403654,38.33999937719298,38.359995548059246,38.37999922077164,38.39999914256097,38.41999906435029,38.43999898613963,38.45999890792895,38.479998829718284,38.499998751507604,38.51999867329694,38.53999859508626,38.559998516875595,38.579998438664916,38.59999460953118,38.61999828224357,38.639998204032906,38.65999812582223,38.67999804761156,38.69999796940088,38.71999789119022,38.73999781297954,38.75999773476887,38.779997656558194,38.79999757834752,38.81999750013686,38.83999742192618,38.86000109463858,38.879997265504834,38.89999718729417,38.91999710908349,38.939997030872824,38.959996952662145,38.980000625374544,38.9999967962408,39.0200004689532,39.04000039074253,39.05999656160879,39.08000023432118,39.10000015611051,39.12000007789984,39.13999999968917,39.159999921478494,39.17999984326782,39.19999976505715,39.21999968684648,39.239999608635806,39.25999577950207,39.2799957012914,39.29999937400379,39.31999929579312,39.339999217582445,39.35999913937177,39.3799990611611],"SMUCurrent":[4.82103202670945E-06,4.786822273256976E-06,4.797400289127164E-06,4.814280101685944E-06,4.833185491751773E-06,4.8561420368317275E-06,4.877523132739494E-06,4.902955383661385E-06,4.932213725429959E-06,4.9625973880357515E-06,4.992530922306684E-06,5.022014328242674E-06,5.053973440020628E-06,5.090208770980152E-06,5.127794486944366E-06,5.16740578041563E-06,5.210393036398687E-06,5.259231960735421E-06,5.309421270076846E-06,5.363661734432423E-06,5.422178417969516E-06,5.4860966415254246E-06,5.555416405100176E-06,5.630362772861161E-06,5.7167874131621094E-06,5.809063721816789E-06,5.913718559681235E-06,6.02602557923899E-06,6.153636962183363E-06,6.299928671026149E-06,6.465575898269651E-06,6.658455889774651E-06,6.881269415550583E-06,7.143694234797778E-06,7.4515820158699406E-06,7.83036500968899E-06,8.28747033378079E-06,8.860483704109556E-06,9.577088013271672E-06,1.0487247506441174E-05,1.1672435412235082E-05,1.3221777140963751E-05,1.5255231893878302E-05,1.796590472665112E-05,2.1556128325820207E-05,2.630025591150755E-05,3.251832872982772E-05,4.0504955775973276E-05,5.061146221533429E-05,6.311557723054463E-05,7.831641110014588E-05,9.6270905058503E-05,0.0001169340462721259,0.00014037560463292422,0.00016627418850977875,0.0001944749537554836,0.0002248307084045262,0.0002567749659474339,0.0002906279926944886,0.00032588789555227575,0.00036220424961207523,0.0003998682879065679,0.00043890364217333587,0.0004785219126338004,0.0005194025680094944,0.0005609797969834474,0.0006039616514264585,0.0006471892759403254,0.0006914611981911623,0.0007362046298728078,0.000781932267158714,0.0008291700850082124,0.0008761087925791694,0.0009239835420225526,0.0009726343127153047,0.0010220329716364948,0.0010715448378339123,0.0011221244084417144,0.0011734624452938247,0.0012246328093411844,0.0012765134759010175,0.0013293193812532393,0.0013817804883009272,0.0014360846458158665,0.001490494808553675,0.0015447219941233461,0.0016000047306383598,0.0016556003063461296,0.0017107088431955364,0.0017663183728816882,0.0018218590329326001,0.001879878549723811,0.0019359289801139982,0.001994019392117956,0.0020519317783654597,0.0021099195611090603,0.002169374762224437,0.0022267253883099854,0.0022862377557238945,0.0023453814680315203],