{"IsIVDone":true,"IsSPSDone":false,"SiPMLocation":{"Block":0,"Module":0,"Array":1,"SiPM":11},"Barcode":"00552","SiPMMeasurementDetails":{"DMMResistance":0,"IV":1,"SPS":0,"DarkCurrent":0,"ForwardResistance":0,"SPSVoltagesIsOffsets":0,"IVVoltages":[],"SPSVoltages":[],"OperatingVoltage":41.27},"Checks":{"SelectedForMeasurement":true,"DMMResistanceOK":true,"RForwardDone":true,"RForwardOK":true,"IDarkDone":true,"IDarkOK":true,"IVDone":true,"IVTemperatureOK":true,"IVMeasurementOK":true,"IVVoltageCheckOK":true,"IVCurrentCheckOK":true,"IVVbrOK":true},"Temperatures":[{"Block":0,"Module1":[25.008,24.961,25.0,25.031,25.016,24.984,24.984,25.039],"Module2":[25.039,24.984,25.0,24.961,25.047,25.016,24.961,24.992],"Pulser":27.68,"ControlTemperature":27.867,"Timestamp":1732542596},{"Block":0,"Module1":[25.0,24.953,25.0,25.031,25.008,24.992,24.984,25.047],"Module2":[25.031,25.0,24.992,24.953,25.039,25.023,24.961,25.0],"Pulser":27.719,"ControlTemperature":27.875,"Timestamp":1732542619}],"DMMResistanceResult":{"Identifier":{"Type":2,"ID":"163ccccd-90a2-4d01-927e-9ff420e83ea6"},"StartTimestamp":1732538725,"EndTimestamp":1732538727,"ErrorHappened":false,"ErrorMessage":null,"CorrectionPercentage":0,"Voltages":[29.999998232735635,29.999998232735635,29.999998232735635,29.999998232735635,29.999998232735635,29.999998232735635],"Currents":[3.2440074053843686E-06,3.2197004752997234E-06,3.2082222027597597E-06,3.201245213568782E-06,3.198544443559374E-06,3.196068737717437E-06],"Resistance":9342263.176130798},"IVMeasurementID":{"Type":0,"ID":"d4e2a06a-dc17-4739-bc4f-8bf90f32a5ec"},"SPSMeasurementID":{"Type":999,"ID":"96333b92-4bdd-4cd9-9b23-a47ce87bf5c5"},"IVResult":{"Identifier":{"Type":0,"ID":"d4e2a06a-dc17-4739-bc4f-8bf90f32a5ec"},"StartTimestamp":1732542598,"EndTimestamp":1732542621,"ErrorHappened":false,"ErrorMessage":null,"Temperatures":[{"Block":0,"Module1":[25.008,24.961,25.0,25.031,25.016,24.984,24.984,25.039],"Module2":[25.039,24.984,25.0,24.961,25.047,25.016,24.961,24.992],"Pulser":27.68,"ControlTemperature":27.867,"Timestamp":1732542596},{"Block":0,"Module1":[25.0,24.953,25.0,25.031,25.008,24.992,24.984,25.047],"Module2":[25.031,25.0,24.992,24.953,25.039,25.023,24.961,25.0],"Pulser":27.719,"ControlTemperature":27.875,"Timestamp":1732542619}],"SMUVoltage":[37.45999531661642,37.47999898932881,37.49999891111814,37.51999883290747,37.539998754696796,37.559998676486124,37.57999859827545,37.59999852006478,37.61999844185411,37.639998363643436,37.65999828543276,37.67999820722209,37.699998129011426,37.71999805080075,37.73999797259008,37.7599978943794,37.77999781616874,37.79999773795806,37.81999765974739,37.839997581536714,37.85999750332605,37.87999742511537,37.899997346904705,37.919997268694026,37.93999719048336,37.95999711227268,37.979997034062016,37.99999695585134,38.01999687764067,38.03999679942999,38.06000047214239,38.079996643008656,38.09999656479798,38.120000237510375,38.13999640837664,38.16000008108903,38.18000000287836,38.19999617374462,38.21999609553395,38.23999976824634,38.25999969003567,38.279999611825,38.29999578269126,38.319999455403654,38.33999562626992,38.35999929898231,38.37999922077164,38.3999953916379,38.41999906435029,38.43999898613963,38.45999890792895,38.479998829718284,38.49999500058454,38.51999492237387,38.53999859508626,38.559998516875595,38.579998438664916,38.59999836045425,38.61999828224357,38.639998204032906,38.65999812582223,38.67999804761156,38.69999796940088,38.71999789119022,38.73999781297954,38.75999773476887,38.779997656558194,38.79999757834752,38.81999750013686,38.83999742192618,38.85999734371551,38.879997265504834,38.89999718729417,38.91999710908349,38.939997030872824,38.959996952662145,38.97999687445148,38.9999967962408,39.019996718030136,39.04000039074253,39.060000312531855,39.08000023432118,39.09999640518745,39.11999632697677,39.1399962487661,39.159996170555424,39.17999984326782,39.19999976505715,39.21999968684648,39.23999585771274,39.259999530425134,39.27999945221446,39.299995623080726,39.31999929579312,39.33999546665938,39.35999913937177,39.3799990611611,39.39999898295043,39.41999890473976,39.439998826529084],"SMUCurrent":[4.8419629942823286E-06,4.810904139174177E-06,4.818331256700042E-06,4.836111325928625E-06,4.855691908496813E-06,4.8779732610744085E-06,4.9034055119963E-06,4.925686864573896E-06,4.953819885505196E-06,4.980827585599249E-06,5.0123365690423155E-06,5.043620488317911E-06,5.076479856765668E-06,5.114290636897353E-06,5.150075839521962E-06,5.191487646332831E-06,5.236500479822911E-06,5.2835388908200665E-06,5.331927686821913E-06,5.386168151177463E-06,5.444234706379641E-06,5.505902288261056E-06,5.575897244338167E-06,5.647467649587385E-06,5.725339851525248E-06,5.815815646840295E-06,5.914843880518481E-06,6.02602557923899E-06,6.147335165494771E-06,6.281698473462678E-06,6.437217813170908E-06,6.6154686337916205E-06,6.820952218673858E-06,7.061320749510901E-06,7.344226407996087E-06,7.681372530836823E-06,8.088288545587171E-06,8.587480868992199E-06,9.213159254504354E-06,9.997732942236505E-06,1.0998593294888524E-05,1.2303065209431165E-05,1.4001174352844557E-05,1.6237186856464465E-05,1.9191154054251208E-05,2.310051864286495E-05,2.8228830762390197E-05,3.485764568630738E-05,4.332771056413641E-05,5.398067280206705E-05,6.706252753512262E-05,8.272991942384858E-05,0.00010113206601126458,0.00012220932529299626,0.00014614332405217607,0.0001724717804888609,0.0002010173440390998,0.00023189997390414384,0.00026426487637601636,0.000298755509909458,0.00033431654862329396,0.0003714962488294332,0.00041001800666607937,0.0004492919289503448,0.0004899139855976382,0.0005310532397017327,0.0005736171499857883,0.0006170059204435498,0.0006619897206560323,0.0007066411010931907,0.0007524661911636029,0.0007988188316425188,0.0008465155553294487,0.0008939462531704522,0.0009430937404807676,0.000992214895283491,0.0010425342917137208,0.0010928397341655684,0.001144352870939955,0.0011951579558435426,0.0012480084239009197,0.001301399271024345,0.0013544090845122772,0.0014081877171962195,0.001462488048620312,0.00151693444668908,0.0015713754432178293,0.0016275370553067367,0.0016836475778296332,0.0017398346221694629,0.0017980112337495538,0.0018552108417787426,0.0019119047306236706,0.001970570631703799,0.002029557474286712,0.002089434670716058,0.0021459559353445515,0.0022058419092764285,0.002264646449883706,0.002325817540211725],