{"IsIVDone":true,"IsSPSDone":false,"SiPMLocation":{"Block":0,"Module":0,"Array":1,"SiPM":9},"Barcode":"00552","SiPMMeasurementDetails":{"DMMResistance":0,"IV":1,"SPS":0,"DarkCurrent":0,"ForwardResistance":0,"SPSVoltagesIsOffsets":0,"IVVoltages":[],"SPSVoltages":[],"OperatingVoltage":41.32},"Checks":{"SelectedForMeasurement":true,"DMMResistanceOK":true,"RForwardDone":true,"RForwardOK":true,"IDarkDone":true,"IDarkOK":true,"IVDone":true,"IVTemperatureOK":true,"IVMeasurementOK":true,"IVVoltageCheckOK":true,"IVCurrentCheckOK":true,"IVVbrOK":true},"Temperatures":[{"Block":0,"Module1":[25.008,24.953,25.008,25.031,25.008,24.984,24.977,25.039],"Module2":[25.031,24.992,25.0,24.969,25.039,25.023,24.969,25.0],"Pulser":27.297,"ControlTemperature":27.789,"Timestamp":1732542412},{"Block":0,"Module1":[25.008,24.953,25.0,25.031,25.016,24.992,24.977,25.039],"Module2":[25.031,24.992,24.992,24.961,25.047,25.023,24.961,25.0],"Pulser":27.352,"ControlTemperature":27.797,"Timestamp":1732542435}],"DMMResistanceResult":{"Identifier":{"Type":2,"ID":"163ccccd-90a2-4d01-927e-9ff420e83ea6"},"StartTimestamp":1732538725,"EndTimestamp":1732538727,"ErrorHappened":false,"ErrorMessage":null,"CorrectionPercentage":0,"Voltages":[29.999998232735635,29.999998232735635,29.999998232735635,29.999998232735635,29.999998232735635,29.999998232735635],"Currents":[3.2440074053843686E-06,3.2197004752997234E-06,3.2082222027597597E-06,3.201245213568782E-06,3.198544443559374E-06,3.196068737717437E-06],"Resistance":9342263.176130798},"IVMeasurementID":{"Type":0,"ID":"dd61466f-4371-4bbf-8c25-0032812e877c"},"SPSMeasurementID":{"Type":999,"ID":"b29cc53c-19c5-4bfc-91e0-dd642b3cd2ab"},"IVResult":{"Identifier":{"Type":0,"ID":"dd61466f-4371-4bbf-8c25-0032812e877c"},"StartTimestamp":1732542415,"EndTimestamp":1732542437,"ErrorHappened":false,"ErrorMessage":null,"Temperatures":[{"Block":0,"Module1":[25.008,24.953,25.008,25.031,25.008,24.984,24.977,25.039],"Module2":[25.031,24.992,25.0,24.969,25.039,25.023,24.969,25.0],"Pulser":27.297,"ControlTemperature":27.789,"Timestamp":1732542412},{"Block":0,"Module1":[25.008,24.953,25.0,25.031,25.016,24.992,24.977,25.039],"Module2":[25.031,24.992,24.992,24.961,25.047,25.023,24.961,25.0],"Pulser":27.352,"ControlTemperature":27.797,"Timestamp":1732542435}],"SMUVoltage":[37.50999887201281,37.529998793802136,37.549998715591464,37.56999863738079,37.58999855917012,37.60999848095945,37.629998402748775,37.6499983245381,37.66999824632743,37.68999816811676,37.70999808990609,37.729998011695415,37.74999793348474,37.76999785527407,37.7899977770634,37.809997698852726,37.829997620642054,37.84999754243138,37.86999746422071,37.88999738601004,37.910001058722436,37.92999722958869,37.94999715137802,37.97000082409041,37.99000074587975,38.009996916746005,38.02999683853533,38.04999676032466,38.06999668211399,38.09000035482638,38.109996525692644,38.130000198405035,38.1499963692713,38.17000004198369,38.189999963773026,38.209999885562354,38.22999980735168,38.24999972914101,38.26999965093034,38.289999572719665,38.30999574358593,38.32999941629832,38.34999933808765,38.36999925987698,38.389999181666305,38.40999910345563,38.42999902524496,38.44999894703429,38.469998868823616,38.489998790612944,38.50999871240227,38.5299986341916,38.54999855598093,38.569998477770255,38.58999839955958,38.60999832134891,38.62999824313824,38.64999816492757,38.669998086716895,38.68999800850622,38.70999793029555,38.72999785208488,38.749997773874206,38.769997695663534,38.78999761745286,38.80999753924219,38.82999746103152,38.849997382820845,38.86999730461017,38.8899972263995,38.91000089911189,38.92999706997816,38.949996991767485,38.970000664479876,38.98999683534614,39.01000050805853,39.029996678924796,39.05000035163719,39.07000027342652,39.09000019521584,39.10999636608211,39.129996287871435,39.14999620966076,39.16999613145009,39.18999605323942,39.20999972595181,39.229999647741145,39.249999569530466,39.2699994913198,39.28999941310912,39.30999933489846,39.329999256687785,39.34999917847711,39.36999910026644,39.38999902205577,39.409998943845096,39.429998865634424,39.44999878742375,39.46999870921308,39.48999863100241],"SMUCurrent":[4.7406841189296495E-06,4.7078247504818654E-06,4.715927060510117E-06,4.7296559747245736E-06,4.746760851450797E-06,4.764991049014295E-06,4.784346567415039E-06,4.808428433332213E-06,4.831610042579611E-06,4.857492421836418E-06,4.881574287753619E-06,4.910607565354722E-06,4.941666420462873E-06,4.97317540390594E-06,5.0064849006885845E-06,5.0422701033132206E-06,5.081206204282125E-06,5.122167882758106E-06,5.164705010406249E-06,5.213768998910427E-06,5.263733244084435E-06,5.3220248634540835E-06,5.380316482823732E-06,5.445585091384358E-06,5.5191810741406526E-06,5.599078853585538E-06,5.689104520565725E-06,5.785431984234475E-06,5.895263297950293E-06,6.016572884206075E-06,6.159938758871982E-06,6.323335344440991E-06,6.510588731759731E-06,6.727100460847044E-06,6.983898675907979E-06,7.291561392812698E-06,7.666743359952536E-06,8.134201635747054E-06,8.712616546094636E-06,9.4454254753132E-06,1.0386868887758298E-05,1.1609417445348976E-05,1.3210748996758703E-05,1.5327252427462434E-05,1.810521944630293E-05,2.180549942335525E-05,2.6632450622664385E-05,3.285457459599864E-05,4.0830173497939106E-05,5.080096624432755E-05,6.294385327077996E-05,7.755254331581917E-05,9.465224356619959E-05,0.00011421752177099935,0.000136114239686418,0.00016022693939455346,0.00018632042884042006,0.00021430850844788424,0.00024397264091035171,0.0002747411632424984,0.00030729737025670376,0.00034092510777214056,0.00037532053916275075,0.00041087009960404666,0.0004473280190251725,0.0004854048250027691,0.0005233499684424073,0.0005628284740548851,0.0006034831650064589,0.0006441857946256996,0.0006849595445218546,0.0007268219297959673,0.0007698136870623462,0.000813774795697934,0.0008576926920133715,0.000902604021563935,0.000947934420594291,0.000994687225162934,0.0010401785450730172,0.0010879214069142744,0.001134664533723717,0.0011831258003874758,0.0012312913327352049,0.0012807039456347769,0.0013290551559206525,0.001379025702891334,0.0014296662658885154,0.0014797515955845967,0.001531047770501561,0.0015828879255112532,0.0016348118043912367,0.0016875970038400532,0.0017391434501112225,0.0017917344191835292,0.0018465830069195309,0.0018995383548789397,0.0019545152291903884,0.002007537196143363,0.0020625282494973604,0.002117040366303024],