{"IsIVDone":true,"IsSPSDone":false,"SiPMLocation":{"Block":0,"Module":0,"Array":3,"SiPM":8},"Barcode":"00553","SiPMMeasurementDetails":{"DMMResistance":0,"IV":1,"SPS":0,"DarkCurrent":0,"ForwardResistance":0,"SPSVoltagesIsOffsets":0,"IVVoltages":[],"SPSVoltages":[],"OperatingVoltage":41.31},"Checks":{"SelectedForMeasurement":true,"DMMResistanceOK":true,"RForwardDone":true,"RForwardOK":true,"IDarkDone":true,"IDarkOK":true,"IVDone":true,"IVTemperatureOK":true,"IVMeasurementOK":true,"IVVoltageCheckOK":true,"IVCurrentCheckOK":true,"IVVbrOK":true},"Temperatures":[{"Block":0,"Module1":[25.0,24.953,24.992,25.031,25.016,24.984,24.977,25.047],"Module2":[25.039,24.992,25.0,24.961,25.047,25.023,24.961,24.992],"Pulser":28.117,"ControlTemperature":28.023,"Timestamp":1732543056},{"Block":0,"Module1":[25.0,24.953,25.0,25.039,25.016,24.984,24.977,25.047],"Module2":[25.039,25.0,24.992,24.961,25.047,25.023,24.961,25.0],"Pulser":28.117,"ControlTemperature":28.039,"Timestamp":1732543079}],"DMMResistanceResult":{"Identifier":{"Type":2,"ID":"163ccccd-90a2-4d01-927e-9ff420e83ea6"},"StartTimestamp":1732538725,"EndTimestamp":1732538727,"ErrorHappened":false,"ErrorMessage":null,"CorrectionPercentage":0,"Voltages":[29.999998232735635,29.999998232735635,29.999998232735635,29.999998232735635,29.999998232735635,29.999998232735635],"Currents":[3.2440074053843686E-06,3.2197004752997234E-06,3.2082222027597597E-06,3.201245213568782E-06,3.198544443559374E-06,3.196068737717437E-06],"Resistance":9342263.176130798},"IVMeasurementID":{"Type":0,"ID":"154218c0-1568-4a19-93a2-08e541fb5219"},"SPSMeasurementID":{"Type":999,"ID":"10398203-ec92-4841-bdcb-f71607d40eb9"},"IVResult":{"Identifier":{"Type":0,"ID":"154218c0-1568-4a19-93a2-08e541fb5219"},"StartTimestamp":1732543059,"EndTimestamp":1732543081,"ErrorHappened":false,"ErrorMessage":null,"Temperatures":[{"Block":0,"Module1":[25.0,24.953,24.992,25.031,25.016,24.984,24.977,25.047],"Module2":[25.039,24.992,25.0,24.961,25.047,25.023,24.961,24.992],"Pulser":28.117,"ControlTemperature":28.023,"Timestamp":1732543056},{"Block":0,"Module1":[25.0,24.953,25.0,25.039,25.016,24.984,24.977,25.047],"Module2":[25.039,25.0,24.992,24.961,25.047,25.023,24.961,25.0],"Pulser":28.117,"ControlTemperature":28.039,"Timestamp":1732543079}],"SMUVoltage":[37.49999891111814,37.51999883290747,37.539998754696796,37.559998676486124,37.57999859827545,37.59999852006478,37.61999844185411,37.639998363643436,37.65999828543276,37.67999820722209,37.699998129011426,37.71999805080075,37.73999797259008,37.7599978943794,37.77999781616874,37.79999773795806,37.82000141067046,37.839997581536714,37.85999750332605,37.87999742511537,37.90000109782777,37.919997268694026,37.93999719048336,37.95999711227268,37.979997034062016,37.99999695585134,38.020000628563736,38.040000550353064,38.06000047214239,38.08000039393172,38.09999656479798,38.120000237510375,38.1400001592997,38.15999633016597,38.18000000287836,38.19999992466769,38.21999609553395,38.23999601732328,38.25999969003567,38.279999611825,38.29999578269126,38.319999455403654,38.33999937719298,38.35999929898231,38.37999922077164,38.39999914256097,38.41999906435029,38.43999898613963,38.45999890792895,38.479998829718284,38.499998751507604,38.51999867329694,38.53999859508626,38.559998516875595,38.579998438664916,38.59999836045425,38.61999828224357,38.639998204032906,38.65999812582223,38.67999804761156,38.69999796940088,38.71999789119022,38.73999781297954,38.75999773476887,38.779997656558194,38.79999757834752,38.81999750013686,38.83999742192618,38.85999734371551,38.879997265504834,38.89999718729417,38.91999710908349,38.939997030872824,38.959996952662145,38.97999687445148,38.9999967962408,39.019996718030136,39.04000039074253,39.060000312531855,39.07999648339811,39.10000015611051,39.12000007789984,39.1399962487661,39.159996170555424,39.17999984326782,39.19999976505715,39.21999968684648,39.239999608635806,39.259999530425134,39.27999945221446,39.29999937400379,39.31999929579312,39.339999217582445,39.35999913937177,39.3799990611611,39.39999898295043,39.41999890473976,39.439998826529084,39.45999874831841,39.47999867010774],"SMUCurrent":[4.896203458637879E-06,4.867620309371691E-06,4.879773774414014E-06,4.894628009465744E-06,4.916459233708425E-06,4.940316035458183E-06,4.966198414714962E-06,4.994331435646262E-06,5.021114071572871E-06,5.049697220839059E-06,5.081881396784484E-06,5.117441535241649E-06,5.155702443708222E-06,5.193738288007351E-06,5.235825287320579E-06,5.277462158298892E-06,5.324950697630935E-06,5.374689878637472E-06,5.431856177169874E-06,5.490597924874438E-06,5.553840955928015E-06,5.622935655335296E-06,5.695181253086872E-06,5.777329674206278E-06,5.866004956181747E-06,5.962557484017969E-06,6.070813348561625E-06,6.191897870649936E-06,6.328511820292336E-06,6.483355967498234E-06,6.655304991430355E-06,6.853811587121615E-06,7.087653257102595E-06,7.360431028052508E-06,7.682947980008957E-06,8.064656808004885E-06,8.528288992952748E-06,9.099276785774437E-06,9.816106159104025E-06,1.0721314240589626E-05,1.1885796242978072E-05,1.3412406490794258E-05,1.5398597768544208E-05,1.8039275645239945E-05,2.155635338998765E-05,2.6207079346183095E-05,3.2303392449912566E-05,4.02261012725022E-05,5.034948752442201E-05,6.302915259024369E-05,7.847328082485883E-05,9.685202073885998E-05,0.0001183357459070071,0.00014265640490586674,0.00016965982878073537,0.0001993682988841906,0.00023147820365434179,0.00026525763441864015,0.0003009991745947713,0.0003380220050761976,0.00037722075592853466,0.00041701772733795483,0.00045805277673251974,0.0005003389578339416,0.0005434900605308754,0.0005879983001575353,0.0006328569646929154,0.0006788713337281533,0.0007257996883474076,0.0007732015779749773,0.0008219552029922544,0.0008714317341153822,0.0009212116517362331,0.0009717291046338191,0.0010231949779330412,0.0010747189177874655,0.0011276618872176646,0.0011801999662106205,0.001234348829450019,0.001289205969624384,0.0013441943222083723,0.0013996217749830567,0.0014552918469302525,0.0015120291731594983,0.0015675948153329971,0.0016254817693295797,0.0016837697876725588,0.0017419911870219726,0.0018009577738298146,0.0018600368927213819,0.001919051868325226,0.0019784492279495683,0.0020382818616737595,0.0020981813394556834,0.002159024736355895,0.0022200333303550148,0.00228106263025754,0.0023425861710717863,0.0024058145729544695,0.0024675888352512555],