{"IsIVDone":true,"IsSPSDone":false,"SiPMLocation":{"Block":0,"Module":0,"Array":1,"SiPM":15},"Barcode":"00552","SiPMMeasurementDetails":{"DMMResistance":0,"IV":1,"SPS":0,"DarkCurrent":0,"ForwardResistance":0,"SPSVoltagesIsOffsets":0,"IVVoltages":[],"SPSVoltages":[],"OperatingVoltage":41.27},"Checks":{"SelectedForMeasurement":true,"DMMResistanceOK":true,"RForwardDone":true,"RForwardOK":true,"IDarkDone":true,"IDarkOK":true,"IVDone":true,"IVTemperatureOK":true,"IVMeasurementOK":true,"IVVoltageCheckOK":true,"IVCurrentCheckOK":true,"IVVbrOK":true},"Temperatures":[{"Block":0,"Module1":[25.0,24.953,25.0,25.031,25.008,24.992,24.977,25.047],"Module2":[25.031,25.0,24.992,24.953,25.039,25.023,24.969,25.0],"Pulser":27.719,"ControlTemperature":27.875,"Timestamp":1732542619},{"Block":0,"Module1":[25.0,24.961,25.0,25.031,25.016,24.984,24.977,25.039],"Module2":[25.031,24.992,24.992,24.961,25.039,25.016,24.969,25.0],"Pulser":27.742,"ControlTemperature":27.891,"Timestamp":1732542642}],"DMMResistanceResult":{"Identifier":{"Type":2,"ID":"163ccccd-90a2-4d01-927e-9ff420e83ea6"},"StartTimestamp":1732538725,"EndTimestamp":1732538727,"ErrorHappened":false,"ErrorMessage":null,"CorrectionPercentage":0,"Voltages":[29.999998232735635,29.999998232735635,29.999998232735635,29.999998232735635,29.999998232735635,29.999998232735635],"Currents":[3.2440074053843686E-06,3.2197004752997234E-06,3.2082222027597597E-06,3.201245213568782E-06,3.198544443559374E-06,3.196068737717437E-06],"Resistance":9342263.176130798},"IVMeasurementID":{"Type":0,"ID":"f50043f0-56fc-472b-9a86-1cf11d9dfd6b"},"SPSMeasurementID":{"Type":999,"ID":"580db0f1-68fd-40c6-805c-5e39c126053b"},"IVResult":{"Identifier":{"Type":0,"ID":"f50043f0-56fc-472b-9a86-1cf11d9dfd6b"},"StartTimestamp":1732542621,"EndTimestamp":1732542644,"ErrorHappened":false,"ErrorMessage":null,"Temperatures":[{"Block":0,"Module1":[25.0,24.953,25.0,25.031,25.008,24.992,24.977,25.047],"Module2":[25.031,25.0,24.992,24.953,25.039,25.023,24.969,25.0],"Pulser":27.719,"ControlTemperature":27.875,"Timestamp":1732542619},{"Block":0,"Module1":[25.0,24.961,25.0,25.031,25.016,24.984,24.977,25.039],"Module2":[25.031,24.992,24.992,24.961,25.039,25.016,24.969,25.0],"Pulser":27.742,"ControlTemperature":27.891,"Timestamp":1732542642}],"SMUVoltage":[37.459999067539485,37.47999898932881,37.49999891111814,37.51999883290747,37.539998754696796,37.559998676486124,37.57999859827545,37.59999852006478,37.61999844185411,37.639998363643436,37.65999828543276,37.67999820722209,37.699998129011426,37.71999805080075,37.73999797259008,37.7599978943794,37.77999781616874,37.79999773795806,37.81999765974739,37.839997581536714,37.85999750332605,37.87999742511537,37.90000109782777,37.919997268694026,37.93999719048336,37.95999711227268,37.979997034062016,37.99999695585134,38.01999687764067,38.040000550353064,38.06000047214239,38.08000039393172,38.09999656479798,38.11999648658731,38.1400001592997,38.15999633016597,38.18000000287836,38.19999992466769,38.219999846457014,38.23999601732328,38.25999969003567,38.279999611825,38.299999533614326,38.319999455403654,38.33999562626992,38.35999929898231,38.37999922077164,38.3999953916379,38.41999906435029,38.43999898613963,38.45999890792895,38.479998829718284,38.499998751507604,38.51999867329694,38.53999859508626,38.559998516875595,38.579998438664916,38.59999836045425,38.61999828224357,38.639998204032906,38.65999812582223,38.67999804761156,38.69999796940088,38.71999789119022,38.74000156390261,38.75999773476887,38.779997656558194,38.79999757834752,38.81999750013686,38.83999742192618,38.85999734371551,38.880001016427904,38.89999718729417,38.91999710908349,38.94000078179589,38.959996952662145,38.97999687445148,38.9999967962408,39.019996718030136,39.03999663981946,39.060000312531855,39.07999648339811,39.10000015611051,39.12000007789984,39.13999999968917,39.159999921478494,39.17999984326782,39.19999976505715,39.219995935923414,39.239999608635806,39.259999530425134,39.27999945221446,39.29999937400379,39.31999929579312,39.339999217582445,39.35999913937177,39.3799990611611,39.39999898295043,39.41999890473976,39.439998826529084],"SMUCurrent":[4.579763239202604E-06,4.5435279082430805E-06,4.547128934922291E-06,4.557031758290121E-06,4.569410287499887E-06,4.5847146508865054E-06,4.599343821770792E-06,4.619374532673868E-06,4.636929537735006E-06,4.655384799465948E-06,4.67654083120627E-06,4.700847761290915E-06,4.723354178035982E-06,4.7490114931253175E-06,4.7757941290519E-06,4.804377278318114E-06,4.834310812589019E-06,4.867170181036776E-06,4.898904228647287E-06,4.93716513711386E-06,4.978351879757285E-06,5.022014328242674E-06,5.0697279317421615E-06,5.1190169844138106E-06,5.176183282946213E-06,5.239201249832319E-06,5.306945564234882E-06,5.380991675326091E-06,5.468091508129398E-06,5.566669613472669E-06,5.67965182553281E-06,5.801186475956009E-06,5.943877158119584E-06,6.11627631038662E-06,6.313207456905718E-06,6.55425118024512E-06,6.84300850708401E-06,7.19860989165566E-06,7.644011879040025E-06,8.211398645182558E-06,8.93182904519133E-06,9.876198291813279E-06,1.1114276276958046E-05,1.2754994057671593E-05,1.4935865840266148E-05,1.7821188466980497E-05,2.1643903351125873E-05,2.6595990227537417E-05,3.2958779305528195E-05,4.094473115917138E-05,5.075212731999082E-05,6.256552040529581E-05,7.648843993211358E-05,9.238742284914603E-05,0.00011029240269066405,0.00012996481143917021,0.0001513297027269035,0.00017401459535673354,0.0001981153666639941,0.0002235057556507456,0.00024974823757546434,0.0002768632932773884,0.00030507553679563326,0.00033408945887833646,0.0003637160056248397,0.0003942929983504861,0.000425425899569735,0.0004571072821650606,0.0004896477346875445,0.0005224963000552679,0.0005564312501592744,0.0005904195404709668,0.0006252819800090366,0.0006606811975864756,0.0006966907891860402,0.0007325732195309953,0.0007698402446341054,0.0008066366605630766,0.0008443830723428561,0.0008823507221992393,0.0009213212579857815,0.0009604975024213734,0.0009996132045959213,0.001039564344960045,0.0010800034244392012,0.0011197459303200984,0.0011601285186932247,0.001201440171949586,0.0012419888576782909,0.001284459591397022,0.001326102764172038,0.0013669303044042136,0.0014102659597184568,0.0014534312414579398,0.001496855346989991,0.0015403566495314778,0.0015837562230692768,0.0016270263847107918,0.0016702364542195976,0.0017157381270813837],