{"IsIVDone":true,"IsSPSDone":false,"SiPMLocation":{"Block":0,"Module":0,"Array":1,"SiPM":5},"Barcode":"00552","SiPMMeasurementDetails":{"DMMResistance":0,"IV":1,"SPS":0,"DarkCurrent":0,"ForwardResistance":0,"SPSVoltagesIsOffsets":0,"IVVoltages":[],"SPSVoltages":[],"OperatingVoltage":41.28},"Checks":{"SelectedForMeasurement":true,"DMMResistanceOK":true,"RForwardDone":true,"RForwardOK":true,"IDarkDone":true,"IDarkOK":true,"IVDone":true,"IVTemperatureOK":true,"IVMeasurementOK":true,"IVVoltageCheckOK":true,"IVCurrentCheckOK":true,"IVVbrOK":true},"Temperatures":[{"Block":0,"Module1":[25.0,24.961,25.0,25.031,25.008,24.992,24.977,25.039],"Module2":[25.031,24.992,25.0,24.961,25.039,25.016,24.969,25.0],"Pulser":27.227,"ControlTemperature":27.773,"Timestamp":1732542389},{"Block":0,"Module1":[25.008,24.953,25.008,25.031,25.008,24.984,24.977,25.039],"Module2":[25.031,24.992,25.0,24.969,25.039,25.023,24.969,25.0],"Pulser":27.297,"ControlTemperature":27.789,"Timestamp":1732542412}],"DMMResistanceResult":{"Identifier":{"Type":2,"ID":"163ccccd-90a2-4d01-927e-9ff420e83ea6"},"StartTimestamp":1732538725,"EndTimestamp":1732538727,"ErrorHappened":false,"ErrorMessage":null,"CorrectionPercentage":0,"Voltages":[29.999998232735635,29.999998232735635,29.999998232735635,29.999998232735635,29.999998232735635,29.999998232735635],"Currents":[3.2440074053843686E-06,3.2197004752997234E-06,3.2082222027597597E-06,3.201245213568782E-06,3.198544443559374E-06,3.196068737717437E-06],"Resistance":9342263.176130798},"IVMeasurementID":{"Type":0,"ID":"2c472c59-802b-45e3-9e3c-404c16c1e4a0"},"SPSMeasurementID":{"Type":999,"ID":"b1da6a39-82ca-4fbd-a554-1c1d54bade07"},"IVResult":{"Identifier":{"Type":0,"ID":"2c472c59-802b-45e3-9e3c-404c16c1e4a0"},"StartTimestamp":1732542392,"EndTimestamp":1732542414,"ErrorHappened":false,"ErrorMessage":null,"Temperatures":[{"Block":0,"Module1":[25.0,24.961,25.0,25.031,25.008,24.992,24.977,25.039],"Module2":[25.031,24.992,25.0,24.961,25.039,25.016,24.969,25.0],"Pulser":27.227,"ControlTemperature":27.773,"Timestamp":1732542389},{"Block":0,"Module1":[25.008,24.953,25.008,25.031,25.008,24.984,24.977,25.039],"Module2":[25.031,24.992,25.0,24.969,25.039,25.023,24.969,25.0],"Pulser":27.297,"ControlTemperature":27.789,"Timestamp":1732542412}],"SMUVoltage":[37.469999028434145,37.48999895022348,37.50999887201281,37.529998793802136,37.549998715591464,37.56999863738079,37.58999855917012,37.60999848095945,37.629998402748775,37.6499983245381,37.66999824632743,37.68999816811676,37.70999808990609,37.729998011695415,37.750001684407806,37.76999785527407,37.7899977770634,37.809997698852726,37.829997620642054,37.84999754243138,37.86999746422071,37.88999738601004,37.909997307799365,37.93000098051176,37.95000090230109,37.96999707316735,37.99000074587975,38.009996916746005,38.02999683853533,38.04999676032466,38.07000043303706,38.089996603903316,38.110000276615715,38.130000198405035,38.1499963692713,38.16999629106063,38.189999963773026,38.20999613463928,38.22999980735168,38.24999972914101,38.26999965093034,38.289995821796595,38.30999574358593,38.32999941629832,38.34999933808765,38.36999925987698,38.389999181666305,38.40999910345563,38.42999902524496,38.44999894703429,38.469998868823616,38.489998790612944,38.50999871240227,38.5299986341916,38.54999855598093,38.569998477770255,38.58999839955958,38.60999832134891,38.62999824313824,38.64999816492757,38.669998086716895,38.68999800850622,38.70999793029555,38.72999785208488,38.749997773874206,38.769997695663534,38.78999761745286,38.80999753924219,38.82999746103152,38.849997382820845,38.86999730461017,38.8899972263995,38.90999714818883,38.92999706997816,38.950000742690555,38.96999691355681,38.98999683534614,39.01000050805853,39.029996678924796,39.05000035163719,39.06999652250345,39.08999644429278,39.11000011700518,39.1300000387945,39.149999960583834,39.169999882373155,39.18999980416249,39.20999972595181,39.229999647741145,39.2499958186074,39.2699994913198,39.28999941310912,39.309995583975386,39.329999256687785,39.34999917847711,39.36999910026644,39.38999902205577,39.409998943845096,39.429998865634424,39.44999878742375],"SMUCurrent":[4.552305410773636E-06,4.514494630641978E-06,4.515169823144337E-06,4.526423031516857E-06,4.536775983219574E-06,4.5516302182712774E-06,4.56603432498812E-06,4.583139201714371E-06,4.600244078440595E-06,4.61892440433898E-06,4.6367044735675625E-06,4.657860505307912E-06,4.679691729550593E-06,4.70129788962583E-06,4.72943091055713E-06,4.7544130331441336E-06,4.780970604903272E-06,4.810679075006733E-06,4.844213635956849E-06,4.879323646079126E-06,4.915558977038623E-06,4.95629559134716E-06,4.997932462325473E-06,5.046771386662207E-06,5.095385246831497E-06,5.151201160359209E-06,5.21129329306849E-06,5.278587479136138E-06,5.353758911064594E-06,5.4397334230306545E-06,5.5356107583645175E-06,5.644091687075645E-06,5.77102787751766E-06,5.912593238843961E-06,6.083191877771392E-06,6.282823794299898E-06,6.52049155512756E-06,6.811499523640943E-06,7.165975587375347E-06,7.61497860143895E-06,8.17696382756264E-06,8.90167044675298E-06,9.843789051700437E-06,1.10850179351895E-05,1.2734063090098687E-05,1.4918535899372453E-05,1.7806559296096238E-05,2.1630624565246277E-05,2.6609269013416986E-05,3.2980610529770876E-05,4.100932457522965E-05,5.082167214773297E-05,6.264429286390346E-05,7.654988244982755E-05,9.244909043102745E-05,0.00011024018780381555,0.00012977035599849305,0.00015079157430252958,0.00017320616486725163,0.0001969074472772877,0.00022174575386128332,0.0002475936983004615,0.0002743963649379644,0.0003017256817273012,0.00033040875948385235,0.00035948479927677186,0.0003898182725732369,0.00042064463639641833,0.0004517986936474076,0.0004837899896013124,0.0005169903302627608,0.0005509059248483667,0.000584512956460398,0.0006190020145446676,0.0006544701017573465,0.0006895110171802045,0.0007263042822108313,0.0007625038279677241,0.0007998032623109469,0.0008379322831753922,0.0008761841890752652,0.0009145445759038494,0.0009539751428486603,0.000994357956285954,0.0010333419959225433,0.0010735526352717373,0.0011145208406085697,0.0011560591334815538,0.0011973550322461936,0.0012385120664195168,0.0012805934391285586,0.0013234217998093687,0.0013659749070133865,0.0014105587682003097,0.0014537524080248919,0.0014965643390214775,0.00154040413807081,0.0015853978411066601,0.001630061600073028,0.0016743841617615413],