{"IsIVDone":true,"IsSPSDone":false,"SiPMLocation":{"Block":0,"Module":1,"Array":3,"SiPM":6},"Barcode":"00546","SiPMMeasurementDetails":{"DMMResistance":0,"IV":1,"SPS":0,"DarkCurrent":0,"ForwardResistance":0,"SPSVoltagesIsOffsets":0,"IVVoltages":[],"SPSVoltages":[],"OperatingVoltage":41.37},"Checks":{"SelectedForMeasurement":true,"DMMResistanceOK":true,"RForwardDone":true,"RForwardOK":true,"IDarkDone":true,"IDarkOK":true,"IVDone":true,"IVTemperatureOK":true,"IVMeasurementOK":true,"IVVoltageCheckOK":true,"IVCurrentCheckOK":true,"IVVbrOK":true},"Temperatures":[{"Block":0,"Module1":[25.008,24.945,25.0,25.039,25.016,24.977,24.977,25.055],"Module2":[25.047,24.984,24.984,24.961,25.055,25.008,24.953,25.008],"Pulser":28.391,"ControlTemperature":28.555,"Timestamp":1732544692},{"Block":0,"Module1":[25.008,24.945,24.992,25.039,25.016,24.977,24.969,25.055],"Module2":[25.039,24.992,24.984,24.961,25.047,25.008,24.953,25.008],"Pulser":28.398,"ControlTemperature":28.562,"Timestamp":1732544715}],"DMMResistanceResult":{"Identifier":{"Type":2,"ID":"163ccccd-90a2-4d01-927e-9ff420e83ea6"},"StartTimestamp":1732538725,"EndTimestamp":1732538727,"ErrorHappened":false,"ErrorMessage":null,"CorrectionPercentage":0,"Voltages":[29.999998232735635,29.999998232735635,29.999998232735635,29.999998232735635,29.999998232735635,29.999998232735635],"Currents":[3.2440074053843686E-06,3.2197004752997234E-06,3.2082222027597597E-06,3.201245213568782E-06,3.198544443559374E-06,3.196068737717437E-06],"Resistance":9342263.176130798},"IVMeasurementID":{"Type":0,"ID":"65b0aba8-8d2c-4997-ab88-87b28fbdea5c"},"SPSMeasurementID":{"Type":999,"ID":"ed832fdd-63bb-40c0-bd07-39e8e8229c79"},"IVResult":{"Identifier":{"Type":0,"ID":"65b0aba8-8d2c-4997-ab88-87b28fbdea5c"},"StartTimestamp":1732544695,"EndTimestamp":1732544717,"ErrorHappened":false,"ErrorMessage":null,"Temperatures":[{"Block":0,"Module1":[25.008,24.945,25.0,25.039,25.016,24.977,24.977,25.055],"Module2":[25.047,24.984,24.984,24.961,25.055,25.008,24.953,25.008],"Pulser":28.391,"ControlTemperature":28.555,"Timestamp":1732544692},{"Block":0,"Module1":[25.008,24.945,24.992,25.039,25.016,24.977,24.969,25.055],"Module2":[25.039,24.992,24.984,24.961,25.047,25.008,24.953,25.008],"Pulser":28.398,"ControlTemperature":28.562,"Timestamp":1732544715}],"SMUVoltage":[37.549998715591464,37.56999488645773,37.58999855917012,37.60999848095945,37.629998402748775,37.6499983245381,37.66999824632743,37.68999816811676,37.70999808990609,37.729998011695415,37.74999793348474,37.76999785527407,37.7899977770634,37.809997698852726,37.829997620642054,37.84999754243138,37.86999746422071,37.88999738601004,37.909997307799365,37.92999722958869,37.94999715137802,37.96999707316735,37.98999699495668,38.009996916746005,38.02999683853533,38.04999676032466,38.07000043303706,38.089996603903316,38.110000276615715,38.130000198405035,38.1499963692713,38.17000004198369,38.189999963773026,38.20999613463928,38.22999980735168,38.24999597821794,38.269995900007274,38.289999572719665,38.30999574358593,38.32999941629832,38.34999933808765,38.36999925987698,38.389999181666305,38.40999910345563,38.42999902524496,38.44999894703429,38.469998868823616,38.489998790612944,38.50999871240227,38.5299986341916,38.54999855598093,38.569998477770255,38.58999839955958,38.60999832134891,38.62999824313824,38.64999816492757,38.669998086716895,38.68999800850622,38.70999793029555,38.72999785208488,38.749997773874206,38.769997695663534,38.78999761745286,38.80999753924219,38.82999746103152,38.849997382820845,38.86999730461017,38.8899972263995,38.90999714818883,38.92999706997816,38.949996991767485,38.970000664479876,38.98999683534614,39.00999675713547,39.029996678924796,39.05000035163719,39.06999652250345,39.09000019521584,39.11000011700518,39.129996287871435,39.14999620966076,39.169999882373155,39.18999980416249,39.20999597502875,39.229999647741145,39.249999569530466,39.2699994913198,39.28999941310912,39.30999933489846,39.329999256687785,39.34999917847711,39.36999910026644,39.38999902205577,39.409998943845096,39.429998865634424,39.44999878742375,39.46999870921308,39.48999863100241,39.509998552791735,39.52999847458106],"SMUCurrent":[4.546678806587403E-06,4.5050419356090635E-06,4.508642962288274E-06,4.516520208149027E-06,4.528898737358794E-06,4.5433028440756366E-06,4.557031758290121E-06,4.57166092917438E-06,4.588090613398272E-06,4.60677093929663E-06,4.627026714367177E-06,4.648857938609885E-06,4.668663585345517E-06,4.690269745420754E-06,4.711650841328547E-06,4.7379833489202415E-06,4.766566498186429E-06,4.796950160792249E-06,4.825983438393351E-06,4.860643320180714E-06,4.897553843642596E-06,4.939190714620909E-06,4.982628098938854E-06,5.028091060763822E-06,5.079180626775076E-06,5.135221604470232E-06,5.1959889296818444E-06,5.266884142428731E-06,5.3440811518642355E-06,5.429830599662825E-06,5.530659346680616E-06,5.645667136247779E-06,5.777329674206278E-06,5.933074078081979E-06,6.11627631038662E-06,6.335713873650758E-06,6.600389334572446E-06,6.9283078265477114E-06,7.336799290470221E-06,7.860298543959894E-06,8.525588222943313E-06,9.401988090995255E-06,1.0544863933308491E-05,1.2063146806929009E-05,1.4061266485553811E-05,1.67109469289476E-05,2.0184812353544806E-05,2.4679568841697106E-05,3.0380894331551094E-05,3.755616505403788E-05,4.634379547213948E-05,5.687139696880023E-05,6.918465757001261E-05,8.334186889514628E-05,9.924422777469048E-05,0.00011680620982501406,0.00013591055661487536,0.00015650122716657922,0.0001782417505497873,0.00020106888373344595,0.00022505149635279506,0.00024998770584963164,0.0002757460747501645,0.00030217265916385774,0.00032941577637706106,0.000357824951041825,0.0003866072820962218,0.0004161172456039857,0.00044620652427876704,0.0004767225246150343,0.000507935773742063,0.0005397715503562596,0.0005723702944981131,0.0006055269727110761,0.0006394549458258918,0.0006735298858420526,0.000708351138637479,0.0007433571691143822,0.0007788869239089424,0.0008155683320483465,0.0008516987831058318,0.0008880565489724422,0.0009256825514226358,0.0009635225898960746,0.001002220798040002,0.0010399930921990382,0.001078917489831253,0.001117348771872584,0.0011578958821521165,0.0011976404136105209,0.0012379088944507496,0.0012776806586734153,0.0013187843526390527,0.0013595333454767882,0.0014015764572773636,0.0014423281508851085,0.0014847928078713184,0.0015276643808722788,0.0015700828997041614,0.001612189479599958],