{"IsIVDone":true,"IsSPSDone":false,"SiPMLocation":{"Block":0,"Module":1,"Array":2,"SiPM":15},"Barcode":"00547","SiPMMeasurementDetails":{"DMMResistance":0,"IV":1,"SPS":0,"DarkCurrent":0,"ForwardResistance":0,"SPSVoltagesIsOffsets":0,"IVVoltages":[],"SPSVoltages":[],"OperatingVoltage":41.21},"Checks":{"SelectedForMeasurement":true,"DMMResistanceOK":true,"RForwardDone":true,"RForwardOK":true,"IDarkDone":true,"IDarkOK":true,"IVDone":true,"IVTemperatureOK":true,"IVMeasurementOK":true,"IVVoltageCheckOK":true,"IVCurrentCheckOK":true,"IVVbrOK":true},"Temperatures":[{"Block":0,"Module1":[25.008,24.953,24.992,25.039,25.016,24.977,24.969,25.055],"Module2":[25.047,24.992,24.984,24.961,25.055,25.016,24.953,25.0],"Pulser":28.352,"ControlTemperature":28.492,"Timestamp":1732544462},{"Block":0,"Module1":[25.008,24.945,24.992,25.039,25.023,24.977,24.969,25.055],"Module2":[25.039,24.984,24.984,24.961,25.055,25.016,24.953,25.0],"Pulser":28.367,"ControlTemperature":28.484,"Timestamp":1732544485}],"DMMResistanceResult":{"Identifier":{"Type":2,"ID":"163ccccd-90a2-4d01-927e-9ff420e83ea6"},"StartTimestamp":1732538725,"EndTimestamp":1732538727,"ErrorHappened":false,"ErrorMessage":null,"CorrectionPercentage":0,"Voltages":[29.999998232735635,29.999998232735635,29.999998232735635,29.999998232735635,29.999998232735635,29.999998232735635],"Currents":[3.2440074053843686E-06,3.2197004752997234E-06,3.2082222027597597E-06,3.201245213568782E-06,3.198544443559374E-06,3.196068737717437E-06],"Resistance":9342263.176130798},"IVMeasurementID":{"Type":0,"ID":"1db7d48a-259f-4dc8-9aa4-db4be89086f4"},"SPSMeasurementID":{"Type":999,"ID":"cccada19-6070-4968-b2f0-92000aec3edd"},"IVResult":{"Identifier":{"Type":0,"ID":"1db7d48a-259f-4dc8-9aa4-db4be89086f4"},"StartTimestamp":1732544465,"EndTimestamp":1732544487,"ErrorHappened":false,"ErrorMessage":null,"Temperatures":[{"Block":0,"Module1":[25.008,24.953,24.992,25.039,25.016,24.977,24.969,25.055],"Module2":[25.047,24.992,24.984,24.961,25.055,25.016,24.953,25.0],"Pulser":28.352,"ControlTemperature":28.492,"Timestamp":1732544462},{"Block":0,"Module1":[25.008,24.945,24.992,25.039,25.023,24.977,24.969,25.055],"Module2":[25.039,24.984,24.984,24.961,25.055,25.016,24.953,25.0],"Pulser":28.367,"ControlTemperature":28.484,"Timestamp":1732544485}],"SMUVoltage":[37.39999930217151,37.41999922396083,37.439999145750164,37.459999067539485,37.47999898932881,37.49999891111814,37.51999883290747,37.539998754696796,37.559998676486124,37.57999859827545,37.59999852006478,37.61999844185411,37.639998363643436,37.65999828543276,37.67999820722209,37.699998129011426,37.71999805080075,37.73999797259008,37.7599978943794,37.77999781616874,37.79999773795806,37.81999765974739,37.839997581536714,37.85999750332605,37.87999742511537,37.899997346904705,37.919997268694026,37.93999719048336,37.95999711227268,37.979997034062016,37.99999695585134,38.01999687764067,38.040000550353064,38.06000047214239,38.08000039393172,38.10000031572105,38.11999648658731,38.13999640837664,38.16000008108903,38.18000000287836,38.19999617374462,38.219999846457014,38.23999976824634,38.25999969003567,38.279999611825,38.299999533614326,38.319999455403654,38.33999937719298,38.35999929898231,38.37999922077164,38.39999914256097,38.41999531342723,38.43999523521656,38.45999890792895,38.479998829718284,38.499998751507604,38.51999867329694,38.53999859508626,38.559998516875595,38.579998438664916,38.59999836045425,38.61999828224357,38.639998204032906,38.65999812582223,38.67999804761156,38.69999796940088,38.71999789119022,38.73999781297954,38.75999773476887,38.779997656558194,38.79999757834752,38.81999750013686,38.83999742192618,38.85999734371551,38.879997265504834,38.89999718729417,38.92000086000656,38.939997030872824,38.959996952662145,38.97999687445148,38.9999967962408,39.0200004689532,39.04000039074253,39.05999656160879,39.08000023432118,39.09999640518745,39.12000007789984,39.1399962487661,39.159996170555424,39.17999984326782,39.19999976505715,39.219995935923414,39.239999608635806,39.259999530425134,39.27999945221446,39.29999937400379,39.31999929579312,39.339999217582445,39.35999913937177,39.3799990611611],"SMUCurrent":[5.248428880697789E-06,5.2232216939433415E-06,5.2425772123440855E-06,5.268009463265977E-06,5.299518446709044E-06,5.331477558486998E-06,5.367037696944163E-06,5.405973797913095E-06,5.446485348054161E-06,5.490822989041909E-06,5.535385694197074E-06,5.58377449019892E-06,5.6344139278752595E-06,5.689104520565725E-06,5.745370562428324E-06,5.81063917098895E-06,5.876357907884464E-06,5.948378441468597E-06,6.0262506434064335E-06,6.110649706200333E-06,6.200225244845604E-06,6.2979030935190995E-06,6.403683252220792E-06,6.52049155512756E-06,6.649003194741736E-06,6.793269326077473E-06,6.952164628297469E-06,7.1254640372342805E-06,7.32397063292554E-06,7.549484928710853E-06,7.804707694599654E-06,8.096840983950283E-06,8.444790186828624E-06,8.84607959739274E-06,9.325466274062136E-06,9.909957916930866E-06,1.061665940272518E-05,1.150116158080532E-05,1.2612303375508045E-05,1.403020763044566E-05,1.5864030466831676E-05,1.8256237502662173E-05,2.13985834086049E-05,2.557284852230783E-05,3.108061882815446E-05,3.832385892921125E-05,4.768765361598591E-05,5.970202900282414E-05,7.479235636620724E-05,9.32836283639336E-05,0.00011547990668622874,0.00014129206592278232,0.00017081620847309562,0.00020400349541283195,0.00024055886761846382,0.00027982626304187317,0.00032164791170167736,0.00036579559853208157,0.0004120773437982507,0.0004600839808437598,0.00050914099235876,0.0005601776682906541,0.0006117977105445796,0.0006647620610706867,0.0007190482134522299,0.000774253752957808,0.0008299411548458976,0.0008867239440369683,0.0009443520742409828,0.0010024395604107637,0.00106169355416044,0.0011219850937220627,0.0011817506583243539,0.0012429431297482805,0.001304034547361022,0.0013670180794295194,0.001429381334652523,0.0014917803750781515,0.0015563060468220193,0.0016202740095589445,0.0016846000493862833,0.0017501218551352865,0.0018156218296600467,0.001881600965797309,0.0019474191810548442,0.0020138551974520306,0.0020813548671045883,0.0021485750070611718,0.0022163877409706527,0.0022832639828793723,0.002351128706611534,0.002419642515402623,0.0024899946483134473,0.0025577252338018085,0.0026264204443118624,0.002697343565015508,0.002766566100869898,0.0028361613429855864,0.002905302855739694,0.00297504573994923],