{"IsIVDone":true,"IsSPSDone":false,"SiPMLocation":{"Block":0,"Module":1,"Array":1,"SiPM":2},"Barcode":"00549","SiPMMeasurementDetails":{"DMMResistance":0,"IV":1,"SPS":0,"DarkCurrent":0,"ForwardResistance":0,"SPSVoltagesIsOffsets":0,"IVVoltages":[],"SPSVoltages":[],"OperatingVoltage":41.25},"Checks":{"SelectedForMeasurement":true,"DMMResistanceOK":true,"RForwardDone":true,"RForwardOK":true,"IDarkDone":true,"IDarkOK":true,"IVDone":true,"IVTemperatureOK":true,"IVMeasurementOK":true,"IVVoltageCheckOK":true,"IVCurrentCheckOK":true,"IVVbrOK":true},"Temperatures":[{"Block":0,"Module1":[25.008,24.953,24.992,25.039,25.016,24.977,24.969,25.047],"Module2":[25.047,24.992,24.992,24.961,25.055,25.016,24.961,25.0],"Pulser":28.273,"ControlTemperature":28.32,"Timestamp":1732543930},{"Block":0,"Module1":[25.008,24.945,24.992,25.039,25.016,24.977,24.969,25.039],"Module2":[25.039,24.992,24.984,24.969,25.055,25.016,24.953,25.008],"Pulser":28.281,"ControlTemperature":28.32,"Timestamp":1732543953}],"DMMResistanceResult":{"Identifier":{"Type":2,"ID":"163ccccd-90a2-4d01-927e-9ff420e83ea6"},"StartTimestamp":1732538725,"EndTimestamp":1732538727,"ErrorHappened":false,"ErrorMessage":null,"CorrectionPercentage":0,"Voltages":[29.999998232735635,29.999998232735635,29.999998232735635,29.999998232735635,29.999998232735635,29.999998232735635],"Currents":[3.2440074053843686E-06,3.2197004752997234E-06,3.2082222027597597E-06,3.201245213568782E-06,3.198544443559374E-06,3.196068737717437E-06],"Resistance":9342263.176130798},"IVMeasurementID":{"Type":0,"ID":"baf6dfbb-e821-4de0-baed-fc83fda12419"},"SPSMeasurementID":{"Type":999,"ID":"5db07df8-3fc8-4af8-91b4-482d1caa74b2"},"IVResult":{"Identifier":{"Type":0,"ID":"baf6dfbb-e821-4de0-baed-fc83fda12419"},"StartTimestamp":1732543933,"EndTimestamp":1732543955,"ErrorHappened":false,"ErrorMessage":null,"Temperatures":[{"Block":0,"Module1":[25.008,24.953,24.992,25.039,25.016,24.977,24.969,25.047],"Module2":[25.047,24.992,24.992,24.961,25.055,25.016,24.961,25.0],"Pulser":28.273,"ControlTemperature":28.32,"Timestamp":1732543930},{"Block":0,"Module1":[25.008,24.945,24.992,25.039,25.016,24.977,24.969,25.039],"Module2":[25.039,24.992,24.984,24.969,25.055,25.016,24.953,25.008],"Pulser":28.281,"ControlTemperature":28.32,"Timestamp":1732543953}],"SMUVoltage":[37.42999543393243,37.449999106644825,37.469999028434145,37.48999895022348,37.50999887201281,37.529998793802136,37.549998715591464,37.56999863738079,37.58999855917012,37.60999848095945,37.629998402748775,37.6499983245381,37.66999824632743,37.68999816811676,37.70999808990609,37.729998011695415,37.74999793348474,37.76999785527407,37.7899977770634,37.809997698852726,37.829997620642054,37.84999754243138,37.87000121514378,37.88999738601004,37.910001058722436,37.93000098051176,37.94999715137802,37.96999707316735,37.98999699495668,38.009996916746005,38.02999683853533,38.050000511247724,38.06999668211399,38.089996603903316,38.110000276615715,38.12999644748197,38.15000012019437,38.16999629106063,38.189999963773026,38.209999885562354,38.22999980735168,38.24999972914101,38.269995900007274,38.289999572719665,38.30999949450899,38.32999941629832,38.34999933808765,38.36999925987698,38.389999181666305,38.40999910345563,38.42999902524496,38.44999894703429,38.469998868823616,38.489998790612944,38.50999871240227,38.5299986341916,38.54999855598093,38.569998477770255,38.58999839955958,38.60999832134891,38.62999824313824,38.64999816492757,38.67000183763996,38.68999800850622,38.70999793029555,38.72999785208488,38.749997773874206,38.769997695663534,38.78999761745286,38.80999753924219,38.82999746103152,38.849997382820845,38.86999730461017,38.8899972263995,38.90999714818883,38.92999706997816,38.950000742690555,38.970000664479876,38.98999683534614,39.01000050805853,39.03000042984787,39.05000035163719,39.06999652250345,39.08999644429278,39.11000011700518,39.1300000387945,39.14999620966076,39.169999882373155,39.18999980416249,39.20999972595181,39.229999647741145,39.249999569530466,39.2699994913198,39.28999941310912,39.30999933489846,39.329999256687785,39.34999917847711,39.36999534934337,39.38999902205577,39.409998943845096],"SMUCurrent":[4.1570927327307225E-06,4.108703936728876E-06,4.102852268375145E-06,4.1021770758728135E-06,4.105778102551997E-06,4.108028744226517E-06,4.111404706738284E-06,4.115230797584939E-06,4.120857401771199E-06,4.125133620952741E-06,4.134136187650768E-06,4.1377372143299785E-06,4.143813946851153E-06,4.150340807707216E-06,4.155742347726005E-06,4.164069721921673E-06,4.171946967782453E-06,4.18004927781065E-06,4.189276908676121E-06,4.1982794753741475E-06,4.207957234574506E-06,4.218310186277223E-06,4.227762881310138E-06,4.238791025515214E-06,4.2529700680645854E-06,4.2666989822790695E-06,4.28492917984254E-06,4.302484184903678E-06,4.322064767471866E-06,4.341870414207525E-06,4.3655021517898115E-06,4.391834659381506E-06,4.422218321987299E-06,4.4557528829374145E-06,4.495589240576149E-06,4.541952459070919E-06,4.597543308431187E-06,4.6668630720059115E-06,4.752837583971972E-06,4.859067871008579E-06,4.991630665636854E-06,5.158853342052545E-06,5.37739064864688E-06,5.670424194667339E-06,6.053258343500487E-06,6.562353490273344E-06,7.237545992624592E-06,8.130825673235314E-06,9.279328119734783E-06,1.0768352651586755E-05,1.2628057867229551E-05,1.4932714941921852E-05,1.7734988890846993E-05,2.1012373297259987E-05,2.4805604775469345E-05,2.911265774796799E-05,3.3885593547089006E-05,3.9063869911788236E-05,4.4699701728914167E-05,5.066187658884319E-05,5.695917199410588E-05,6.360261608890734E-05,7.052829064969161E-05,7.755816992000543E-05,8.495737948910538E-05,9.264062003752776E-05,0.00010055320097258211,0.0001087025494117943,0.0001169876115439791,0.00012555963048966319,0.00013435378776862082,0.00014327060501883893,0.00015270169389168127,0.00016204950902256693,0.00017156477189403572,0.00018136474093732928,0.00019145009134495,0.00020148007596737787,0.00021202793323910917,0.0002224472788712263,0.00023323662999463188,0.0002439832189262219,0.0002547700943437856,0.00026603005464133,0.0002774761430053559,0.00028867781168353065,0.000300247010147152,0.00031230099682746145,0.0003236545838186653,0.00033598990070828776,0.00034776953416847524,0.000360076492972999,0.00037244241858939476,0.00038505658998248837,0.00039742566649722847,0.00041019783293587224,0.00042325718125218277,0.00043561477949438285,0.00044818686388816326,0.00046111927601403174],