{"IsIVDone":true,"IsSPSDone":false,"SiPMLocation":{"Block":0,"Module":0,"Array":2,"SiPM":8},"Barcode":"00551","SiPMMeasurementDetails":{"DMMResistance":0,"IV":1,"SPS":0,"DarkCurrent":0,"ForwardResistance":0,"SPSVoltagesIsOffsets":0,"IVVoltages":[],"SPSVoltages":[],"OperatingVoltage":41.3},"Checks":{"SelectedForMeasurement":true,"DMMResistanceOK":true,"RForwardDone":true,"RForwardOK":true,"IDarkDone":true,"IDarkOK":true,"IVDone":true,"IVTemperatureOK":true,"IVMeasurementOK":true,"IVVoltageCheckOK":true,"IVCurrentCheckOK":true,"IVVbrOK":true},"Temperatures":[{"Block":0,"Module1":[25.0,24.953,25.0,25.031,25.008,24.992,24.984,25.039],"Module2":[25.031,24.992,25.0,24.961,25.047,25.016,24.961,25.0],"Pulser":27.812,"ControlTemperature":27.898,"Timestamp":1732542688},{"Block":0,"Module1":[25.0,24.953,25.0,25.031,25.016,24.992,24.977,25.047],"Module2":[25.031,24.984,25.0,24.961,25.047,25.023,24.969,25.0],"Pulser":27.844,"ControlTemperature":27.914,"Timestamp":1732542711}],"DMMResistanceResult":{"Identifier":{"Type":2,"ID":"163ccccd-90a2-4d01-927e-9ff420e83ea6"},"StartTimestamp":1732538725,"EndTimestamp":1732538727,"ErrorHappened":false,"ErrorMessage":null,"CorrectionPercentage":0,"Voltages":[29.999998232735635,29.999998232735635,29.999998232735635,29.999998232735635,29.999998232735635,29.999998232735635],"Currents":[3.2440074053843686E-06,3.2197004752997234E-06,3.2082222027597597E-06,3.201245213568782E-06,3.198544443559374E-06,3.196068737717437E-06],"Resistance":9342263.176130798},"IVMeasurementID":{"Type":0,"ID":"52e1e714-c68e-48ae-b4b3-a8c99692c87b"},"SPSMeasurementID":{"Type":999,"ID":"ec2c992c-9119-4a09-8f8e-99ac1d74f8a1"},"IVResult":{"Identifier":{"Type":0,"ID":"52e1e714-c68e-48ae-b4b3-a8c99692c87b"},"StartTimestamp":1732542690,"EndTimestamp":1732542713,"ErrorHappened":false,"ErrorMessage":null,"Temperatures":[{"Block":0,"Module1":[25.0,24.953,25.0,25.031,25.008,24.992,24.984,25.039],"Module2":[25.031,24.992,25.0,24.961,25.047,25.016,24.961,25.0],"Pulser":27.812,"ControlTemperature":27.898,"Timestamp":1732542688},{"Block":0,"Module1":[25.0,24.953,25.0,25.031,25.016,24.992,24.977,25.047],"Module2":[25.031,24.984,25.0,24.961,25.047,25.023,24.969,25.0],"Pulser":27.844,"ControlTemperature":27.914,"Timestamp":1732542711}],"SMUVoltage":[37.47999898932881,37.49999891111814,37.519995081984405,37.539998754696796,37.559998676486124,37.57999859827545,37.59999852006478,37.61999844185411,37.639998363643436,37.65999828543276,37.67999820722209,37.699998129011426,37.71999805080075,37.73999797259008,37.7599978943794,37.77999781616874,37.79999773795806,37.81999765974739,37.839997581536714,37.85999750332605,37.87999742511537,37.899997346904705,37.919997268694026,37.93999719048336,37.95999711227268,37.979997034062016,37.99999695585134,38.01999687764067,38.03999679942999,38.06000047214239,38.079996643008656,38.09999656479798,38.11999648658731,38.13999640837664,38.15999633016597,38.179996251955295,38.19999992466769,38.219999846457014,38.23999601732328,38.25999969003567,38.279999611825,38.29999578269126,38.319999455403654,38.33999937719298,38.35999929898231,38.37999922077164,38.39999914256097,38.41999906435029,38.43999898613963,38.45999890792895,38.479998829718284,38.499998751507604,38.51999867329694,38.53999859508626,38.559998516875595,38.579998438664916,38.59999836045425,38.61999828224357,38.639998204032906,38.65999812582223,38.67999804761156,38.69999796940088,38.71999789119022,38.73999781297954,38.75999773476887,38.779997656558194,38.79999757834752,38.81999750013686,38.83999742192618,38.85999734371551,38.879997265504834,38.89999718729417,38.92000086000656,38.939997030872824,38.960000703585216,38.97999687445148,38.9999967962408,39.0200004689532,39.04000039074253,39.060000312531855,39.08000023432118,39.09999640518745,39.11999632697677,39.13999999968917,39.159999921478494,39.17999984326782,39.19999976505715,39.219995935923414,39.23999585771274,39.25999577950207,39.27999945221446,39.29999937400379,39.31999929579312,39.339999217582445,39.35999913937177,39.3799990611611,39.39999898295043,39.41999890473976,39.439998826529084,39.45999874831841],"SMUCurrent":[4.8863006352700764E-06,4.856817229334059E-06,4.868520566041494E-06,4.884049993595556E-06,4.9052060253359055E-06,4.929512955420551E-06,4.952694564667949E-06,4.98015239309689E-06,5.0069350290234994E-06,5.037093627461848E-06,5.0697279317421615E-06,5.10416274936208E-06,5.139047695316886E-06,5.175733154611298E-06,5.213543934742983E-06,5.258106639898148E-06,5.30401973005803E-06,5.350833076887742E-06,5.403047963736243E-06,5.455938043087076E-06,5.515354983293971E-06,5.581073720189512E-06,5.651743868768927E-06,5.7278155573671854E-06,5.8124396843285285E-06,5.903590672145961E-06,6.005544740000999E-06,6.119877337065803E-06,6.241411987489029E-06,6.383427477150245E-06,6.540972394365551E-06,6.724849819172551E-06,6.936860264910823E-06,7.1749781540733735E-06,7.463510416744819E-06,7.803807437929851E-06,8.213649286857052E-06,8.703163851061721E-06,9.316013579029194E-06,1.008280719753279E-05,1.1065437352621312E-05,1.2333673936204401E-05,1.3978893000266961E-05,1.6156838948684665E-05,1.90237063136681E-05,2.280275874932806E-05,2.7784554095843065E-05,3.428170648180176E-05,4.267795031270705E-05,5.3289050615491925E-05,6.63893606102784E-05,8.230837423821394E-05,0.00010120093564650441,0.00012285751009525345,0.00014741133557159174,0.0001747737367935438,0.00020460914308744103,0.0002367167972159177,0.00027077193158534283,0.00030666471488200066,0.00034414780158586306,0.0003828660404406935,0.0004231570276976673,0.00046435209771528954,0.0005064249179859684,0.00054960888005135,0.0005942197489383672,0.0006394776773068043,0.0006855708188006499,0.0007327922069659246,0.0007806779845535128,0.0008295092567085602,0.0008793128060669935,0.0009288577566970263,0.0009796560896755903,0.001030583159357936,0.001083196184718653,0.0011357709491709033,0.0011890497143389384,0.001242725492698356,0.0012975925356960888,0.0013525534304516485,0.0014071571483734641,0.0014631630160584959,0.0015211778065021904,0.001577936513827344,0.0016353605108314808,0.0016940444170450053,0.0017514184498039682,0.0018085039503002599,0.0018681977194331342,0.0019273157744256703,0.00198832526868146,0.002048601954008031,0.002108096091224377,0.0021688112015491416,0.0022316587948604987,0.002290904236171812,0.00235362016694521,0.0024160637700759943],