{"IsIVDone":true,"IsSPSDone":false,"SiPMLocation":{"Block":0,"Module":1,"Array":0,"SiPM":11},"Barcode":"00548","SiPMMeasurementDetails":{"DMMResistance":0,"IV":1,"SPS":0,"DarkCurrent":0,"ForwardResistance":0,"SPSVoltagesIsOffsets":0,"IVVoltages":[],"SPSVoltages":[],"OperatingVoltage":41.25},"Checks":{"SelectedForMeasurement":true,"DMMResistanceOK":true,"RForwardDone":true,"RForwardOK":true,"IDarkDone":true,"IDarkOK":true,"IVDone":true,"IVTemperatureOK":true,"IVMeasurementOK":true,"IVVoltageCheckOK":true,"IVCurrentCheckOK":true,"IVVbrOK":true},"Temperatures":[{"Block":0,"Module1":[25.008,24.953,25.0,25.031,25.008,24.977,24.977,25.047],"Module2":[25.039,24.992,24.984,24.961,25.055,25.016,24.961,25.0],"Pulser":28.258,"ControlTemperature":28.242,"Timestamp":1732543700},{"Block":0,"Module1":[25.0,24.953,25.0,25.039,25.016,24.984,24.969,25.047],"Module2":[25.039,24.992,24.992,24.961,25.055,25.016,24.961,25.0],"Pulser":28.258,"ControlTemperature":28.258,"Timestamp":1732543723}],"DMMResistanceResult":{"Identifier":{"Type":2,"ID":"163ccccd-90a2-4d01-927e-9ff420e83ea6"},"StartTimestamp":1732538725,"EndTimestamp":1732538727,"ErrorHappened":false,"ErrorMessage":null,"CorrectionPercentage":0,"Voltages":[29.999998232735635,29.999998232735635,29.999998232735635,29.999998232735635,29.999998232735635,29.999998232735635],"Currents":[3.2440074053843686E-06,3.2197004752997234E-06,3.2082222027597597E-06,3.201245213568782E-06,3.198544443559374E-06,3.196068737717437E-06],"Resistance":9342263.176130798},"IVMeasurementID":{"Type":0,"ID":"d14d08db-e418-49be-bdc3-37880693c5e3"},"SPSMeasurementID":{"Type":999,"ID":"c937b6a1-02d5-4d27-9363-dbcb5dac6291"},"IVResult":{"Identifier":{"Type":0,"ID":"d14d08db-e418-49be-bdc3-37880693c5e3"},"StartTimestamp":1732543703,"EndTimestamp":1732543725,"ErrorHappened":false,"ErrorMessage":null,"Temperatures":[{"Block":0,"Module1":[25.008,24.953,25.0,25.031,25.008,24.977,24.977,25.047],"Module2":[25.039,24.992,24.984,24.961,25.055,25.016,24.961,25.0],"Pulser":28.258,"ControlTemperature":28.242,"Timestamp":1732543700},{"Block":0,"Module1":[25.0,24.953,25.0,25.039,25.016,24.984,24.969,25.047],"Module2":[25.039,24.992,24.992,24.961,25.055,25.016,24.961,25.0],"Pulser":28.258,"ControlTemperature":28.258,"Timestamp":1732543723}],"SMUVoltage":[37.42999543393243,37.449999106644825,37.469999028434145,37.48999895022348,37.50999887201281,37.529998793802136,37.549998715591464,37.56999863738079,37.58999855917012,37.60999848095945,37.629998402748775,37.6499983245381,37.66999824632743,37.68999816811676,37.70999808990609,37.729998011695415,37.750001684407806,37.76999785527407,37.7899977770634,37.809997698852726,37.829997620642054,37.84999754243138,37.86999746422071,37.88999738601004,37.909997307799365,37.93000098051176,37.94999715137802,37.96999707316735,37.98999699495668,38.009996916746005,38.02999683853533,38.04999676032466,38.07000043303706,38.089996603903316,38.110000276615715,38.130000198405035,38.15000012019437,38.16999629106063,38.189996212849955,38.209999885562354,38.22999980735168,38.24999972914101,38.26999965093034,38.289999572719665,38.30999574358593,38.32999941629832,38.34999933808765,38.36999925987698,38.389999181666305,38.40999910345563,38.42999902524496,38.44999894703429,38.469998868823616,38.489998790612944,38.50999871240227,38.5299986341916,38.54999855598093,38.569998477770255,38.58999839955958,38.60999832134891,38.62999824313824,38.64999816492757,38.669998086716895,38.68999800850622,38.70999793029555,38.72999785208488,38.749997773874206,38.769997695663534,38.78999761745286,38.80999753924219,38.82999746103152,38.849997382820845,38.86999730461017,38.8899972263995,38.91000089911189,38.93000082090122,38.949996991767485,38.96999691355681,38.99000058626921,39.00999675713547,39.03000042984787,39.049996600714124,39.06999652250345,39.08999644429278,39.11000011700518,39.1300000387945,39.149999960583834,39.169999882373155,39.18999605323942,39.20999972595181,39.229995896818075,39.2499958186074,39.2699994913198,39.28999566218606,39.309995583975386,39.329999256687785,39.34999917847711,39.36999910026644,39.38999902205577,39.409998943845096],"SMUCurrent":[4.271200265628083E-06,4.224386918798398E-06,4.222361341291322E-06,4.226862624640335E-06,4.2311388438219045E-06,4.237890768845411E-06,4.246668271375967E-06,4.251844747227339E-06,4.257921479748514E-06,4.267824303116316E-06,4.276376741479428E-06,4.288755270689194E-06,4.300233543229185E-06,4.311711815769149E-06,4.323190088309113E-06,4.336468874188682E-06,4.349522595900807E-06,4.364151766785094E-06,4.3817067718462325E-06,4.396561006897963E-06,4.415691461131236E-06,4.433246466192375E-06,4.454852626267612E-06,4.476458786342849E-06,4.499415331422804E-06,4.525072646512139E-06,4.555456309117959E-06,4.586740228393555E-06,4.621625174348388E-06,4.661686596154539E-06,4.706249301309731E-06,4.753962904809219E-06,4.810454010839289E-06,4.88089909525126E-06,4.957195848016963E-06,5.051947862513579E-06,5.163804753736419E-06,5.299518446709044E-06,5.4644904814501875E-06,5.674025221346523E-06,5.939826003105485E-06,6.279672895955602E-06,6.729576166688981E-06,7.3201445420789126E-06,8.103367844806346E-06,9.15081648012058E-06,1.0539462393289675E-05,1.2383863245545853E-05,1.476706771467835E-05,1.7847520974572192E-05,2.1731228248096624E-05,2.646522794624872E-05,3.221584248877436E-05,3.895944013809125E-05,4.665438402322104E-05,5.524260758896155E-05,6.480063265224592E-05,7.518194244006391E-05,8.614301752323418E-05,9.790307040085343E-05,0.00010998046375457778,0.0001227960675775395,0.00013610816295389684,0.0001500184788873374,0.00016430307653124798,0.0001789203190146503,0.0001938816846100843,0.000209296104374596,0.00022502741448687788,0.00024132408578779523,0.00025756089002017073,0.0002747927029368445,0.0002922027666741391,0.00030957704520880903,0.0003281288594675796,0.0003463207961225969,0.00036501102484434944,0.0003841635353660451,0.0004031049356986723,0.00042267674076432816,0.000442922613011498,0.00046264453587684324,0.0004827315128217931,0.0005031405565903644,0.0005243197699399511,0.0005451708397333952,0.0005666772963824548,0.0005879134509664064,0.0006101963789931699,0.0006321873987947504,0.000654324935369341,0.0006765419195950415,0.0007003816164680597,0.0007227500688784543,0.0007451702860473626,0.0007676301145097422,0.0007909172788516695,0.0008145631954765129,0.0008386335831211676,0.0008631421706998485],