{"IsIVDone":true,"IsSPSDone":false,"SiPMLocation":{"Block":0,"Module":1,"Array":0,"SiPM":8},"Barcode":"00548","SiPMMeasurementDetails":{"DMMResistance":0,"IV":1,"SPS":0,"DarkCurrent":0,"ForwardResistance":0,"SPSVoltagesIsOffsets":0,"IVVoltages":[],"SPSVoltages":[],"OperatingVoltage":41.2},"Checks":{"SelectedForMeasurement":true,"DMMResistanceOK":true,"RForwardDone":true,"RForwardOK":true,"IDarkDone":true,"IDarkOK":true,"IVDone":true,"IVTemperatureOK":true,"IVMeasurementOK":true,"IVVoltageCheckOK":true,"IVCurrentCheckOK":true,"IVVbrOK":true},"Temperatures":[{"Block":0,"Module1":[25.0,24.953,25.0,25.031,25.008,24.984,24.969,25.055],"Module2":[25.039,24.992,24.992,24.961,25.055,25.016,24.961,25.0],"Pulser":28.234,"ControlTemperature":28.156,"Timestamp":1732543424},{"Block":0,"Module1":[25.0,24.945,25.0,25.039,25.008,24.977,24.969,25.047],"Module2":[25.039,24.992,24.984,24.961,25.055,25.023,24.953,25.0],"Pulser":28.227,"ControlTemperature":28.156,"Timestamp":1732543447}],"DMMResistanceResult":{"Identifier":{"Type":2,"ID":"163ccccd-90a2-4d01-927e-9ff420e83ea6"},"StartTimestamp":1732538725,"EndTimestamp":1732538727,"ErrorHappened":false,"ErrorMessage":null,"CorrectionPercentage":0,"Voltages":[29.999998232735635,29.999998232735635,29.999998232735635,29.999998232735635,29.999998232735635,29.999998232735635],"Currents":[3.2440074053843686E-06,3.2197004752997234E-06,3.2082222027597597E-06,3.201245213568782E-06,3.198544443559374E-06,3.196068737717437E-06],"Resistance":9342263.176130798},"IVMeasurementID":{"Type":0,"ID":"156eb9f5-fb9e-405b-a6bb-5998b5369172"},"SPSMeasurementID":{"Type":999,"ID":"b2d7f7ec-3653-4341-9f6a-53db80c6290b"},"IVResult":{"Identifier":{"Type":0,"ID":"156eb9f5-fb9e-405b-a6bb-5998b5369172"},"StartTimestamp":1732543426,"EndTimestamp":1732543449,"ErrorHappened":false,"ErrorMessage":null,"Temperatures":[{"Block":0,"Module1":[25.0,24.953,25.0,25.031,25.008,24.984,24.969,25.055],"Module2":[25.039,24.992,24.992,24.961,25.055,25.016,24.961,25.0],"Pulser":28.234,"ControlTemperature":28.156,"Timestamp":1732543424},{"Block":0,"Module1":[25.0,24.945,25.0,25.039,25.008,24.977,24.969,25.047],"Module2":[25.039,24.992,24.984,24.961,25.055,25.023,24.953,25.0],"Pulser":28.227,"ControlTemperature":28.156,"Timestamp":1732543447}],"SMUVoltage":[37.37999938038217,37.39999930217151,37.419995473037766,37.439999145750164,37.459999067539485,37.47999898932881,37.49999891111814,37.51999883290747,37.539998754696796,37.559998676486124,37.57999859827545,37.59999852006478,37.61999844185411,37.639998363643436,37.65999828543276,37.67999820722209,37.699998129011426,37.71999805080075,37.740001723513146,37.7599978943794,37.77999781616874,37.79999773795806,37.81999765974739,37.839997581536714,37.85999750332605,37.87999742511537,37.899997346904705,37.9200010196171,37.93999719048336,37.96000086319575,37.98000078498508,37.99999695585134,38.01999687764067,38.03999679942999,38.06000047214239,38.079996643008656,38.10000031572105,38.120000237510375,38.13999640837664,38.16000008108903,38.18000000287836,38.19999992466769,38.219999846457014,38.23999976824634,38.259995939112606,38.279999611825,38.299999533614326,38.319999455403654,38.33999937719298,38.35999929898231,38.37999922077164,38.39999914256097,38.41999906435029,38.43999898613963,38.45999890792895,38.479998829718284,38.499998751507604,38.51999867329694,38.53999859508626,38.559998516875595,38.579998438664916,38.59999836045425,38.61999828224357,38.639998204032906,38.65999812582223,38.67999804761156,38.69999796940088,38.71999789119022,38.73999781297954,38.75999773476887,38.780001407481265,38.79999757834752,38.81999750013686,38.83999742192618,38.86000109463858,38.879997265504834,38.90000093821723,38.92000086000656,38.94000078179589,38.959996952662145,38.980000625374544,38.9999967962408,39.0200004689532,39.04000039074253,39.05999656160879,39.08000023432118,39.09999640518745,39.12000007789984,39.13999999968917,39.159999921478494,39.17999609234476,39.199996014134086,39.21999968684648,39.239999608635806,39.259999530425134,39.27999945221446,39.29999937400379,39.31999929579312,39.339999217582445,39.35999913937177],"SMUCurrent":[4.3432207992122156E-06,4.2997834148942975E-06,4.2966325165499746E-06,4.3022591207362345E-06,4.3074355965875796E-06,4.317563484122853E-06,4.32454047331383E-06,4.334668360849104E-06,4.349297531733363E-06,4.358075034263946E-06,4.3706786276411565E-06,4.383057156850923E-06,4.394985557725802E-06,4.4089395361077296E-06,4.425819348666509E-06,4.44292422539276E-06,4.458678717114266E-06,4.479159556352257E-06,4.496039368911037E-06,4.51742046481883E-06,4.538351432391708E-06,4.563108490811268E-06,4.588765805900631E-06,4.61667376266446E-06,4.649983259447132E-06,4.682392499559974E-06,4.720428343859103E-06,4.760939894000196E-06,4.804377278318114E-06,4.852090881817602E-06,4.909482244517448E-06,4.975426045580433E-06,5.047446579164566E-06,5.13229577029338E-06,5.229748554799404E-06,5.34790724271089E-06,5.487447026530142E-06,5.651968932936398E-06,5.858802902823326E-06,6.111549962870135E-06,6.4345170431615E-06,6.850210560442404E-06,7.390364562323413E-06,8.1022425239691E-06,9.041435294739704E-06,1.0283564434898542E-05,1.1946563568189685E-05,1.415916939839475E-05,1.702581169921074E-05,2.0745897322998693E-05,2.5429482647641895E-05,3.127687478217121E-05,3.8284697764074874E-05,4.6614547665582316E-05,5.630671097266713E-05,6.713612351787891E-05,7.91910104548582E-05,9.233453276979519E-05,0.00010639609182376241,0.00012133855202913059,0.00013708134041395245,0.00015351890188369373,0.00017052655088958693,0.00018796587296865007,0.00020620147207215273,0.00022508188001540088,0.00024449591509967394,0.0002643922626947933,0.000284588620825124,0.00030546962415283895,0.0003270499018488223,0.0003488838268615222,0.00037148657107023285,0.0003938430950797527,0.00041687458652745634,0.00044034945438503734,0.00046481550483606996,0.0004888003680970936,0.0005135806081258869,0.0005386655850374083,0.0005640775801842349,0.0005892570840460853,0.000615035258593354,0.0006418331988833404,0.0006677394349418882,0.0006953865423356651,0.000723128626808106,0.0007501804394789765,0.0007775383394175795,0.000805815851544385,0.0008343134764269569,0.0008633681351239686,0.000891709115345995,0.0009207808789197332,0.0009500529496025019,0.000980052652738638,0.0010096548925550566,0.0010388887023293587,0.0010691699607389754,0.0011002009078903692],