{"IsIVDone":true,"IsSPSDone":false,"SiPMLocation":{"Block":0,"Module":1,"Array":2,"SiPM":8},"Barcode":"00547","SiPMMeasurementDetails":{"DMMResistance":0,"IV":1,"SPS":0,"DarkCurrent":0,"ForwardResistance":0,"SPSVoltagesIsOffsets":0,"IVVoltages":[],"SPSVoltages":[],"OperatingVoltage":41.2},"Checks":{"SelectedForMeasurement":true,"DMMResistanceOK":true,"RForwardDone":true,"RForwardOK":true,"IDarkDone":true,"IDarkOK":true,"IVDone":true,"IVTemperatureOK":true,"IVMeasurementOK":true,"IVVoltageCheckOK":true,"IVCurrentCheckOK":true,"IVVbrOK":true},"Temperatures":[{"Block":0,"Module1":[25.008,24.945,24.992,25.039,25.016,24.977,24.969,25.047],"Module2":[25.039,24.992,24.984,24.969,25.055,25.016,24.953,25.008],"Pulser":28.32,"ControlTemperature":28.398,"Timestamp":1732544162},{"Block":0,"Module1":[25.0,24.945,25.0,25.039,25.023,24.984,24.977,25.055],"Module2":[25.039,24.992,24.984,24.969,25.047,25.016,24.953,25.0],"Pulser":28.328,"ControlTemperature":28.398,"Timestamp":1732544185}],"DMMResistanceResult":{"Identifier":{"Type":2,"ID":"163ccccd-90a2-4d01-927e-9ff420e83ea6"},"StartTimestamp":1732538725,"EndTimestamp":1732538727,"ErrorHappened":false,"ErrorMessage":null,"CorrectionPercentage":0,"Voltages":[29.999998232735635,29.999998232735635,29.999998232735635,29.999998232735635,29.999998232735635,29.999998232735635],"Currents":[3.2440074053843686E-06,3.2197004752997234E-06,3.2082222027597597E-06,3.201245213568782E-06,3.198544443559374E-06,3.196068737717437E-06],"Resistance":9342263.176130798},"IVMeasurementID":{"Type":0,"ID":"7afb51fb-e0e7-4241-9ca0-cc9f91254a0f"},"SPSMeasurementID":{"Type":999,"ID":"5abd43af-4620-46c4-b368-73f1b72f55a5"},"IVResult":{"Identifier":{"Type":0,"ID":"7afb51fb-e0e7-4241-9ca0-cc9f91254a0f"},"StartTimestamp":1732544165,"EndTimestamp":1732544187,"ErrorHappened":false,"ErrorMessage":null,"Temperatures":[{"Block":0,"Module1":[25.008,24.945,24.992,25.039,25.016,24.977,24.969,25.047],"Module2":[25.039,24.992,24.984,24.969,25.055,25.016,24.953,25.008],"Pulser":28.32,"ControlTemperature":28.398,"Timestamp":1732544162},{"Block":0,"Module1":[25.0,24.945,25.0,25.039,25.023,24.984,24.977,25.055],"Module2":[25.039,24.992,24.984,24.969,25.047,25.016,24.953,25.0],"Pulser":28.328,"ControlTemperature":28.398,"Timestamp":1732544185}],"SMUVoltage":[37.38999934127684,37.4099955121431,37.4299991848555,37.449999106644825,37.469999028434145,37.48999895022348,37.50999887201281,37.529998793802136,37.549998715591464,37.56999863738079,37.58999855917012,37.60999848095945,37.629998402748775,37.6499983245381,37.66999824632743,37.68999816811676,37.70999808990609,37.729998011695415,37.74999793348474,37.770001606197134,37.7899977770634,37.809997698852726,37.829997620642054,37.84999754243138,37.86999746422071,37.88999738601004,37.910001058722436,37.93000098051176,37.95000090230109,37.96999707316735,37.99000074587975,38.01000066766907,38.02999683853533,38.050000511247724,38.07000043303706,38.089996603903316,38.109996525692644,38.12999644748197,38.15000012019437,38.17000004198369,38.189999963773026,38.20999613463928,38.22999980735168,38.24999972914101,38.26999965093034,38.289995821796595,38.30999949450899,38.32999941629832,38.34999933808765,38.36999925987698,38.389999181666305,38.40999910345563,38.42999902524496,38.44999894703429,38.469998868823616,38.489998790612944,38.50999871240227,38.5299986341916,38.54999855598093,38.569998477770255,38.58999839955958,38.60999832134891,38.62999824313824,38.64999816492757,38.669998086716895,38.68999800850622,38.70999793029555,38.72999785208488,38.749997773874206,38.769997695663534,38.78999761745286,38.80999753924219,38.83000121195458,38.849997382820845,38.86999730461017,38.8899972263995,38.90999714818883,38.92999706997816,38.949996991767485,38.970000664479876,38.99000058626921,39.00999675713547,39.029996678924796,39.049996600714124,39.06999652250345,39.09000019521584,39.11000011700518,39.1300000387945,39.149999960583834,39.16999613145009,39.18999980416249,39.20999972595181,39.229999647741145,39.249999569530466,39.2699994913198,39.28999941310912,39.30999933489846,39.329999256687785,39.34999917847711,39.36999910026644],"SMUCurrent":[5.093809797659363E-06,5.062300814216296E-06,5.077830241770386E-06,5.097635888506017E-06,5.120367369418501E-06,5.146699877010195E-06,5.180009373792867E-06,5.211968485570822E-06,5.2452779823534935E-06,5.28151331331299E-06,5.318423836774873E-06,5.358035130246136E-06,5.402597835401328E-06,5.448735989728681E-06,5.496449593228142E-06,5.545288517564903E-06,5.6006543027577E-06,5.659621114629707E-06,5.721963889013482E-06,5.791058588420762E-06,5.863079122004868E-06,5.940726259775288E-06,6.024675194234299E-06,6.117176567056395E-06,6.217330121571855E-06,6.329412076962139E-06,6.453422433227329E-06,6.586210292023074E-06,6.738353669219564E-06,6.9089523081469675E-06,7.10160723548455E-06,7.3205946704138E-06,7.570640960451202E-06,7.864799827308908E-06,8.206222169331186E-06,8.613138184081535E-06,9.097251208267415E-06,9.692770995341221E-06,1.0420853577043301E-05,1.1331913326882606E-05,1.2498195842610684E-05,1.398879582363479E-05,1.5937626449587944E-05,1.849683109766666E-05,2.1871443224418235E-05,2.632276232825259E-05,3.219266087952697E-05,3.9825036926105544E-05,4.9605875515165815E-05,6.203729480428968E-05,7.737339223852862E-05,9.599497638920879E-05,0.00011794053322896417,0.00014325102443627074,0.00017189381570684823,0.00020388196076240873,0.0002386827327185971,0.0002761896762242093,0.00031600420263869065,0.00035773672588818446,0.0004014264071378271,0.0004468664124177316,0.0004934891298975881,0.0005414174446128245,0.0005909542929328289,0.0006412237251178846,0.0006929959107490067,0.0007453858975197802,0.0007990306170240896,0.00085344325546774,0.0009089794142353029,0.0009655166584196853,0.0010224770232388743,0.0010802057571257392,0.0011394401702928473,0.0011984144092823828,0.0012583147873209766,0.0013185003216597303,0.0013795843121549459,0.0014417040479487685,0.001505060061214396,0.0015673990095073154,0.001631490982600506,0.001695031098355108,0.0017593488108082513,0.0018250461666078654,0.0018899056085120618,0.0019568977584670183,0.002022366899200838,0.0020889206241576012,0.0021574855225147014,0.0022247828594807208,0.002291954610641303,0.0023623486054872725,0.002430193298508531,0.0024985128769231106,0.002568480375171762,0.0026385586049907984,0.0027098332759240016,0.0027806846011582302],