{"IsIVDone":true,"IsSPSDone":false,"SiPMLocation":{"Block":0,"Module":1,"Array":3,"SiPM":4},"Barcode":"00546","SiPMMeasurementDetails":{"DMMResistance":0,"IV":1,"SPS":0,"DarkCurrent":0,"ForwardResistance":0,"SPSVoltagesIsOffsets":0,"IVVoltages":[],"SPSVoltages":[],"OperatingVoltage":41.3},"Checks":{"SelectedForMeasurement":true,"DMMResistanceOK":true,"RForwardDone":true,"RForwardOK":true,"IDarkDone":true,"IDarkOK":true,"IVDone":true,"IVTemperatureOK":true,"IVMeasurementOK":true,"IVVoltageCheckOK":true,"IVCurrentCheckOK":true,"IVVbrOK":true},"Temperatures":[{"Block":0,"Module1":[25.008,24.945,25.0,25.039,25.016,24.984,24.969,25.055],"Module2":[25.047,24.984,24.977,24.961,25.055,25.016,24.945,25.008],"Pulser":28.367,"ControlTemperature":28.5,"Timestamp":1732544508},{"Block":0,"Module1":[25.008,24.945,25.0,25.039,25.016,24.977,24.969,25.055],"Module2":[25.047,24.992,24.984,24.969,25.062,25.016,24.945,25.0],"Pulser":28.375,"ControlTemperature":28.5,"Timestamp":1732544531}],"DMMResistanceResult":{"Identifier":{"Type":2,"ID":"163ccccd-90a2-4d01-927e-9ff420e83ea6"},"StartTimestamp":1732538725,"EndTimestamp":1732538727,"ErrorHappened":false,"ErrorMessage":null,"CorrectionPercentage":0,"Voltages":[29.999998232735635,29.999998232735635,29.999998232735635,29.999998232735635,29.999998232735635,29.999998232735635],"Currents":[3.2440074053843686E-06,3.2197004752997234E-06,3.2082222027597597E-06,3.201245213568782E-06,3.198544443559374E-06,3.196068737717437E-06],"Resistance":9342263.176130798},"IVMeasurementID":{"Type":0,"ID":"94d4fd16-907c-43b4-a464-e8a25ea2fdf2"},"SPSMeasurementID":{"Type":999,"ID":"f3a87bc5-8b77-4af3-91f4-fe2f3dca7332"},"IVResult":{"Identifier":{"Type":0,"ID":"94d4fd16-907c-43b4-a464-e8a25ea2fdf2"},"StartTimestamp":1732544511,"EndTimestamp":1732544533,"ErrorHappened":false,"ErrorMessage":null,"Temperatures":[{"Block":0,"Module1":[25.008,24.945,25.0,25.039,25.016,24.984,24.969,25.055],"Module2":[25.047,24.984,24.977,24.961,25.055,25.016,24.945,25.008],"Pulser":28.367,"ControlTemperature":28.5,"Timestamp":1732544508},{"Block":0,"Module1":[25.008,24.945,25.0,25.039,25.016,24.977,24.969,25.055],"Module2":[25.047,24.992,24.984,24.969,25.062,25.016,24.945,25.0],"Pulser":28.375,"ControlTemperature":28.5,"Timestamp":1732544531}],"SMUVoltage":[37.47999898932881,37.49999516019508,37.51999883290747,37.539998754696796,37.559998676486124,37.57999859827545,37.59999852006478,37.61999844185411,37.639998363643436,37.65999828543276,37.67999820722209,37.699998129011426,37.71999805080075,37.73999797259008,37.7599978943794,37.77999781616874,37.79999773795806,37.81999765974739,37.839997581536714,37.85999750332605,37.87999742511537,37.899997346904705,37.9200010196171,37.93999719048336,37.95999711227268,37.979997034062016,38.00000070677441,38.01999687764067,38.03999679942999,38.06000047214239,38.08000039393172,38.09999656479798,38.11999648658731,38.13999640837664,38.16000008108903,38.179996251955295,38.19999992466769,38.219999846457014,38.23999976824634,38.25999969003567,38.279999611825,38.299999533614326,38.319999455403654,38.33999937719298,38.35999929898231,38.37999922077164,38.39999914256097,38.41999906435029,38.43999898613963,38.45999890792895,38.479998829718284,38.499998751507604,38.51999867329694,38.53999859508626,38.559998516875595,38.579998438664916,38.59999836045425,38.61999828224357,38.639998204032906,38.65999812582223,38.67999804761156,38.69999796940088,38.71999789119022,38.73999781297954,38.75999773476887,38.779997656558194,38.79999757834752,38.82000125105992,38.83999742192618,38.85999734371551,38.879997265504834,38.90000093821723,38.91999710908349,38.939997030872824,38.959996952662145,38.980000625374544,38.9999967962408,39.019996718030136,39.04000039074253,39.05999656160879,39.08000023432118,39.09999640518745,39.11999632697677,39.13999999968917,39.159999921478494,39.17999984326782,39.19999976505715,39.21999968684648,39.239999608635806,39.259999530425134,39.27999945221446,39.299995623080726,39.31999929579312,39.33999546665938,39.35999913937177,39.3799990611611,39.39999898295043,39.41999890473976,39.439998826529084,39.45999874831841],"SMUCurrent":[4.641655885251464E-06,4.604970425957052E-06,4.60767119596646E-06,4.618024147669177E-06,4.633103446888352E-06,4.649083002777329E-06,4.665962815336109E-06,4.684193012899606E-06,4.702198146295633E-06,4.722678985533623E-06,4.744960338111219E-06,4.768592075693505E-06,4.795149647452644E-06,4.820806962542006E-06,4.851415689315243E-06,4.879773774414014E-06,4.909707308684892E-06,4.942566677132676E-06,4.978126815589841E-06,5.016837852391302E-06,5.058249659202198E-06,5.101687043520116E-06,5.149850775354518E-06,5.2013904697006605E-06,5.260132217405224E-06,5.322249927621527E-06,5.3904443703590055E-06,5.466065930622349E-06,5.5522655067558534E-06,5.645667136247779E-06,5.751447294949499E-06,5.8729819453726974E-06,6.0100460233500125E-06,6.170291710574699E-06,6.356869905391107E-06,6.576307468655245E-06,6.83738190289775E-06,7.157423149012235E-06,7.5476844153712745E-06,8.037874172078276E-06,8.649373515041059E-06,9.44182444863399E-06,1.0463390704691444E-05,1.1800947051849258E-05,1.3591782632252244E-05,1.5939201898760105E-05,1.905746593878566E-05,2.3168037893100095E-05,2.850363411084716E-05,3.533208095129285E-05,4.3919179196196114E-05,5.452690353646922E-05,6.728624131756832E-05,8.23094995590512E-05,9.95523406199301E-05,0.00011883651367958429,0.0001401509905938087,0.00016350837495598055,0.00018837301404756786,0.00021478384396953954,0.00024248114067265783,0.00027143159466014,0.0003012107349121746,0.0003323040248379523,0.0003639896836524594,0.00039664806979868727,0.0004304103956862594,0.0004648533156162016,0.0005001568809224742,0.0005358594849976365,0.0005724229595132965,0.000609574301634337,0.0006474832097430157,0.0006862124767420511,0.0007256772534403145,0.0007649941629805629,0.0008056450278412899,0.0008465914019538796,0.0008877893978056786,0.0009302504537652094,0.0009722793865232354,0.001014978110243594,0.0010587191061234152,0.0011025080406709036,0.0011471234108412698,0.001192199037234072,0.0012374211803998845,0.0012824362645316428,0.0013286066030349238,0.0013749711719147147,0.001421714748852492,0.0014683577221074192,0.0015159371873631074,0.0015629249589225686,0.0016115095607500904,0.0016596600137986,0.0017092981409939573,0.0017574830288600873,0.0018070853708528197,0.001856173891351263],