{"IsIVDone":true,"IsSPSDone":false,"SiPMLocation":{"Block":0,"Module":1,"Array":1,"SiPM":8},"Barcode":"00549","SiPMMeasurementDetails":{"DMMResistance":0,"IV":1,"SPS":0,"DarkCurrent":0,"ForwardResistance":0,"SPSVoltagesIsOffsets":0,"IVVoltages":[],"SPSVoltages":[],"OperatingVoltage":41.2},"Checks":{"SelectedForMeasurement":true,"DMMResistanceOK":true,"RForwardDone":true,"RForwardOK":true,"IDarkDone":true,"IDarkOK":true,"IVDone":true,"IVTemperatureOK":true,"IVMeasurementOK":true,"IVVoltageCheckOK":true,"IVCurrentCheckOK":true,"IVVbrOK":true},"Temperatures":[{"Block":0,"Module1":[25.016,24.945,25.0,25.039,25.016,24.977,24.977,25.047],"Module2":[25.031,24.992,24.984,24.969,25.047,25.016,24.961,25.0],"Pulser":28.281,"ControlTemperature":28.281,"Timestamp":1732543792},{"Block":0,"Module1":[25.008,24.945,25.0,25.039,25.008,24.984,24.969,25.047],"Module2":[25.039,24.992,24.992,24.961,25.047,25.016,24.953,25.0],"Pulser":28.281,"ControlTemperature":28.289,"Timestamp":1732543815}],"DMMResistanceResult":{"Identifier":{"Type":2,"ID":"163ccccd-90a2-4d01-927e-9ff420e83ea6"},"StartTimestamp":1732538725,"EndTimestamp":1732538727,"ErrorHappened":false,"ErrorMessage":null,"CorrectionPercentage":0,"Voltages":[29.999998232735635,29.999998232735635,29.999998232735635,29.999998232735635,29.999998232735635,29.999998232735635],"Currents":[3.2440074053843686E-06,3.2197004752997234E-06,3.2082222027597597E-06,3.201245213568782E-06,3.198544443559374E-06,3.196068737717437E-06],"Resistance":9342263.176130798},"IVMeasurementID":{"Type":0,"ID":"b624eb50-9f17-4799-873c-b12de4223a57"},"SPSMeasurementID":{"Type":999,"ID":"6388f14c-3871-4cd2-a779-b7b2521a13bd"},"IVResult":{"Identifier":{"Type":0,"ID":"b624eb50-9f17-4799-873c-b12de4223a57"},"StartTimestamp":1732543795,"EndTimestamp":1732543817,"ErrorHappened":false,"ErrorMessage":null,"Temperatures":[{"Block":0,"Module1":[25.016,24.945,25.0,25.039,25.016,24.977,24.977,25.047],"Module2":[25.031,24.992,24.984,24.969,25.047,25.016,24.961,25.0],"Pulser":28.281,"ControlTemperature":28.281,"Timestamp":1732543792},{"Block":0,"Module1":[25.008,24.945,25.0,25.039,25.008,24.984,24.969,25.047],"Module2":[25.039,24.992,24.992,24.961,25.047,25.016,24.953,25.0],"Pulser":28.281,"ControlTemperature":28.289,"Timestamp":1732543815}],"SMUVoltage":[37.37999938038217,37.39999930217151,37.41999922396083,37.439999145750164,37.459999067539485,37.47999898932881,37.49999891111814,37.51999883290747,37.539998754696796,37.559998676486124,37.57999859827545,37.59999852006478,37.619994690931044,37.639998363643436,37.65999828543276,37.67999820722209,37.699998129011426,37.71999805080075,37.73999797259008,37.7599978943794,37.77999781616874,37.79999773795806,37.81999765974739,37.839997581536714,37.85999750332605,37.87999742511537,37.899997346904705,37.9200010196171,37.93999719048336,37.95999711227268,37.979997034062016,37.99999695585134,38.01999687764067,38.03999679942999,38.05999672121933,38.079996643008656,38.09999656479798,38.11999648658731,38.1400001592997,38.16000008108903,38.18000000287836,38.19999992466769,38.219999846457014,38.23999601732328,38.259995939112606,38.279999611825,38.299999533614326,38.319999455403654,38.33999937719298,38.35999929898231,38.37999922077164,38.39999914256097,38.41999906435029,38.43999898613963,38.45999890792895,38.479998829718284,38.499998751507604,38.51999867329694,38.53999859508626,38.559998516875595,38.579998438664916,38.59999836045425,38.61999828224357,38.639998204032906,38.65999812582223,38.67999804761156,38.69999796940088,38.71999789119022,38.73999781297954,38.75999773476887,38.779997656558194,38.79999757834752,38.81999750013686,38.83999742192618,38.85999734371551,38.879997265504834,38.90000093821723,38.92000086000656,38.939997030872824,38.960000703585216,38.980000625374544,38.9999967962408,39.019996718030136,39.03999663981946,39.05999656160879,39.08000023432118,39.09999640518745,39.12000007789984,39.13999999968917,39.159996170555424,39.17999984326782,39.199996014134086,39.21999968684648,39.23999585771274,39.25999577950207,39.27999945221446,39.29999937400379,39.31999929579312,39.339999217582445,39.35999913937177],"SMUCurrent":[4.227087688807806E-06,4.180499406145538E-06,4.1762231869639955E-06,4.178248764471045E-06,4.181399662815368E-06,4.186126010331825E-06,4.193328063690219E-06,4.198504539541591E-06,4.207507106239618E-06,4.214934223765483E-06,4.224386918798398E-06,4.232714292994039E-06,4.2448677580363885E-06,4.254320453069303E-06,4.2637731481022176E-06,4.275476484809625E-06,4.288980334856665E-06,4.301133799898961E-06,4.315762970783275E-06,4.328366564160485E-06,4.344796248384377E-06,4.361676060943157E-06,4.381031579343901E-06,4.401512418581864E-06,4.42244338615477E-06,4.446750316239415E-06,4.473307887998553E-06,4.5023411655996555E-06,4.53655091905213E-06,4.575487020021035E-06,4.616223634329572E-06,4.661011403652208E-06,4.719303023021856E-06,4.783446310745236E-06,4.861093448515629E-06,4.955170270509886E-06,5.0670271617327535E-06,5.2067920097194765E-06,5.381216739493535E-06,5.602229751929861E-06,5.890987078768751E-06,6.265268789238786E-06,6.7610851501320474E-06,7.417597326584937E-06,8.29107136046E-06,9.459604517862572E-06,1.0988015279018363E-05,1.297668226261025E-05,1.5520807611469793E-05,1.874980322188094E-05,2.2714533595687505E-05,2.7484543560631655E-05,3.305713234670402E-05,3.94199214246948E-05,4.664605664902538E-05,5.447828967629993E-05,6.298684052676299E-05,7.208821039429046E-05,8.178892613973838E-05,9.195282394179927E-05,0.00010255672219122572,0.00011359837024634325,0.00012493372703998356,0.0001367919078946112,0.00014892264145602128,0.00016139457229528623,0.00017430222736273515,0.00018732466515558382,0.000200878029319448,0.00021489367528325536,0.00022905741346924507,0.00024363504465917612,0.00025836661973964323,0.00027365005215869876,0.0002891569732960326,0.00030507238589728893,0.0003205941612696745,0.00033687845404138206,0.0003533137648694489,0.0003701980787115792,0.0003869194460964755,0.00040428539725694977,0.0004213605655130781,0.00043856987201300687,0.0004561498591967265,0.0004744552281921388,0.000492261854992481,0.0005107976896953626,0.0005292167160953373,0.000547854054737739,0.000567095690669745,0.00058593401161368,0.0006054313204399097,0.0006248066444873813,0.0006449352583033095,0.0006647553091456631,0.0006837563514826647,0.0007038091186741621,0.0007249010071267779,0.0007446019990245504],