{"IsIVDone":true,"IsSPSDone":false,"SiPMLocation":{"Block":0,"Module":0,"Array":1,"SiPM":10},"Barcode":"00552","SiPMMeasurementDetails":{"DMMResistance":0,"IV":1,"SPS":0,"DarkCurrent":0,"ForwardResistance":0,"SPSVoltagesIsOffsets":0,"IVVoltages":[],"SPSVoltages":[],"OperatingVoltage":41.27},"Checks":{"SelectedForMeasurement":true,"DMMResistanceOK":true,"RForwardDone":true,"RForwardOK":true,"IDarkDone":true,"IDarkOK":true,"IVDone":true,"IVTemperatureOK":true,"IVMeasurementOK":true,"IVVoltageCheckOK":true,"IVCurrentCheckOK":true,"IVVbrOK":true},"Temperatures":[{"Block":0,"Module1":[25.0,24.953,25.0,25.031,25.016,24.992,24.977,25.039],"Module2":[25.031,24.992,24.992,24.961,25.047,25.023,24.961,25.0],"Pulser":27.523,"ControlTemperature":27.828,"Timestamp":1732542504},{"Block":0,"Module1":[25.008,24.953,25.0,25.031,25.008,24.984,24.977,25.039],"Module2":[25.039,24.992,24.992,24.961,25.039,25.023,24.961,25.008],"Pulser":27.562,"ControlTemperature":27.836,"Timestamp":1732542527}],"DMMResistanceResult":{"Identifier":{"Type":2,"ID":"163ccccd-90a2-4d01-927e-9ff420e83ea6"},"StartTimestamp":1732538725,"EndTimestamp":1732538727,"ErrorHappened":false,"ErrorMessage":null,"CorrectionPercentage":0,"Voltages":[29.999998232735635,29.999998232735635,29.999998232735635,29.999998232735635,29.999998232735635,29.999998232735635],"Currents":[3.2440074053843686E-06,3.2197004752997234E-06,3.2082222027597597E-06,3.201245213568782E-06,3.198544443559374E-06,3.196068737717437E-06],"Resistance":9342263.176130798},"IVMeasurementID":{"Type":0,"ID":"7fc11aaf-b432-45ea-88fb-490fbf9e411a"},"SPSMeasurementID":{"Type":999,"ID":"31099759-9318-4c39-a6a6-8caa2ff99ac9"},"IVResult":{"Identifier":{"Type":0,"ID":"7fc11aaf-b432-45ea-88fb-490fbf9e411a"},"StartTimestamp":1732542507,"EndTimestamp":1732542529,"ErrorHappened":false,"ErrorMessage":null,"Temperatures":[{"Block":0,"Module1":[25.0,24.953,25.0,25.031,25.016,24.992,24.977,25.039],"Module2":[25.031,24.992,24.992,24.961,25.047,25.023,24.961,25.0],"Pulser":27.523,"ControlTemperature":27.828,"Timestamp":1732542504},{"Block":0,"Module1":[25.008,24.953,25.0,25.031,25.008,24.984,24.977,25.039],"Module2":[25.039,24.992,24.992,24.961,25.039,25.023,24.961,25.008],"Pulser":27.562,"ControlTemperature":27.836,"Timestamp":1732542527}],"SMUVoltage":[37.459999067539485,37.47999898932881,37.49999891111814,37.51999883290747,37.539998754696796,37.559998676486124,37.57999859827545,37.599994769141716,37.61999844185411,37.639998363643436,37.65999828543276,37.67999820722209,37.699998129011426,37.71999805080075,37.73999797259008,37.7599978943794,37.77999781616874,37.79999773795806,37.81999765974739,37.839997581536714,37.85999750332605,37.87999742511537,37.899997346904705,37.919997268694026,37.93999719048336,37.95999711227268,37.98000078498508,37.99999695585134,38.01999687764067,38.03999679942999,38.05999672121933,38.079996643008656,38.10000031572105,38.120000237510375,38.1400001592997,38.15999633016597,38.179996251955295,38.19999992466769,38.219999846457014,38.23999601732328,38.25999969003567,38.279999611825,38.299999533614326,38.319999455403654,38.33999937719298,38.35999929898231,38.37999922077164,38.39999914256097,38.41999906435029,38.43999898613963,38.45999890792895,38.479998829718284,38.499998751507604,38.51999867329694,38.53999859508626,38.559998516875595,38.579998438664916,38.59999836045425,38.61999828224357,38.639998204032906,38.65999812582223,38.67999804761156,38.69999796940088,38.71999789119022,38.73999781297954,38.75999773476887,38.779997656558194,38.79999757834752,38.81999750013686,38.83999742192618,38.86000109463858,38.880001016427904,38.89999718729417,38.92000086000656,38.939997030872824,38.960000703585216,38.97999687445148,39.00000054716387,39.019996718030136,39.04000039074253,39.060000312531855,39.07999648339811,39.09999640518745,39.12000007789984,39.13999999968917,39.159996170555424,39.17999984326782,39.199996014134086,39.21999968684648,39.239999608635806,39.259999530425134,39.27999945221446,39.29999937400379,39.31999929579312,39.33999546665938,39.35999538844871,39.3799990611611,39.39999898295043,39.41999890473976,39.439998826529084],"SMUCurrent":[4.816530743360437E-06,4.781645797405631E-06,4.791323556605989E-06,4.807303112494966E-06,4.829359400905118E-06,4.8507404968129114E-06,4.8725717210555924E-06,4.898679164479843E-06,4.92591192874134E-06,4.953594821337752E-06,4.98240303477141E-06,5.015487467386611E-06,5.0478967074994805E-06,5.082106460951928E-06,5.1219428185906625E-06,5.1626794328992E-06,5.207467202221808E-06,5.2536053565491615E-06,5.304694922560389E-06,5.35690980940889E-06,5.412725722936601E-06,5.476869010659954E-06,5.54641383840215E-06,5.6206850136607755E-06,5.7059843331245044E-06,5.797585449276825E-06,5.899989645466751E-06,6.012971857526864E-06,6.138107534629301E-06,6.282598730132454E-06,6.444869994864217E-06,6.63662466553197E-06,6.855161972126332E-06,7.109709545512747E-06,7.409269952389242E-06,7.774774160328749E-06,8.2107234526802E-06,8.759654957091764E-06,9.437998357787335E-06,1.031169745582987E-05,1.1420588608858075E-05,1.28702269114062E-05,1.4797676441451586E-05,1.73278478119292E-05,2.0696608270327044E-05,2.511709358322072E-05,3.0928700515125426E-05,3.8509536867357855E-05,4.8158037725957295E-05,6.012897572847758E-05,7.48033845104123E-05,9.215898271918385E-05,0.00011237424623958042,0.00013526012117094367,0.0001609293646611662,0.0001885294336439459,0.00021810669133777753,0.0002499219871127361,0.0002829949414554076,0.00031753756481153034,0.0003533220922436445,0.00039078334772326426,0.0004290582101682173,0.0004678937074542893,0.0005081894210587797,0.0005494479591716229,0.0005913481552258673,0.0006341717895591607,0.0006770768971210712,0.0007216693107463574,0.0007668464410786799,0.000812311203417004,0.0008595683767849033,0.0009070105528984467,0.0009544041151518209,0.0010025334121685904,0.001052226680084973,0.0011020153752083544,0.001152426147690569,0.0012030399280518237,0.0012544587629400488,0.0013061674804759498,0.0013585246078782756,0.0014118452349814563,0.0014658095456035456,0.0015188803514808564,0.0015727548615001327,0.0016284938030825685,0.0016843959161864058,0.001738401863679473,0.0017941000686476005,0.00185070640753139,0.001905758453274767,0.001962976066437352,0.002020228114417557,0.002078474045761223,0.00213704294418518,0.002193744035083466,0.002252524718888994,0.0023115396944928383],