{"IsIVDone":true,"IsSPSDone":false,"SiPMLocation":{"Block":0,"Module":1,"Array":2,"SiPM":6},"Barcode":"00547","SiPMMeasurementDetails":{"DMMResistance":0,"IV":1,"SPS":0,"DarkCurrent":0,"ForwardResistance":0,"SPSVoltagesIsOffsets":0,"IVVoltages":[],"SPSVoltages":[],"OperatingVoltage":41.15},"Checks":{"SelectedForMeasurement":true,"DMMResistanceOK":true,"RForwardDone":true,"RForwardOK":true,"IDarkDone":true,"IDarkOK":true,"IVDone":true,"IVTemperatureOK":true,"IVMeasurementOK":true,"IVVoltageCheckOK":true,"IVCurrentCheckOK":true,"IVVbrOK":true},"Temperatures":[{"Block":0,"Module1":[25.008,24.938,24.992,25.039,25.016,24.984,24.969,25.055],"Module2":[25.047,24.992,24.984,24.969,25.055,25.016,24.953,25.008],"Pulser":28.328,"ControlTemperature":28.445,"Timestamp":1732544323},{"Block":0,"Module1":[25.008,24.945,24.992,25.039,25.016,24.977,24.969,25.055],"Module2":[25.039,24.992,24.984,24.969,25.055,25.016,24.953,25.008],"Pulser":28.336,"ControlTemperature":28.453,"Timestamp":1732544346}],"DMMResistanceResult":{"Identifier":{"Type":2,"ID":"163ccccd-90a2-4d01-927e-9ff420e83ea6"},"StartTimestamp":1732538725,"EndTimestamp":1732538727,"ErrorHappened":false,"ErrorMessage":null,"CorrectionPercentage":0,"Voltages":[29.999998232735635,29.999998232735635,29.999998232735635,29.999998232735635,29.999998232735635,29.999998232735635],"Currents":[3.2440074053843686E-06,3.2197004752997234E-06,3.2082222027597597E-06,3.201245213568782E-06,3.198544443559374E-06,3.196068737717437E-06],"Resistance":9342263.176130798},"IVMeasurementID":{"Type":0,"ID":"c374879a-0a46-4432-a218-a4342c74d948"},"SPSMeasurementID":{"Type":999,"ID":"4ed0b0b9-6c72-4cf3-86f7-4a394a7389ec"},"IVResult":{"Identifier":{"Type":0,"ID":"c374879a-0a46-4432-a218-a4342c74d948"},"StartTimestamp":1732544326,"EndTimestamp":1732544348,"ErrorHappened":false,"ErrorMessage":null,"Temperatures":[{"Block":0,"Module1":[25.008,24.938,24.992,25.039,25.016,24.984,24.969,25.055],"Module2":[25.047,24.992,24.984,24.969,25.055,25.016,24.953,25.008],"Pulser":28.328,"ControlTemperature":28.445,"Timestamp":1732544323},{"Block":0,"Module1":[25.008,24.945,24.992,25.039,25.016,24.977,24.969,25.055],"Module2":[25.039,24.992,24.984,24.969,25.055,25.016,24.953,25.008],"Pulser":28.336,"ControlTemperature":28.453,"Timestamp":1732544346}],"SMUVoltage":[37.33999953680352,37.35999945859285,37.37999938038217,37.39999930217151,37.41999922396083,37.439999145750164,37.459999067539485,37.47999523840575,37.49999891111814,37.51999883290747,37.539998754696796,37.559998676486124,37.57999859827545,37.59999852006478,37.619994690931044,37.639998363643436,37.65999828543276,37.67999820722209,37.699998129011426,37.71999805080075,37.73999797259008,37.7599978943794,37.77999781616874,37.79999773795806,37.82000141067046,37.839997581536714,37.85999750332605,37.87999742511537,37.899997346904705,37.919997268694026,37.93999719048336,37.95999711227268,37.979997034062016,37.99999695585134,38.01999687764067,38.03999679942999,38.05999672121933,38.08000039393172,38.09999656479798,38.11999648658731,38.1400001592997,38.15999633016597,38.179996251955295,38.19999992466769,38.21999609553395,38.23999976824634,38.25999969003567,38.279999611825,38.299999533614326,38.319999455403654,38.33999562626992,38.35999929898231,38.37999922077164,38.39999914256097,38.41999906435029,38.43999898613963,38.45999890792895,38.479998829718284,38.499998751507604,38.51999867329694,38.53999859508626,38.559994765952524,38.579998438664916,38.59999836045425,38.61999828224357,38.639998204032906,38.65999812582223,38.67999804761156,38.69999796940088,38.71999789119022,38.73999781297954,38.75999773476887,38.779997656558194,38.79999757834752,38.81999750013686,38.83999742192618,38.85999734371551,38.879997265504834,38.89999718729417,38.91999710908349,38.939997030872824,38.960000703585216,38.97999687445148,39.00000054716387,39.019996718030136,39.03999663981946,39.05999656160879,39.08000023432118,39.10000015611051,39.12000007789984,39.13999999968917,39.159999921478494,39.17999984326782,39.19999976505715,39.21999968684648,39.23999585771274,39.259999530425134,39.27999945221446,39.29999937400379,39.31999929579312],"SMUCurrent":[4.898904228647287E-06,4.86739524520422E-06,4.879098581911655E-06,4.899129292814758E-06,4.917584554545672E-06,4.939865907123268E-06,4.965073093877716E-06,4.993881307311374E-06,5.022239392410118E-06,5.052397990848467E-06,5.084132038459004E-06,5.116091150236959E-06,5.1523264811964824E-06,5.190587389663028E-06,5.231999196473897E-06,5.273636067452237E-06,5.317973708439985E-06,5.367712889446522E-06,5.4206029687973545E-06,5.477544203162313E-06,5.540337105880975E-06,5.602679880264749E-06,5.676725991355958E-06,5.753247808289077E-06,5.841247897762187E-06,5.931948757244705E-06,6.0348030817695725E-06,6.150035935504152E-06,6.276521997611306E-06,6.419662808109769E-06,6.584409778683469E-06,6.770087716830074E-06,6.982098162568374E-06,7.22899355426148E-06,7.518201009435257E-06,7.863224378136746E-06,8.275316868738467E-06,8.786437593018374E-06,9.409865336856035E-06,1.0191963318746222E-05,1.1193723928068044E-05,1.2481766158386792E-05,1.4175374018451171E-05,1.6396307222851905E-05,1.933361967224734E-05,2.3228580154144264E-05,2.8374222214563166E-05,3.508991190711619E-05,4.374565472309183E-05,5.4728335966337346E-05,6.82695466651592E-05,8.475819770091176E-05,0.0001042377264579129,0.00012680175962982202,0.00015224323818258478,0.00018049914414931497,0.00021141418325447186,0.00024450311715303237,0.0002797243089740181,0.00031682163569487056,0.00035528600216881684,0.0003951811015552455,0.00043660731247283926,0.00047907804619157045,0.0005228350216272808,0.0005676959368043354,0.0006138786538368263,0.0006603656576237102,0.0007080400999580624,0.0007564207936498742,0.0008060438415460122,0.0008562756880151036,0.0009068842919005071,0.0009591763757584395,0.0010110964285475765,0.0010642147229642195,0.0011182755861141448,0.0011729261173827905,0.0012284564244819996,0.0012839610742661192,0.0013404366508686203,0.001397525752391591,0.001454377186153734,0.001512026022261154,0.001570450429489608,0.0016294660802859545,0.0016895122999050563,0.001748352400650791,0.001808841321487268,0.0018698379870855128,0.0019312037579183763,0.001992192096142426,0.002054784916816229,0.0021163849794474084,0.0021796039286350586,0.0022413275514941685,0.002305176230222345,0.0023688320289590166,0.0024320142926873727,0.002496374542268164],