{"IsIVDone":true,"IsSPSDone":false,"SiPMLocation":{"Block":0,"Module":0,"Array":3,"SiPM":11},"Barcode":"00553","SiPMMeasurementDetails":{"DMMResistance":0,"IV":1,"SPS":0,"DarkCurrent":0,"ForwardResistance":0,"SPSVoltagesIsOffsets":0,"IVVoltages":[],"SPSVoltages":[],"OperatingVoltage":41.28},"Checks":{"SelectedForMeasurement":true,"DMMResistanceOK":true,"RForwardDone":true,"RForwardOK":true,"IDarkDone":true,"IDarkOK":true,"IVDone":true,"IVTemperatureOK":true,"IVMeasurementOK":true,"IVVoltageCheckOK":true,"IVCurrentCheckOK":true,"IVVbrOK":true},"Temperatures":[{"Block":0,"Module1":[25.008,24.953,25.0,25.039,25.016,24.977,24.984,25.047],"Module2":[25.039,24.992,24.992,24.969,25.047,25.016,24.961,25.0],"Pulser":28.211,"ControlTemperature":28.125,"Timestamp":1732543332},{"Block":0,"Module1":[25.0,24.953,25.0,25.039,25.016,24.984,24.977,25.047],"Module2":[25.039,24.992,24.984,24.961,25.047,25.016,24.961,25.0],"Pulser":28.227,"ControlTemperature":28.125,"Timestamp":1732543355}],"DMMResistanceResult":{"Identifier":{"Type":2,"ID":"163ccccd-90a2-4d01-927e-9ff420e83ea6"},"StartTimestamp":1732538725,"EndTimestamp":1732538727,"ErrorHappened":false,"ErrorMessage":null,"CorrectionPercentage":0,"Voltages":[29.999998232735635,29.999998232735635,29.999998232735635,29.999998232735635,29.999998232735635,29.999998232735635],"Currents":[3.2440074053843686E-06,3.2197004752997234E-06,3.2082222027597597E-06,3.201245213568782E-06,3.198544443559374E-06,3.196068737717437E-06],"Resistance":9342263.176130798},"IVMeasurementID":{"Type":0,"ID":"97d17ec7-e9da-4da1-8db0-78d37d42f19f"},"SPSMeasurementID":{"Type":999,"ID":"fa7706ca-3950-42b1-807f-75f835e450bc"},"IVResult":{"Identifier":{"Type":0,"ID":"97d17ec7-e9da-4da1-8db0-78d37d42f19f"},"StartTimestamp":1732543335,"EndTimestamp":1732543357,"ErrorHappened":false,"ErrorMessage":null,"Temperatures":[{"Block":0,"Module1":[25.008,24.953,25.0,25.039,25.016,24.977,24.984,25.047],"Module2":[25.039,24.992,24.992,24.969,25.047,25.016,24.961,25.0],"Pulser":28.211,"ControlTemperature":28.125,"Timestamp":1732543332},{"Block":0,"Module1":[25.0,24.953,25.0,25.039,25.016,24.984,24.977,25.047],"Module2":[25.039,24.992,24.984,24.961,25.047,25.016,24.961,25.0],"Pulser":28.227,"ControlTemperature":28.125,"Timestamp":1732543355}],"SMUVoltage":[37.469999028434145,37.48999895022348,37.50999887201281,37.529998793802136,37.549998715591464,37.56999863738079,37.58999855917012,37.60999848095945,37.629998402748775,37.6499983245381,37.670001997250495,37.68999816811676,37.70999808990609,37.729998011695415,37.74999793348474,37.76999785527407,37.7899977770634,37.81000144977579,37.830001371565125,37.84999754243138,37.86999746422071,37.88999738601004,37.910001058722436,37.93000098051176,37.94999715137802,37.96999707316735,37.98999699495668,38.009996916746005,38.02999683853533,38.04999676032466,38.07000043303706,38.09000035482638,38.109996525692644,38.130000198405035,38.15000012019437,38.16999629106063,38.189999963773026,38.209999885562354,38.22999605642861,38.24999972914101,38.269995900007274,38.289999572719665,38.30999949450899,38.32999941629832,38.34999933808765,38.36999925987698,38.389999181666305,38.40999910345563,38.42999902524496,38.44999894703429,38.469998868823616,38.489998790612944,38.50999871240227,38.5299986341916,38.54999855598093,38.569998477770255,38.58999839955958,38.60999832134891,38.62999824313824,38.64999816492757,38.669998086716895,38.68999800850622,38.70999793029555,38.72999785208488,38.749997773874206,38.769997695663534,38.78999761745286,38.80999753924219,38.82999746103152,38.849997382820845,38.86999730461017,38.8899972263995,38.90999714818883,38.92999706997816,38.950000742690555,38.970000664479876,38.98999683534614,39.01000050805853,39.029996678924796,39.05000035163719,39.07000027342652,39.08999644429278,39.10999636608211,39.129996287871435,39.149999960583834,39.169999882373155,39.18999980416249,39.20999972595181,39.229999647741145,39.249999569530466,39.2699994913198,39.28999566218606,39.30999933489846,39.329999256687785,39.34999917847711,39.36999534934337,39.38999902205577,39.409998943845096,39.429998865634424,39.44999878742375],"SMUCurrent":[4.693645707932521E-06,4.657410376972997E-06,4.662586852824342E-06,4.675415510369023E-06,4.690944937923113E-06,4.708725007151695E-06,4.73078129556182E-06,4.750586942297452E-06,4.770392589033111E-06,4.793349134113038E-06,4.818331256700042E-06,4.843763507621934E-06,4.8723466568881485E-06,4.904305768666103E-06,4.933564110434649E-06,4.966423478882433E-06,5.001983617339598E-06,5.042045039145777E-06,5.082781653454287E-06,5.128469679446725E-06,5.174607833774051E-06,5.226597656455108E-06,5.2833138266525955E-06,5.344531280199123E-06,5.412050530434243E-06,5.486996898195227E-06,5.5686951909797455E-06,5.658495793792461E-06,5.762025310819633E-06,5.8729819453726974E-06,6.004644483331196E-06,6.155662539690439E-06,6.326711306952758E-06,6.529269057658143E-06,6.768737331825357E-06,7.0597453003387665E-06,7.403643348203009E-06,7.826313854674891E-06,8.354539455681021E-06,9.026806123855417E-06,9.889702141860319E-06,1.1001069000730489E-05,1.2474339040860927E-05,1.4420243832637228E-05,1.7014108362503307E-05,2.0436884221089284E-05,2.4966075526861476E-05,3.0870183831588306E-05,3.842266209872199E-05,4.791564361761319E-05,5.9607051924160054E-05,7.368143963567197E-05,9.017346663393626E-05,0.00010901223770620608,0.00013019100092745789,0.00015339354114242385,0.0001785167789624117,0.0002054871184046651,0.0002338701856260048,0.0002637555561650761,0.00029478357748229306,0.0003269072111666587,0.000359958559349255,0.00039426779116373165,0.0004291642153910865,0.0004652674336843104,0.000502175481440337,0.0005399601541285831,0.0005782852058828775,0.0006173248363688271,0.0006571371121416339,0.0006981028417726241,0.0007390201826076125,0.000781294210243992,0.0008236834707341062,0.0008670234022675309,0.00091078577924326,0.0009551922898662323,0.0009998499721000792,0.001046018059961686,0.0010911024638570188,0.0011363311338836873,0.0011834710488203449,0.0012304210095996741,0.001277712392721026,0.0013263710406596389,0.0013744226905386381,0.0014228497474489444,0.0014729890925452137,0.0015216342366337799,0.0015719581343473586,0.0016225174491800902,0.0016719964560090598,0.001723355873957078,0.0017753072106654908,0.0018267548537671493,0.0018785515713925231,0.001928320910997504,0.001981488944595154,0.0020343621441334427],