{"IsIVDone":true,"IsSPSDone":false,"SiPMLocation":{"Block":0,"Module":1,"Array":0,"SiPM":9},"Barcode":"00548","SiPMMeasurementDetails":{"DMMResistance":0,"IV":1,"SPS":0,"DarkCurrent":0,"ForwardResistance":0,"SPSVoltagesIsOffsets":0,"IVVoltages":[],"SPSVoltages":[],"OperatingVoltage":41.19},"Checks":{"SelectedForMeasurement":true,"DMMResistanceOK":true,"RForwardDone":true,"RForwardOK":true,"IDarkDone":true,"IDarkOK":true,"IVDone":true,"IVTemperatureOK":true,"IVMeasurementOK":true,"IVVoltageCheckOK":true,"IVCurrentCheckOK":true,"IVVbrOK":true},"Temperatures":[{"Block":0,"Module1":[25.008,24.945,25.0,25.039,25.016,24.984,24.969,25.047],"Module2":[25.039,24.992,24.992,24.961,25.055,25.016,24.953,25.0],"Pulser":28.211,"ControlTemperature":28.18,"Timestamp":1732543516},{"Block":0,"Module1":[25.0,24.953,25.0,25.031,25.016,24.977,24.977,25.055],"Module2":[25.039,24.992,24.992,24.961,25.047,25.023,24.961,24.992],"Pulser":28.219,"ControlTemperature":28.195,"Timestamp":1732543539}],"DMMResistanceResult":{"Identifier":{"Type":2,"ID":"163ccccd-90a2-4d01-927e-9ff420e83ea6"},"StartTimestamp":1732538725,"EndTimestamp":1732538727,"ErrorHappened":false,"ErrorMessage":null,"CorrectionPercentage":0,"Voltages":[29.999998232735635,29.999998232735635,29.999998232735635,29.999998232735635,29.999998232735635,29.999998232735635],"Currents":[3.2440074053843686E-06,3.2197004752997234E-06,3.2082222027597597E-06,3.201245213568782E-06,3.198544443559374E-06,3.196068737717437E-06],"Resistance":9342263.176130798},"IVMeasurementID":{"Type":0,"ID":"771e539d-ad26-4cb0-88f6-1a7608ad3c6a"},"SPSMeasurementID":{"Type":999,"ID":"28b9ba48-108c-4650-9239-edc96701abb5"},"IVResult":{"Identifier":{"Type":0,"ID":"771e539d-ad26-4cb0-88f6-1a7608ad3c6a"},"StartTimestamp":1732543518,"EndTimestamp":1732543541,"ErrorHappened":false,"ErrorMessage":null,"Temperatures":[{"Block":0,"Module1":[25.008,24.945,25.0,25.039,25.016,24.984,24.969,25.047],"Module2":[25.039,24.992,24.992,24.961,25.055,25.016,24.953,25.0],"Pulser":28.211,"ControlTemperature":28.18,"Timestamp":1732543516},{"Block":0,"Module1":[25.0,24.953,25.0,25.031,25.016,24.977,24.977,25.055],"Module2":[25.039,24.992,24.992,24.961,25.047,25.023,24.961,24.992],"Pulser":28.219,"ControlTemperature":28.195,"Timestamp":1732543539}],"SMUVoltage":[37.36999941948751,37.38999934127684,37.40999926306617,37.4299991848555,37.449999106644825,37.469999028434145,37.48999895022348,37.50999887201281,37.529998793802136,37.549998715591464,37.56999863738079,37.58999855917012,37.60999848095945,37.629998402748775,37.6499983245381,37.66999824632743,37.68999816811676,37.70999808990609,37.729998011695415,37.74999793348474,37.770001606197134,37.7899977770634,37.809997698852726,37.829997620642054,37.84999754243138,37.86999746422071,37.88999738601004,37.909997307799365,37.92999722958869,37.95000090230109,37.97000082409041,37.98999699495668,38.01000066766907,38.02999683853533,38.04999676032466,38.06999668211399,38.089996603903316,38.110000276615715,38.12999644748197,38.1499963692713,38.16999629106063,38.189996212849955,38.20999613463928,38.22999605642861,38.24999972914101,38.26999965093034,38.289999572719665,38.30999949450899,38.32999941629832,38.34999933808765,38.36999925987698,38.38999543074324,38.40999910345563,38.42999902524496,38.44999894703429,38.469998868823616,38.489998790612944,38.50999871240227,38.5299986341916,38.54999855598093,38.569998477770255,38.58999839955958,38.60999832134891,38.62999824313824,38.64999816492757,38.669998086716895,38.68999800850622,38.70999793029555,38.72999785208488,38.749997773874206,38.769997695663534,38.78999761745286,38.80999753924219,38.82999746103152,38.85000113374391,38.87000105553324,38.8899972263995,38.90999714818883,38.92999706997816,38.949996991767485,38.970000664479876,38.98999683534614,39.00999675713547,39.029996678924796,39.05000035163719,39.06999652250345,39.09000019521584,39.10999636608211,39.129996287871435,39.14999620966076,39.16999613145009,39.18999980416249,39.20999972595181,39.229999647741145,39.249999569530466,39.2699994913198,39.28999941310912,39.30999933489846,39.329999256687785,39.34999917847711],"SMUCurrent":[4.313512329108754E-06,4.268274431451204E-06,4.265798725609267E-06,4.27030000895828E-06,4.2777271264841455E-06,4.287855014019392E-06,4.294381874875454E-06,4.302934313238593E-06,4.312837136606423E-06,4.3240903449789155E-06,4.338269387528314E-06,4.35042285257061E-06,4.3625763176129324E-06,4.377205488497219E-06,4.393635172721111E-06,4.4091646002751735E-06,4.425819348666509E-06,4.4422490328904015E-06,4.46318000046328E-06,4.486811738045566E-06,4.5106685397953235E-06,4.536100790717215E-06,4.561082913304219E-06,4.589891126737878E-06,4.621175046013473E-06,4.657410376972997E-06,4.696346477941929E-06,4.741134247264537E-06,4.789072914931469E-06,4.845789085128983E-06,4.909707308684892E-06,4.986679253952953E-06,5.071753509249211E-06,5.172582256267002E-06,5.296817676699636E-06,5.443559513877309E-06,5.626536682014506E-06,5.852501106134734E-06,6.140358176303794E-06,6.5063125125781884E-06,6.98659944591736E-06,7.622180654797344E-06,8.454467946028983E-06,9.570111024080722E-06,1.1037529395857456E-05,1.2974881749270645E-05,1.5500326772231802E-05,1.8737199628503703E-05,2.2812211444360974E-05,2.7837444175193924E-05,3.393533272809556E-05,4.108652158466514E-05,4.936888294684054E-05,5.862194606322958E-05,6.900393104354992E-05,8.039015233903404E-05,9.25091825637367E-05,0.0001055795590242523,0.00011933885690133361,0.00013366014000453863,0.00014891026292681152,0.00016462739399654403,0.00018044467862079198,0.00019715951914483219,0.00021442374130161888,0.00023181107355800092,0.0002499800536679383,0.00026865632841130893,0.0002877010331967958,0.000306978679395594,0.0003266621162883052,0.00034688345654122294,0.0003674781782479409,0.0003881611251082994,0.00040949248183508265,0.00043103449862259943,0.00045273563577650366,0.00047570906066900513,0.0004979210934830218,0.0005210635415652785,0.0005442867876836499,0.0005678764382666306,0.0005917931070849167,0.0006154030134429679,0.0006399559386626364,0.0006646409765485983,0.0006891506894481164,0.0007136991133844358,0.0007385624020910184,0.0007647607714389169,0.0007908621381306442,0.0008171311776271222,0.0008428357561916344,0.000869939108556851,0.0008961271249530469,0.000923209321286523,0.0009508933392037618,0.000977111064070061,0.001004025362534619,0.001031929268143457],