{"IsIVDone":true,"IsSPSDone":false,"SiPMLocation":{"Block":0,"Module":1,"Array":1,"SiPM":14},"Barcode":"00549","SiPMMeasurementDetails":{"DMMResistance":0,"IV":1,"SPS":0,"DarkCurrent":0,"ForwardResistance":0,"SPSVoltagesIsOffsets":0,"IVVoltages":[],"SPSVoltages":[],"OperatingVoltage":41.21},"Checks":{"SelectedForMeasurement":true,"DMMResistanceOK":true,"RForwardDone":true,"RForwardOK":true,"IDarkDone":true,"IDarkOK":true,"IVDone":true,"IVTemperatureOK":true,"IVMeasurementOK":true,"IVVoltageCheckOK":true,"IVCurrentCheckOK":true,"IVVbrOK":true},"Temperatures":[{"Block":0,"Module1":[25.008,24.953,25.0,25.039,25.016,24.977,24.977,25.047],"Module2":[25.039,24.984,24.992,24.969,25.055,25.008,24.961,25.0],"Pulser":28.289,"ControlTemperature":28.344,"Timestamp":1732543999},{"Block":0,"Module1":[25.008,24.953,25.0,25.039,25.016,24.977,24.977,25.047],"Module2":[25.047,24.984,24.984,24.969,25.047,25.016,24.961,25.0],"Pulser":28.289,"ControlTemperature":28.352,"Timestamp":1732544022}],"DMMResistanceResult":{"Identifier":{"Type":2,"ID":"163ccccd-90a2-4d01-927e-9ff420e83ea6"},"StartTimestamp":1732538725,"EndTimestamp":1732538727,"ErrorHappened":false,"ErrorMessage":null,"CorrectionPercentage":0,"Voltages":[29.999998232735635,29.999998232735635,29.999998232735635,29.999998232735635,29.999998232735635,29.999998232735635],"Currents":[3.2440074053843686E-06,3.2197004752997234E-06,3.2082222027597597E-06,3.201245213568782E-06,3.198544443559374E-06,3.196068737717437E-06],"Resistance":9342263.176130798},"IVMeasurementID":{"Type":0,"ID":"c6f965a5-fecf-495a-826b-4fa0340412b6"},"SPSMeasurementID":{"Type":999,"ID":"0fcf6603-8de7-4351-9511-332652e5ad0f"},"IVResult":{"Identifier":{"Type":0,"ID":"c6f965a5-fecf-495a-826b-4fa0340412b6"},"StartTimestamp":1732544002,"EndTimestamp":1732544024,"ErrorHappened":false,"ErrorMessage":null,"Temperatures":[{"Block":0,"Module1":[25.008,24.953,25.0,25.039,25.016,24.977,24.977,25.047],"Module2":[25.039,24.984,24.992,24.969,25.055,25.008,24.961,25.0],"Pulser":28.289,"ControlTemperature":28.344,"Timestamp":1732543999},{"Block":0,"Module1":[25.008,24.953,25.0,25.039,25.016,24.977,24.977,25.047],"Module2":[25.047,24.984,24.984,24.969,25.047,25.016,24.961,25.0],"Pulser":28.289,"ControlTemperature":28.352,"Timestamp":1732544022}],"SMUVoltage":[37.38999934127684,37.40999926306617,37.4299991848555,37.449999106644825,37.469999028434145,37.48999895022348,37.50999887201281,37.529998793802136,37.549998715591464,37.56999863738079,37.58999855917012,37.60999848095945,37.629998402748775,37.6499983245381,37.66999824632743,37.68999816811676,37.70999808990609,37.729998011695415,37.74999793348474,37.76999410435101,37.7899977770634,37.81000144977579,37.829997620642054,37.84999754243138,37.86999746422071,37.88999738601004,37.909997307799365,37.92999722958869,37.94999715137802,37.96999707316735,37.98999699495668,38.009996916746005,38.02999683853533,38.050000511247724,38.06999668211399,38.09000035482638,38.109996525692644,38.130000198405035,38.1499963692713,38.17000004198369,38.189999963773026,38.209999885562354,38.22999980735168,38.24999972914101,38.26999965093034,38.289999572719665,38.30999949450899,38.32999941629832,38.34999933808765,38.36999925987698,38.389999181666305,38.40999910345563,38.42999902524496,38.44999894703429,38.469998868823616,38.489998790612944,38.50999871240227,38.5299986341916,38.54999855598093,38.569998477770255,38.58999839955958,38.60999832134891,38.62999824313824,38.64999816492757,38.669998086716895,38.68999800850622,38.70999793029555,38.72999785208488,38.749997773874206,38.769997695663534,38.78999761745286,38.80999753924219,38.82999746103152,38.849997382820845,38.86999730461017,38.8899972263995,38.90999714818883,38.92999706997816,38.949996991767485,38.96999691355681,38.99000058626921,39.01000050805853,39.03000042984787,39.049996600714124,39.07000027342652,39.08999644429278,39.11000011700518,39.129996287871435,39.14999620966076,39.16999613145009,39.18999980416249,39.20999972595181,39.229999647741145,39.249999569530466,39.2699994913198,39.28999566218606,39.30999933489846,39.329999256687785,39.34999917847711,39.36999910026644],"SMUCurrent":[4.479159556352257E-06,4.437972813708832E-06,4.440898647885684E-06,4.449226022081352E-06,4.460029102118984E-06,4.468356476314652E-06,4.482535518864024E-06,4.498515074753001E-06,4.51044347562788E-06,4.530474186530955E-06,4.5489294482618965E-06,4.565809260820676E-06,4.582464009212012E-06,4.600694206775483E-06,4.622750495185635E-06,4.643681462758513E-06,4.666638007838468E-06,4.692070258760359E-06,4.7188528946869686E-06,4.747436043953156E-06,4.780070348233469E-06,4.813829973351029E-06,4.84916504764075E-06,4.88855127694457E-06,4.931988661262515E-06,4.979702264762002E-06,5.032142215777947E-06,5.086607744300941E-06,5.149850775354518E-06,5.219845731431602E-06,5.300418703378819E-06,5.3886438570194E-06,5.4917232457116845E-06,5.611232318627861E-06,5.749196653274979E-06,5.9139436238486785E-06,6.107048679521122E-06,6.348542531195439E-06,6.642026205550786E-06,7.010681311834561E-06,7.472963111777734E-06,8.071858861363306E-06,8.852606458248802E-06,9.864945083440786E-06,1.1210603740626824E-05,1.3000088936025093E-05,1.534503249669099E-05,1.8439439734966787E-05,2.241204735463413E-05,2.7536083254977824E-05,3.38842431620843E-05,4.175406190532309E-05,5.122948841915315E-05,6.236521329626493E-05,7.516326211416552E-05,8.979445857594976E-05,0.00010600920651991515,0.00012369024751482,0.00014283983220233885,0.00016327925963351603,0.00018458743475105184,0.0002072806547550775,0.00023062768616554665,0.00025478562377133964,0.0002800141916216943,0.0003061416657568459,0.00033249375393111296,0.00035996148518343185,0.0003875602037812068,0.0004162635373128285,0.0004455430351131232,0.0004755260835008679,0.000505911546620014,0.0005367703196833083,0.0005678384024223314,0.0005999485322566501,0.0006326258237929437,0.0006649729461955877,0.0006992200602998481,0.0007342616509152084,0.0007681446111965339,0.0008026532498633717,0.0008375897355125326,0.000872671387549699,0.0009095182178521792,0.0009458437995428442,0.0009818387619715246,0.0010195705445804198,0.0010565539888325423,0.001095404340353666,0.0011325601837580556,0.001170592427030497,0.0012092607016401533,0.0012488845987048043,0.0012879435847091545,0.0013272629699552449,0.0013667308975518525,0.0014066651581034176,0.0014452992229596214,0.001485927356339436],