{"IsIVDone":true,"IsSPSDone":false,"SiPMLocation":{"Block":0,"Module":0,"Array":1,"SiPM":14},"Barcode":"00552","SiPMMeasurementDetails":{"DMMResistance":0,"IV":1,"SPS":0,"DarkCurrent":0,"ForwardResistance":0,"SPSVoltagesIsOffsets":0,"IVVoltages":[],"SPSVoltages":[],"OperatingVoltage":41.32},"Checks":{"SelectedForMeasurement":true,"DMMResistanceOK":true,"RForwardDone":true,"RForwardOK":true,"IDarkDone":true,"IDarkOK":true,"IVDone":true,"IVTemperatureOK":true,"IVMeasurementOK":true,"IVVoltageCheckOK":true,"IVCurrentCheckOK":true,"IVVbrOK":true},"Temperatures":[{"Block":0,"Module1":[25.008,24.961,25.0,25.023,25.008,24.984,24.977,25.039],"Module2":[25.039,24.992,24.992,24.961,25.039,25.023,24.961,25.008],"Pulser":27.562,"ControlTemperature":27.836,"Timestamp":1732542527},{"Block":0,"Module1":[25.0,24.953,25.008,25.031,25.008,24.984,24.977,25.039],"Module2":[25.031,24.992,24.992,24.969,25.039,25.016,24.961,25.0],"Pulser":27.602,"ControlTemperature":27.844,"Timestamp":1732542550}],"DMMResistanceResult":{"Identifier":{"Type":2,"ID":"163ccccd-90a2-4d01-927e-9ff420e83ea6"},"StartTimestamp":1732538725,"EndTimestamp":1732538727,"ErrorHappened":false,"ErrorMessage":null,"CorrectionPercentage":0,"Voltages":[29.999998232735635,29.999998232735635,29.999998232735635,29.999998232735635,29.999998232735635,29.999998232735635],"Currents":[3.2440074053843686E-06,3.2197004752997234E-06,3.2082222027597597E-06,3.201245213568782E-06,3.198544443559374E-06,3.196068737717437E-06],"Resistance":9342263.176130798},"IVMeasurementID":{"Type":0,"ID":"3d7306e5-9286-4caa-a0d3-62ce7f1548f2"},"SPSMeasurementID":{"Type":999,"ID":"90037de0-0a1a-41fe-9053-fcabc55b7e9b"},"IVResult":{"Identifier":{"Type":0,"ID":"3d7306e5-9286-4caa-a0d3-62ce7f1548f2"},"StartTimestamp":1732542530,"EndTimestamp":1732542552,"ErrorHappened":false,"ErrorMessage":null,"Temperatures":[{"Block":0,"Module1":[25.008,24.961,25.0,25.023,25.008,24.984,24.977,25.039],"Module2":[25.039,24.992,24.992,24.961,25.039,25.023,24.961,25.008],"Pulser":27.562,"ControlTemperature":27.836,"Timestamp":1732542527},{"Block":0,"Module1":[25.0,24.953,25.008,25.031,25.008,24.984,24.977,25.039],"Module2":[25.031,24.992,24.992,24.969,25.039,25.016,24.961,25.0],"Pulser":27.602,"ControlTemperature":27.844,"Timestamp":1732542550}],"SMUVoltage":[37.50999887201281,37.529998793802136,37.549998715591464,37.56999863738079,37.58999855917012,37.60999848095945,37.629998402748775,37.6499983245381,37.66999824632743,37.68999816811676,37.70999808990609,37.729998011695415,37.74999793348474,37.76999785527407,37.7899977770634,37.809997698852726,37.829997620642054,37.84999754243138,37.86999746422071,37.88999738601004,37.910001058722436,37.92999722958869,37.94999715137802,37.96999707316735,37.99000074587975,38.01000066766907,38.0300005894584,38.050000511247724,38.07000043303706,38.089996603903316,38.109996525692644,38.130000198405035,38.15000012019437,38.17000004198369,38.189999963773026,38.209999885562354,38.22999980735168,38.24999972914101,38.26999965093034,38.289999572719665,38.30999949450899,38.32999941629832,38.34999933808765,38.36999925987698,38.389999181666305,38.40999910345563,38.42999902524496,38.44999894703429,38.469998868823616,38.489998790612944,38.50999496147921,38.5299986341916,38.54999855598093,38.569998477770255,38.58999839955958,38.60999832134891,38.62999824313824,38.64999816492757,38.669998086716895,38.68999800850622,38.70999793029555,38.72999785208488,38.749997773874206,38.769997695663534,38.78999761745286,38.80999753924219,38.83000121195458,38.849997382820845,38.86999730461017,38.8899972263995,38.90999714818883,38.92999706997816,38.949996991767485,38.96999691355681,38.99000058626921,39.00999675713547,39.029996678924796,39.049996600714124,39.06999652250345,39.09000019521584,39.11000011700518,39.129996287871435,39.14999620966076,39.16999613145009,39.18999980416249,39.20999972595181,39.229999647741145,39.249999569530466,39.2699994913198,39.28999941310912,39.30999933489846,39.329999256687785,39.34999917847711,39.36999910026644,39.38999902205577,39.409998943845096,39.429998865634424,39.44999878742375,39.46999870921308,39.48999863100241],"SMUCurrent":[4.715476932175202E-06,4.683517820397247E-06,4.690269745420754E-06,4.70264827463052E-06,4.720203279691659E-06,4.736407899748107E-06,4.7573388673209855E-06,4.7791700915636665E-06,4.803477021648312E-06,4.829584465072562E-06,4.852541010152517E-06,4.881799351921063E-06,4.910607565354722E-06,4.943016805467564E-06,4.9765513664177066E-06,5.008510478195661E-06,5.048121771666924E-06,5.088633321807991E-06,5.133421091130626E-06,5.179109117123065E-06,5.229973618966848E-06,5.284439147489842E-06,5.3413803818548274E-06,5.4097998887597495E-06,5.481370294008994E-06,5.559017431779387E-06,5.648592970424631E-06,5.74514549826088E-06,5.856102132813918E-06,5.9796623607441925E-06,6.117401631223839E-06,6.27899770345327E-06,6.466476154939454E-06,6.690415001552605E-06,6.952389692464913E-06,7.267479526895497E-06,7.651664060733362E-06,8.122273234872175E-06,8.71779302194598E-06,9.477609651258598E-06,1.0451912432151453E-05,1.172937664660004E-05,1.3419833608320123E-05,1.563671565770676E-05,1.8590232727158586E-05,2.248451801655318E-05,2.7582671537640038E-05,3.414554266049425E-05,4.254201155556701E-05,5.299736745447617E-05,6.566510411942297E-05,8.078536501707697E-05,9.82114083102605E-05,0.0001181201344345896,0.0001403238398744106,0.00016457990545721199,0.0001905820188510937,0.00021844698835896256,0.0002479981386093699,0.00027828434843067034,0.0003100917669597682,0.0003431964553500502,0.00037729682761713287,0.0004123345921416465,0.00044801716550590563,0.0004846114738125064,0.0005219284631607905,0.0005605886354604185,0.0005997383223242513,0.0006398357543972179,0.0006804355296919338,0.0007212819753141753,0.0007632186317635466,0.0008051714928329744,0.0008479958023587701,0.0008918596832740194,0.0009361550121982712,0.0009804213078449218,0.0010254823050668397,0.001071589625603235,0.0011172105824737697,0.0011640437349501923,0.0012110612149797567,0.0012590671768327635,0.0013063884934883861,0.0013547095451758233,0.0014034057788304007,0.0014505927321780553,0.0015018317407964874,0.0015505408031086091,0.0016017660828128266,0.0016524644873010426,0.0017019358419483193,0.0017532682521962432,0.0018047206216454182,0.0018570905777052886,0.0019097792246262687,0.001961069772939047,0.0020134973454257847,0.0020675165717047314],