{"IsIVDone":true,"IsSPSDone":false,"SiPMLocation":{"Block":0,"Module":0,"Array":3,"SiPM":6},"Barcode":"00553","SiPMMeasurementDetails":{"DMMResistance":0,"IV":1,"SPS":0,"DarkCurrent":0,"ForwardResistance":0,"SPSVoltagesIsOffsets":0,"IVVoltages":[],"SPSVoltages":[],"OperatingVoltage":41.28},"Checks":{"SelectedForMeasurement":true,"DMMResistanceOK":true,"RForwardDone":true,"RForwardOK":true,"IDarkDone":true,"IDarkOK":true,"IVDone":true,"IVTemperatureOK":true,"IVMeasurementOK":true,"IVVoltageCheckOK":true,"IVCurrentCheckOK":true,"IVVbrOK":true},"Temperatures":[{"Block":0,"Module1":[25.0,24.953,25.0,25.031,25.016,24.977,24.977,25.047],"Module2":[25.039,24.984,24.984,24.961,25.047,25.016,24.961,25.0],"Pulser":28.164,"ControlTemperature":28.078,"Timestamp":1732543217},{"Block":0,"Module1":[25.0,24.953,25.0,25.039,25.016,24.977,24.977,25.047],"Module2":[25.039,24.984,24.992,24.961,25.055,25.023,24.961,25.0],"Pulser":28.172,"ControlTemperature":28.086,"Timestamp":1732543240}],"DMMResistanceResult":{"Identifier":{"Type":2,"ID":"163ccccd-90a2-4d01-927e-9ff420e83ea6"},"StartTimestamp":1732538725,"EndTimestamp":1732538727,"ErrorHappened":false,"ErrorMessage":null,"CorrectionPercentage":0,"Voltages":[29.999998232735635,29.999998232735635,29.999998232735635,29.999998232735635,29.999998232735635,29.999998232735635],"Currents":[3.2440074053843686E-06,3.2197004752997234E-06,3.2082222027597597E-06,3.201245213568782E-06,3.198544443559374E-06,3.196068737717437E-06],"Resistance":9342263.176130798},"IVMeasurementID":{"Type":0,"ID":"59cb1a1b-6b07-4016-8c83-7daa3d0cf348"},"SPSMeasurementID":{"Type":999,"ID":"dd533327-2473-4a3c-90a4-3461d452b640"},"IVResult":{"Identifier":{"Type":0,"ID":"59cb1a1b-6b07-4016-8c83-7daa3d0cf348"},"StartTimestamp":1732543220,"EndTimestamp":1732543242,"ErrorHappened":false,"ErrorMessage":null,"Temperatures":[{"Block":0,"Module1":[25.0,24.953,25.0,25.031,25.016,24.977,24.977,25.047],"Module2":[25.039,24.984,24.984,24.961,25.047,25.016,24.961,25.0],"Pulser":28.164,"ControlTemperature":28.078,"Timestamp":1732543217},{"Block":0,"Module1":[25.0,24.953,25.0,25.039,25.016,24.977,24.977,25.047],"Module2":[25.039,24.984,24.992,24.961,25.055,25.023,24.961,25.0],"Pulser":28.172,"ControlTemperature":28.086,"Timestamp":1732543240}],"SMUVoltage":[37.459999067539485,37.47999898932881,37.49999891111814,37.51999883290747,37.539998754696796,37.559998676486124,37.57999859827545,37.59999852006478,37.61999844185411,37.639998363643436,37.65999828543276,37.67999820722209,37.699998129011426,37.71999805080075,37.73999797259008,37.7599978943794,37.77999781616874,37.79999773795806,37.81999765974739,37.840001332459785,37.85999750332605,37.88000117603844,37.90000109782777,37.919997268694026,37.93999719048336,37.95999711227268,37.979997034062016,37.99999695585134,38.020000628563736,38.03999679942999,38.05999672121933,38.079996643008656,38.10000031572105,38.11999648658731,38.13999640837664,38.16000008108903,38.18000000287836,38.19999617374462,38.219999846457014,38.23999976824634,38.25999969003567,38.279999611825,38.299999533614326,38.319999455403654,38.33999562626992,38.35999929898231,38.37999922077164,38.39999914256097,38.41999906435029,38.43999898613963,38.45999890792895,38.479998829718284,38.499998751507604,38.51999867329694,38.53999859508626,38.559998516875595,38.579998438664916,38.59999836045425,38.61999828224357,38.639998204032906,38.65999812582223,38.67999804761156,38.69999796940088,38.71999789119022,38.73999781297954,38.75999773476887,38.779997656558194,38.79999757834752,38.81999750013686,38.83999742192618,38.85999734371551,38.880001016427904,38.89999718729417,38.91999710908349,38.939997030872824,38.960000703585216,38.97999687445148,39.00000054716387,39.019996718030136,39.03999663981946,39.060000312531855,39.08000023432118,39.10000015611051,39.11999632697677,39.13999999968917,39.159999921478494,39.17999984326782,39.19999976505715,39.219995935923414,39.239999608635806,39.259999530425134,39.27999945221446,39.29999937400379,39.31999929579312,39.339999217582445,39.35999913937177,39.3799990611611,39.39999898295043,39.41999890473976,39.439998826529084],"SMUCurrent":[5.04992228500653E-06,5.019988750735625E-06,5.036193370792046E-06,5.056449145862592E-06,5.078505434272717E-06,5.104612877696968E-06,5.132745898628295E-06,5.163354625401531E-06,5.196664122184203E-06,5.227047784789996E-06,5.26328311574952E-06,5.3026693450533395E-06,5.3413803818548274E-06,5.3848177661727455E-06,5.42803008632322E-06,5.475968753990151E-06,5.526833255833962E-06,5.579723335184794E-06,5.639140275391717E-06,5.701483049775491E-06,5.767876979173364E-06,5.8398975127574965E-06,5.918444907197692E-06,6.0017186491543445E-06,6.093544829474109E-06,6.194823704826788E-06,6.304204890207718E-06,6.425514476463473E-06,6.563028682775676E-06,6.716072316641968E-06,6.882394736387829E-06,7.075724856227744E-06,7.290886200310339E-06,7.5422828753524585E-06,7.834866293038003E-06,8.17471318588812E-06,8.579378558963975E-06,9.0686680590012E-06,9.659911626893437E-06,1.0391370171107284E-05,1.1311882615979503E-05,1.2473888912526012E-05,1.397191601107601E-05,1.5927498562052697E-05,1.8503583022690194E-05,2.1897550667842485E-05,2.638690561597597E-05,3.235605746509597E-05,4.0111768675437384E-05,5.014265355453507E-05,6.282119329951948E-05,7.855925533682489E-05,9.766067629250934E-05,0.00012014256104329906,0.0001461219429562683,0.00017564451005740945,0.0002080904356295641,0.00024365755107592116,0.0002815358504578265,0.00032220629590112187,0.0003645984822254128,0.00040840879786880886,0.0004542665222435014,0.0005016303760267721,0.000550007693756072,0.0005996005830537718,0.0006500745985670397,0.0007022005850693939,0.0007549527000855951,0.0008094483872070346,0.0008639627546543726,0.0009194273430166862,0.0009758189706847282,0.0010331351619526563,0.001091829646182051,0.001150697204756215,0.0012105809280464174,0.0012707482321876076,0.0013312936441301144,0.001392923640295565,0.0014554588445425006,0.0015182796552179313,0.0015811666347585924,0.0016459229972740964,0.0017107081680030342,0.0017759182598801183,0.0018403743867962438,0.0019063139116400345,0.0019734663072822163,0.0020411025908844155,0.0021080038149157224,0.0021739368128986573,0.002241351183231751,0.0023115687277704394,0.0023791856558542383,0.0024481833526053456,0.0025189770614127073,0.0025891552197220918,0.0026590306667262555,0.0027299110252380857],