{"IsIVDone":true,"IsSPSDone":false,"SiPMLocation":{"Block":0,"Module":1,"Array":1,"SiPM":10},"Barcode":"00549","SiPMMeasurementDetails":{"DMMResistance":0,"IV":1,"SPS":0,"DarkCurrent":0,"ForwardResistance":0,"SPSVoltagesIsOffsets":0,"IVVoltages":[],"SPSVoltages":[],"OperatingVoltage":41.24},"Checks":{"SelectedForMeasurement":true,"DMMResistanceOK":true,"RForwardDone":true,"RForwardOK":true,"IDarkDone":true,"IDarkOK":true,"IVDone":true,"IVTemperatureOK":true,"IVMeasurementOK":true,"IVVoltageCheckOK":true,"IVCurrentCheckOK":true,"IVVbrOK":true},"Temperatures":[{"Block":0,"Module1":[25.008,24.945,24.992,25.039,25.016,24.977,24.969,25.047],"Module2":[25.047,24.992,24.992,24.969,25.047,25.016,24.953,25.0],"Pulser":28.273,"ControlTemperature":28.336,"Timestamp":1732543976},{"Block":0,"Module1":[25.008,24.953,25.0,25.039,25.016,24.977,24.977,25.047],"Module2":[25.039,24.984,24.992,24.969,25.055,25.008,24.961,25.0],"Pulser":28.289,"ControlTemperature":28.344,"Timestamp":1732543999}],"DMMResistanceResult":{"Identifier":{"Type":2,"ID":"163ccccd-90a2-4d01-927e-9ff420e83ea6"},"StartTimestamp":1732538725,"EndTimestamp":1732538727,"ErrorHappened":false,"ErrorMessage":null,"CorrectionPercentage":0,"Voltages":[29.999998232735635,29.999998232735635,29.999998232735635,29.999998232735635,29.999998232735635,29.999998232735635],"Currents":[3.2440074053843686E-06,3.2197004752997234E-06,3.2082222027597597E-06,3.201245213568782E-06,3.198544443559374E-06,3.196068737717437E-06],"Resistance":9342263.176130798},"IVMeasurementID":{"Type":0,"ID":"4173a2a4-b21b-4305-a354-827d87ad6dc9"},"SPSMeasurementID":{"Type":999,"ID":"aee09dec-df4d-446f-8fef-9450ac26c031"},"IVResult":{"Identifier":{"Type":0,"ID":"4173a2a4-b21b-4305-a354-827d87ad6dc9"},"StartTimestamp":1732543979,"EndTimestamp":1732544001,"ErrorHappened":false,"ErrorMessage":null,"Temperatures":[{"Block":0,"Module1":[25.008,24.945,24.992,25.039,25.016,24.977,24.969,25.047],"Module2":[25.047,24.992,24.992,24.969,25.047,25.016,24.953,25.0],"Pulser":28.273,"ControlTemperature":28.336,"Timestamp":1732543976},{"Block":0,"Module1":[25.008,24.953,25.0,25.039,25.016,24.977,24.977,25.047],"Module2":[25.039,24.984,24.992,24.969,25.055,25.008,24.961,25.0],"Pulser":28.289,"ControlTemperature":28.344,"Timestamp":1732543999}],"SMUVoltage":[37.419995473037766,37.43999539482709,37.459999067539485,37.47999898932881,37.49999891111814,37.51999883290747,37.539998754696796,37.559998676486124,37.57999859827545,37.59999852006478,37.61999844185411,37.639998363643436,37.65999828543276,37.67999820722209,37.699998129011426,37.71999805080075,37.73999797259008,37.7599978943794,37.77999781616874,37.79999773795806,37.81999765974739,37.839997581536714,37.85999750332605,37.87999742511537,37.899997346904705,37.919997268694026,37.93999719048336,37.95999711227268,37.98000078498508,38.00000070677441,38.01999687764067,38.03999679942999,38.06000047214239,38.079996643008656,38.09999656479798,38.120000237510375,38.13999640837664,38.16000008108903,38.179996251955295,38.19999992466769,38.21999609553395,38.23999976824634,38.25999969003567,38.279999611825,38.29999578269126,38.31999570448059,38.33999937719298,38.35999929898231,38.37999922077164,38.39999914256097,38.41999906435029,38.43999898613963,38.45999890792895,38.479998829718284,38.499998751507604,38.51999867329694,38.53999859508626,38.559998516875595,38.579998438664916,38.59999836045425,38.62000203316664,38.639998204032906,38.65999812582223,38.67999804761156,38.69999796940088,38.71999789119022,38.73999781297954,38.75999773476887,38.779997656558194,38.80000132927059,38.81999750013686,38.83999742192618,38.85999734371551,38.879997265504834,38.90000093821723,38.91999710908349,38.939997030872824,38.960000703585216,38.97999687445148,38.9999967962408,39.019996718030136,39.04000039074253,39.05999656160879,39.08000023432118,39.09999640518745,39.12000007789984,39.13999999968917,39.159996170555424,39.17999984326782,39.19999976505715,39.21999968684648,39.239999608635806,39.25999577950207,39.2799957012914,39.29999937400379,39.31999929579312,39.33999546665938,39.35999913937177,39.3799990611611,39.39999898295043],"SMUCurrent":[4.281778281498244E-06,4.235865191338362E-06,4.233614549663869E-06,4.237440640510523E-06,4.243967501366586E-06,4.249369041385375E-06,4.257246287246155E-06,4.2642232764371324E-06,4.272775714800217E-06,4.282678538168047E-06,4.293031489870764E-06,4.30541001908053E-06,4.316888291620521E-06,4.331742526672252E-06,4.344121055882018E-06,4.356724649259229E-06,4.370228499306269E-06,4.385082734357999E-06,4.40128735441442E-06,4.419292487810447E-06,4.438648006211191E-06,4.458003524611908E-06,4.479834748854616E-06,4.502566229767099E-06,4.5300240581960674E-06,4.561758105806551E-06,4.591241511742568E-06,4.624776072692684E-06,4.662586852824342E-06,4.706249301309731E-06,4.755763418148824E-06,4.810003882504374E-06,4.870771207715987E-06,4.945717575476972E-06,5.031917151610503E-06,5.134096283632985E-06,5.25765651156326E-06,5.405973797913095E-06,5.591651736059673E-06,5.827518983547703E-06,6.125278877084619E-06,6.510363667592287E-06,7.0158577876859335E-06,7.682722915841513E-06,8.572626633940469E-06,9.753988448887722E-06,1.1305805883458355E-05,1.3364242758959882E-05,1.6029452629907735E-05,1.940316449998948E-05,2.3634820976392253E-05,2.8845056452869437E-05,3.505322644782179E-05,4.232234892813539E-05,5.066862851386671E-05,5.994824920201489E-05,7.018799362850658E-05,8.106669522638999E-05,9.285623150994524E-05,0.00010518952282206072,0.00011824189414918028,0.0001317923324788676,0.00014605869992521473,0.0001606883209378268,0.00017584256652476582,0.00019170306346916424,0.00020754555528016663,0.0002240717920318834,0.00024084402391862347,0.0002579781589866238,0.0002757625044343884,0.0002936778372276092,0.0003119541729454204,0.000330982222982516,0.00035003908123304526,0.0003692127477864813,0.0003897759605097562,0.000409654077907312,0.0004297939449316127,0.00045050142378622336,0.00047163945039316665,0.0004928981113938634,0.0005148616733670147,0.0005362634751782099,0.0005588506899593665,0.0005813665593994412,0.0006050235041684896,0.0006269458793989975,0.0006499039999281124,0.0006736658245991927,0.000697370257907573,0.0007209623841963957,0.0007450854368562338,0.0007691596505917353,0.0007938966783003782,0.0008187444375794067,0.0008436252812910505,0.0008688020843828915,0.0008935481146582324,0.0009194473737275895],