{"IsIVDone":true,"IsSPSDone":false,"SiPMLocation":{"Block":0,"Module":0,"Array":3,"SiPM":12},"Barcode":"00553","SiPMMeasurementDetails":{"DMMResistance":0,"IV":1,"SPS":0,"DarkCurrent":0,"ForwardResistance":0,"SPSVoltagesIsOffsets":0,"IVVoltages":[],"SPSVoltages":[],"OperatingVoltage":41.25},"Checks":{"SelectedForMeasurement":true,"DMMResistanceOK":true,"RForwardDone":true,"RForwardOK":true,"IDarkDone":true,"IDarkOK":true,"IVDone":true,"IVTemperatureOK":true,"IVMeasurementOK":true,"IVVoltageCheckOK":true,"IVCurrentCheckOK":true,"IVVbrOK":true},"Temperatures":[{"Block":0,"Module1":[25.0,24.953,25.0,25.039,25.016,24.984,24.977,25.047],"Module2":[25.039,25.0,24.992,24.961,25.047,25.023,24.961,25.0],"Pulser":28.117,"ControlTemperature":28.039,"Timestamp":1732543079},{"Block":0,"Module1":[25.008,24.953,25.0,25.039,25.016,24.984,24.977,25.047],"Module2":[25.039,24.992,24.992,24.961,25.047,25.016,24.969,25.0],"Pulser":28.125,"ControlTemperature":28.039,"Timestamp":1732543102}],"DMMResistanceResult":{"Identifier":{"Type":2,"ID":"163ccccd-90a2-4d01-927e-9ff420e83ea6"},"StartTimestamp":1732538725,"EndTimestamp":1732538727,"ErrorHappened":false,"ErrorMessage":null,"CorrectionPercentage":0,"Voltages":[29.999998232735635,29.999998232735635,29.999998232735635,29.999998232735635,29.999998232735635,29.999998232735635],"Currents":[3.2440074053843686E-06,3.2197004752997234E-06,3.2082222027597597E-06,3.201245213568782E-06,3.198544443559374E-06,3.196068737717437E-06],"Resistance":9342263.176130798},"IVMeasurementID":{"Type":0,"ID":"19a3b134-d4d0-4fef-abcf-2bc8868a1175"},"SPSMeasurementID":{"Type":999,"ID":"450a88be-1299-4e78-a8fa-800daf34e066"},"IVResult":{"Identifier":{"Type":0,"ID":"19a3b134-d4d0-4fef-abcf-2bc8868a1175"},"StartTimestamp":1732543081,"EndTimestamp":1732543104,"ErrorHappened":false,"ErrorMessage":null,"Temperatures":[{"Block":0,"Module1":[25.0,24.953,25.0,25.039,25.016,24.984,24.977,25.047],"Module2":[25.039,25.0,24.992,24.961,25.047,25.023,24.961,25.0],"Pulser":28.117,"ControlTemperature":28.039,"Timestamp":1732543079},{"Block":0,"Module1":[25.008,24.953,25.0,25.039,25.016,24.984,24.977,25.047],"Module2":[25.039,24.992,24.992,24.961,25.047,25.016,24.969,25.0],"Pulser":28.125,"ControlTemperature":28.039,"Timestamp":1732543102}],"SMUVoltage":[37.439999145750164,37.459999067539485,37.47999898932881,37.49999891111814,37.51999883290747,37.539998754696796,37.559998676486124,37.57999859827545,37.59999852006478,37.61999844185411,37.639998363643436,37.65999828543276,37.67999820722209,37.699998129011426,37.71999805080075,37.73999797259008,37.7599978943794,37.77999781616874,37.79999773795806,37.81999765974739,37.839997581536714,37.85999750332605,37.87999742511537,37.899997346904705,37.919997268694026,37.93999719048336,37.96000086319575,37.979997034062016,37.99999695585134,38.01999687764067,38.040000550353064,38.05999672121933,38.08000039393172,38.09999656479798,38.120000237510375,38.13999640837664,38.16000008108903,38.18000000287836,38.19999992466769,38.219999846457014,38.23999601732328,38.25999969003567,38.279999611825,38.299999533614326,38.319999455403654,38.33999937719298,38.35999929898231,38.37999922077164,38.39999914256097,38.41999906435029,38.43999898613963,38.45999890792895,38.479998829718284,38.499998751507604,38.51999867329694,38.53999859508626,38.559998516875595,38.579998438664916,38.59999836045425,38.62000203316664,38.639998204032906,38.65999812582223,38.67999804761156,38.69999796940088,38.71999789119022,38.73999781297954,38.75999773476887,38.779997656558194,38.79999757834752,38.82000125105992,38.83999742192618,38.85999734371551,38.879997265504834,38.90000093821723,38.91999710908349,38.94000078179589,38.959996952662145,38.97999687445148,39.00000054716387,39.0200004689532,39.03999663981946,39.05999656160879,39.07999648339811,39.10000015611051,39.12000007789984,39.13999999968917,39.159999921478494,39.17999609234476,39.19999976505715,39.219995935923414,39.239999608635806,39.259999530425134,39.27999945221446,39.29999937400379,39.31999929579312,39.339999217582445,39.35999913937177,39.3799990611611,39.39999898295043,39.41999890473976],"SMUCurrent":[4.64705742527028E-06,4.608571452636263E-06,4.6146481851574105E-06,4.62590139352993E-06,4.64143082108402E-06,4.656960248638082E-06,4.6747403178666646E-06,4.694545964602296E-06,4.716827317179919E-06,4.737758284752798E-06,4.758464188158232E-06,4.783446310745236E-06,4.810003882504374E-06,4.835661197593737E-06,4.86604486019953E-06,4.898679164479843E-06,4.930413212090353E-06,4.96754879971968E-06,5.00265880984193E-06,5.043620488317911E-06,5.089758642645237E-06,5.134996540302788E-06,5.186761298816374E-06,5.243477469013888E-06,5.303794665890586E-06,5.370638723623374E-06,5.445810155551802E-06,5.525032742494356E-06,5.6179842436513945E-06,5.720838568176208E-06,5.835396229408483E-06,5.968409152371673E-06,6.119877337065803E-06,6.296102580179494E-06,6.501811229229175E-06,6.748931685089725E-06,7.042865487779987E-06,7.398691936519081E-06,7.845669373075608E-06,8.400002417505988E-06,9.104228197458366E-06,1.0021139615651374E-05,1.1219606307324851E-05,1.2787628361951906E-05,1.4882975760915288E-05,1.766656938394207E-05,2.1349744484268167E-05,2.619807677948507E-05,3.250955122729715E-05,4.052971283439281E-05,5.0562848355165E-05,6.279913701110935E-05,7.739319788526427E-05,9.426153217150567E-05,0.00011347616040341768,0.00013480571661686125,0.00015812664058390615,0.000183190911592022,0.00020981735298641115,0.0002377561435412037,0.0002665359988897585,0.0002966876203389236,0.0003283663021642398,0.0003604777823835631,0.0003938113610321422,0.0004279639481860734,0.0004628648736967772,0.0004983613189945548,0.0005346799236960288,0.0005721546830256955,0.0006101585682130382,0.000648759548636627,0.0006879470462805915,0.0007282735936760225,0.0007687025452676434,0.0008096536457277495,0.0008508318359328129,0.0008922377910753361,0.0009347672665417718,0.0009777378677764104,0.0010217304853954413,0.0010657188267952904,0.0011102630766887424,0.0011556274604083837,0.0012009571842462377,0.0012466240542069321,0.0012928972470347383,0.0013397848650396837,0.001387404841845513,0.0014350457496189154,0.0014815291523791198,0.001530561181771533,0.0015789556043775592,0.0016285518696377709,0.0016783185084727423,0.0017272722155348824,0.0017773512434342753,0.0018272826292398204,0.0018776225065092879,0.0019281568392194328],