{"IsIVDone":true,"IsSPSDone":false,"SiPMLocation":{"Block":0,"Module":1,"Array":2,"SiPM":3},"Barcode":"00547","SiPMMeasurementDetails":{"DMMResistance":0,"IV":1,"SPS":0,"DarkCurrent":0,"ForwardResistance":0,"SPSVoltagesIsOffsets":0,"IVVoltages":[],"SPSVoltages":[],"OperatingVoltage":41.2},"Checks":{"SelectedForMeasurement":true,"DMMResistanceOK":true,"RForwardDone":true,"RForwardOK":true,"IDarkDone":true,"IDarkOK":true,"IVDone":true,"IVTemperatureOK":true,"IVMeasurementOK":true,"IVVoltageCheckOK":true,"IVCurrentCheckOK":true,"IVVbrOK":true},"Temperatures":[{"Block":0,"Module1":[25.008,24.945,25.0,25.047,25.016,24.984,24.977,25.055],"Module2":[25.047,24.992,24.984,24.969,25.055,25.016,24.953,25.0],"Pulser":28.344,"ControlTemperature":28.461,"Timestamp":1732544392},{"Block":0,"Module1":[25.008,24.945,24.992,25.039,25.016,24.977,24.969,25.047],"Module2":[25.047,24.992,24.984,24.961,25.062,25.016,24.953,25.0],"Pulser":28.344,"ControlTemperature":28.477,"Timestamp":1732544415}],"DMMResistanceResult":{"Identifier":{"Type":2,"ID":"163ccccd-90a2-4d01-927e-9ff420e83ea6"},"StartTimestamp":1732538725,"EndTimestamp":1732538727,"ErrorHappened":false,"ErrorMessage":null,"CorrectionPercentage":0,"Voltages":[29.999998232735635,29.999998232735635,29.999998232735635,29.999998232735635,29.999998232735635,29.999998232735635],"Currents":[3.2440074053843686E-06,3.2197004752997234E-06,3.2082222027597597E-06,3.201245213568782E-06,3.198544443559374E-06,3.196068737717437E-06],"Resistance":9342263.176130798},"IVMeasurementID":{"Type":0,"ID":"61bb2386-6905-4a28-a48a-b71d46962240"},"SPSMeasurementID":{"Type":999,"ID":"ac4ea46b-da87-4959-8004-7b6b3ab8a780"},"IVResult":{"Identifier":{"Type":0,"ID":"61bb2386-6905-4a28-a48a-b71d46962240"},"StartTimestamp":1732544395,"EndTimestamp":1732544417,"ErrorHappened":false,"ErrorMessage":null,"Temperatures":[{"Block":0,"Module1":[25.008,24.945,25.0,25.047,25.016,24.984,24.977,25.055],"Module2":[25.047,24.992,24.984,24.969,25.055,25.016,24.953,25.0],"Pulser":28.344,"ControlTemperature":28.461,"Timestamp":1732544392},{"Block":0,"Module1":[25.008,24.945,24.992,25.039,25.016,24.977,24.969,25.047],"Module2":[25.047,24.992,24.984,24.961,25.062,25.016,24.953,25.0],"Pulser":28.344,"ControlTemperature":28.477,"Timestamp":1732544415}],"SMUVoltage":[37.38999559035378,37.4099955121431,37.4299991848555,37.449999106644825,37.469999028434145,37.48999895022348,37.50999887201281,37.529998793802136,37.549998715591464,37.56999863738079,37.58999855917012,37.60999848095945,37.629998402748775,37.6499983245381,37.66999824632743,37.68999816811676,37.70999808990609,37.729998011695415,37.74999793348474,37.76999785527407,37.7899977770634,37.809997698852726,37.829997620642054,37.84999754243138,37.86999746422071,37.88999738601004,37.909997307799365,37.92999722958869,37.94999715137802,37.96999707316735,37.99000074587975,38.009996916746005,38.02999683853533,38.04999676032466,38.06999668211399,38.09000035482638,38.109996525692644,38.12999644748197,38.15000012019437,38.17000004198369,38.189996212849955,38.209999885562354,38.22999980735168,38.24999972914101,38.26999965093034,38.289995821796595,38.30999574358593,38.32999941629832,38.34999933808765,38.36999925987698,38.389999181666305,38.40999535253256,38.42999902524496,38.44999894703429,38.469998868823616,38.489998790612944,38.50999871240227,38.5299986341916,38.54999855598093,38.569998477770255,38.58999839955958,38.60999832134891,38.62999824313824,38.64999816492757,38.669998086716895,38.68999800850622,38.70999793029555,38.73000160300794,38.749997773874206,38.769997695663534,38.78999761745286,38.80999753924219,38.82999746103152,38.85000113374391,38.86999730461017,38.8899972263995,38.90999714818883,38.92999706997816,38.949996991767485,38.96999691355681,38.98999683534614,39.01000050805853,39.029996678924796,39.05000035163719,39.06999652250345,39.08999644429278,39.10999636608211,39.1300000387945,39.14999620966076,39.16999613145009,39.18999605323942,39.20999597502875,39.229999647741145,39.249999569530466,39.2699994913198,39.28999941310912,39.30999933489846,39.329999256687785,39.34999917847711,39.36999910026644],"SMUCurrent":[4.785471888252285E-06,4.749686685627676E-06,4.755988482316268E-06,4.771292845702913E-06,4.789748107433828E-06,4.80977881833693E-06,4.8313849784121675E-06,4.854566587659566E-06,4.880223902748902E-06,4.90565615367082E-06,4.931313468760156E-06,4.959221425524012E-06,4.991180537301966E-06,5.024039905749723E-06,5.058249659202198E-06,5.094710054329165E-06,5.132745898628295E-06,5.177533667950903E-06,5.2232216939433415E-06,5.270035040773026E-06,5.322700055956415E-06,5.37739064864688E-06,5.43928329469574E-06,5.505902288261056E-06,5.576572436840499E-06,5.655569959615582E-06,5.741994599916557E-06,5.841472961929631E-06,5.948828569803485E-06,6.0732890544035894E-06,6.21125338905068E-06,6.363171702079726E-06,6.5429979718726E-06,6.7525327117689356E-06,6.997627590122436E-06,7.288410494468375E-06,7.634784248174582E-06,8.059705396320957E-06,8.585230227317706E-06,9.246243687119582E-06,1.0081456812528072E-05,1.1161989880457534E-05,1.2570216376194817E-05,1.4415517485120798E-05,1.6858138894460163E-05,2.0097487456574028E-05,2.4350299964717123E-05,2.989610611486291E-05,3.702163765634313E-05,4.600732454180109E-05,5.719638962659863E-05,7.074480237877891E-05,8.68042560472035E-05,0.00010550506278482621,0.00012673491557208926,0.0001504341724046183,0.0001764250325901275,0.00020465595643427072,0.00023468176701383101,0.00026622451008200714,0.000299441055363512,0.00033420131576955927,0.00037003580744684745,0.0004068889395460162,0.0004447172746827476,0.00048397139132027743,0.0005239360355344482,0.0005646154835444415,0.0006065154545345183,0.0006485925510243788,0.0006920319609198166,0.0007364938373279815,0.0007814364507978207,0.0008265159032814697,0.0008728030500876576,0.0009199096555275325,0.0009672057649964007,0.0010152072255660582,0.0010639752546900522,0.001112802250625918,0.0011623746590843798,0.001212975160659755,0.001263117881718536,0.001315605546337983,0.0013671848519776,0.0014187787867881013,0.0014716497356847165,0.0015249728384937392,0.0015781156649046343,0.001632799280605895,0.001687584400246676,0.0017418356676822642,0.0017961787612981726,0.0018508909601486995,0.001907737217434991,0.001964338154778762,0.0020203811580514234,0.0020769712923151564,0.0021334668996285605,0.002191453106922988],