{"IsIVDone":true,"IsSPSDone":false,"SiPMLocation":{"Block":0,"Module":1,"Array":2,"SiPM":11},"Barcode":"00547","SiPMMeasurementDetails":{"DMMResistance":0,"IV":1,"SPS":0,"DarkCurrent":0,"ForwardResistance":0,"SPSVoltagesIsOffsets":0,"IVVoltages":[],"SPSVoltages":[],"OperatingVoltage":41.23},"Checks":{"SelectedForMeasurement":true,"DMMResistanceOK":true,"RForwardDone":true,"RForwardOK":true,"IDarkDone":true,"IDarkOK":true,"IVDone":true,"IVTemperatureOK":true,"IVMeasurementOK":true,"IVVoltageCheckOK":true,"IVCurrentCheckOK":true,"IVVbrOK":true},"Temperatures":[{"Block":0,"Module1":[25.008,24.953,25.0,25.047,25.023,24.984,24.969,25.055],"Module2":[25.039,24.992,24.984,24.969,25.062,25.016,24.953,25.0],"Pulser":28.352,"ControlTemperature":28.477,"Timestamp":1732544439},{"Block":0,"Module1":[25.008,24.953,24.992,25.039,25.016,24.977,24.969,25.055],"Module2":[25.047,24.992,24.984,24.961,25.055,25.016,24.953,25.0],"Pulser":28.352,"ControlTemperature":28.492,"Timestamp":1732544462}],"DMMResistanceResult":{"Identifier":{"Type":2,"ID":"163ccccd-90a2-4d01-927e-9ff420e83ea6"},"StartTimestamp":1732538725,"EndTimestamp":1732538727,"ErrorHappened":false,"ErrorMessage":null,"CorrectionPercentage":0,"Voltages":[29.999998232735635,29.999998232735635,29.999998232735635,29.999998232735635,29.999998232735635,29.999998232735635],"Currents":[3.2440074053843686E-06,3.2197004752997234E-06,3.2082222027597597E-06,3.201245213568782E-06,3.198544443559374E-06,3.196068737717437E-06],"Resistance":9342263.176130798},"IVMeasurementID":{"Type":0,"ID":"ad4940fe-13e2-4640-8870-15feb826a581"},"SPSMeasurementID":{"Type":999,"ID":"72a3b075-2bf4-40ec-be87-2a4a41500427"},"IVResult":{"Identifier":{"Type":0,"ID":"ad4940fe-13e2-4640-8870-15feb826a581"},"StartTimestamp":1732544442,"EndTimestamp":1732544464,"ErrorHappened":false,"ErrorMessage":null,"Temperatures":[{"Block":0,"Module1":[25.008,24.953,25.0,25.047,25.023,24.984,24.969,25.055],"Module2":[25.039,24.992,24.984,24.969,25.062,25.016,24.953,25.0],"Pulser":28.352,"ControlTemperature":28.477,"Timestamp":1732544439},{"Block":0,"Module1":[25.008,24.953,24.992,25.039,25.016,24.977,24.969,25.055],"Module2":[25.047,24.992,24.984,24.961,25.055,25.016,24.953,25.0],"Pulser":28.352,"ControlTemperature":28.492,"Timestamp":1732544462}],"SMUVoltage":[37.41999922396083,37.439999145750164,37.459999067539485,37.47999898932881,37.49999891111814,37.51999883290747,37.539998754696796,37.559998676486124,37.57999859827545,37.59999852006478,37.61999844185411,37.639998363643436,37.65999828543276,37.67999820722209,37.699998129011426,37.71999805080075,37.73999797259008,37.7599978943794,37.7800015670918,37.79999773795806,37.81999765974739,37.839997581536714,37.85999750332605,37.88000117603844,37.899997346904705,37.919997268694026,37.93999719048336,37.95999711227268,37.98000078498508,37.99999695585134,38.020000628563736,38.03999679942999,38.05999672121933,38.079996643008656,38.10000031572105,38.120000237510375,38.13999640837664,38.15999633016597,38.18000000287836,38.19999992466769,38.21999609553395,38.23999601732328,38.25999969003567,38.279999611825,38.299999533614326,38.319999455403654,38.33999937719298,38.35999929898231,38.37999922077164,38.39999914256097,38.41999906435029,38.43999898613963,38.45999890792895,38.479998829718284,38.499998751507604,38.51999867329694,38.53999859508626,38.559998516875595,38.579998438664916,38.59999836045425,38.61999828224357,38.639998204032906,38.65999812582223,38.67999804761156,38.69999796940088,38.71999789119022,38.73999781297954,38.75999773476887,38.779997656558194,38.79999757834752,38.81999750013686,38.83999742192618,38.85999734371551,38.880001016427904,38.89999718729417,38.91999710908349,38.939997030872824,38.959996952662145,38.97999687445148,39.00000054716387,39.0200004689532,39.04000039074253,39.05999656160879,39.08000023432118,39.10000015611051,39.11999632697677,39.13999999968917,39.159996170555424,39.17999984326782,39.19999976505715,39.21999968684648,39.239999608635806,39.25999577950207,39.27999945221446,39.29999937400379,39.31999929579312,39.339999217582445,39.35999913937177,39.3799990611611,39.39999898295043],"SMUCurrent":[5.552715635090768E-06,5.529759090010814E-06,5.554291084262903E-06,5.5880507093804895E-06,5.625186297009789E-06,5.662772012974003E-06,5.705309140622146E-06,5.7521224874518306E-06,5.801861668458367E-06,5.8534013628045096E-06,5.907191698825172E-06,5.963682804855215E-06,6.025350386736631E-06,6.090393931129813E-06,6.161514208044143E-06,6.238486153312177E-06,6.317483676087287E-06,6.405258701392953E-06,6.498885395052323E-06,6.599939206237558E-06,6.705044172436919E-06,6.8184765128319206E-06,6.9472132166135405E-06,7.089228706274784E-06,7.246323495155147E-06,7.41422136407317E-06,7.599449173884861E-06,7.806733272106703E-06,8.039674685417881E-06,8.305475467176816E-06,8.60368548904862E-06,8.948258729415222E-06,9.348872947476951E-06,9.812955260759729E-06,1.0365937920185392E-05,1.1023800481642972E-05,1.1831105650287634E-05,1.2813285677041241E-05,1.4041010710483292E-05,1.5600030198412347E-05,1.7591397952013642E-05,2.0193139727740474E-05,2.3588457757897456E-05,2.8058007059295336E-05,3.392633016139753E-05,4.166808739335702E-05,5.177234319104354E-05,6.467437165430623E-05,8.098972328112195E-05,0.00010114917088799083,0.00012543607026173288,0.000154169112263458,0.00018722113563855662,0.00022460631942957814,0.0002658484278581975,0.00031102330754884545,0.0003591260469938559,0.00040999144909432023,0.00046336046499350297,0.0005191243886985257,0.0005768616750237536,0.0006363981243035803,0.0006969021244392762,0.0007595210525565037,0.0008231653730206354,0.0008880536231382654,0.0009538767898074846,0.0010208693898907761,0.0010889546765070392,0.0011582625116808934,0.0012279977437087354,0.001298445078762391,0.0013704863182499303,0.0014428728061703384,0.001516261279764236,0.0015907370383510865,0.0016646620649201857,0.0017407573852560093,0.001816546393259933,0.0018926770486700462,0.001969642917205568,0.002047387732824636,0.0021259742884299684,0.002204114766855414,0.0022831055377054875,0.002363068360694779,0.0024426958380745697,0.0025233259763203517,0.0026045516343532076,0.0026866453648799198,0.002769705295877497,0.00284971830817613,0.0029327955691146003,0.0030173431742590243,0.003101319791610627,0.0031832082636166245,0.003266106823606139,0.003349990264392417,0.0034350631693036704,0.003520939553292722],