{"IsIVDone":true,"IsSPSDone":false,"SiPMLocation":{"Block":0,"Module":0,"Array":1,"SiPM":7},"Barcode":"00552","SiPMMeasurementDetails":{"DMMResistance":0,"IV":1,"SPS":0,"DarkCurrent":0,"ForwardResistance":0,"SPSVoltagesIsOffsets":0,"IVVoltages":[],"SPSVoltages":[],"OperatingVoltage":41.3},"Checks":{"SelectedForMeasurement":true,"DMMResistanceOK":true,"RForwardDone":true,"RForwardOK":true,"IDarkDone":true,"IDarkOK":true,"IVDone":true,"IVTemperatureOK":true,"IVMeasurementOK":true,"IVVoltageCheckOK":true,"IVCurrentCheckOK":true,"IVVbrOK":true},"Temperatures":[{"Block":0,"Module1":[25.0,24.953,25.008,25.031,25.008,24.984,24.977,25.047],"Module2":[25.031,24.992,24.992,24.961,25.047,25.023,24.961,25.0],"Pulser":27.641,"ControlTemperature":27.852,"Timestamp":1732542573},{"Block":0,"Module1":[25.008,24.961,25.0,25.031,25.016,24.984,24.984,25.039],"Module2":[25.039,24.984,25.0,24.961,25.047,25.016,24.961,24.992],"Pulser":27.68,"ControlTemperature":27.867,"Timestamp":1732542596}],"DMMResistanceResult":{"Identifier":{"Type":2,"ID":"163ccccd-90a2-4d01-927e-9ff420e83ea6"},"StartTimestamp":1732538725,"EndTimestamp":1732538727,"ErrorHappened":false,"ErrorMessage":null,"CorrectionPercentage":0,"Voltages":[29.999998232735635,29.999998232735635,29.999998232735635,29.999998232735635,29.999998232735635,29.999998232735635],"Currents":[3.2440074053843686E-06,3.2197004752997234E-06,3.2082222027597597E-06,3.201245213568782E-06,3.198544443559374E-06,3.196068737717437E-06],"Resistance":9342263.176130798},"IVMeasurementID":{"Type":0,"ID":"f5ef6530-c5e3-483f-bcb0-e6196a3a2be9"},"SPSMeasurementID":{"Type":999,"ID":"5b2961a6-2224-47ef-b6c6-636aad6052eb"},"IVResult":{"Identifier":{"Type":0,"ID":"f5ef6530-c5e3-483f-bcb0-e6196a3a2be9"},"StartTimestamp":1732542575,"EndTimestamp":1732542598,"ErrorHappened":false,"ErrorMessage":null,"Temperatures":[{"Block":0,"Module1":[25.0,24.953,25.008,25.031,25.008,24.984,24.977,25.047],"Module2":[25.031,24.992,24.992,24.961,25.047,25.023,24.961,25.0],"Pulser":27.641,"ControlTemperature":27.852,"Timestamp":1732542573},{"Block":0,"Module1":[25.008,24.961,25.0,25.031,25.016,24.984,24.984,25.039],"Module2":[25.039,24.984,25.0,24.961,25.047,25.016,24.961,24.992],"Pulser":27.68,"ControlTemperature":27.867,"Timestamp":1732542596}],"SMUVoltage":[37.48999895022348,37.50999887201281,37.529998793802136,37.549998715591464,37.56999863738079,37.58999855917012,37.60999848095945,37.629998402748775,37.6499983245381,37.66999824632743,37.68999816811676,37.70999808990609,37.729998011695415,37.74999793348474,37.770001606197134,37.7899977770634,37.809997698852726,37.829997620642054,37.84999754243138,37.86999746422071,37.88999738601004,37.909997307799365,37.92999722958869,37.95000090230109,37.96999707316735,37.99000074587975,38.009996916746005,38.0300005894584,38.04999676032466,38.06999668211399,38.089996603903316,38.109996525692644,38.12999644748197,38.1499963692713,38.16999629106063,38.189999963773026,38.209999885562354,38.22999605642861,38.24999597821794,38.26999965093034,38.289999572719665,38.30999574358593,38.32999941629832,38.34999933808765,38.36999925987698,38.389999181666305,38.40999910345563,38.42999902524496,38.44999894703429,38.469998868823616,38.489998790612944,38.50999871240227,38.5299986341916,38.54999855598093,38.569998477770255,38.58999839955958,38.60999832134891,38.62999824313824,38.64999816492757,38.669998086716895,38.68999800850622,38.70999793029555,38.72999785208488,38.749997773874206,38.769997695663534,38.78999761745286,38.80999753924219,38.82999746103152,38.849997382820845,38.86999730461017,38.8899972263995,38.90999714818883,38.92999706997816,38.949996991767485,38.970000664479876,38.98999683534614,39.00999675713547,39.029996678924796,39.049996600714124,39.06999652250345,39.09000019521584,39.10999636608211,39.1300000387945,39.14999620966076,39.169999882373155,39.18999980416249,39.20999972595181,39.229999647741145,39.249999569530466,39.2699994913198,39.28999941310912,39.30999933489846,39.329999256687785,39.34999917847711,39.36999534934337,39.38999902205577,39.409998943845096,39.429998865634424,39.44999878742375,39.46999870921308],"SMUCurrent":[4.614423120989967E-06,4.577962725862999E-06,4.5829141375469E-06,4.593267089249617E-06,4.606996003464101E-06,4.622075302683276E-06,4.6394052435769434E-06,4.656960248638082E-06,4.6778912162109875E-06,4.699497376286225E-06,4.720878472193991E-06,4.745410466446107E-06,4.769267268195837E-06,4.7958248399550024E-06,4.825983438393351E-06,4.854341523492095E-06,4.8863006352700764E-06,4.919610132052721E-06,4.955845463012245E-06,4.995456756483536E-06,5.037993884131651E-06,5.084582166793892E-06,5.13589679697259E-06,5.1903623254955845E-06,5.248653944865233E-06,5.315498002598021E-06,5.386168151177463E-06,5.466966187292152E-06,5.556091597602535E-06,5.65714540878777E-06,5.77327851919218E-06,5.906291442155369E-06,6.058434819351832E-06,6.23601044747024E-06,6.447345700706181E-06,6.700993017422793E-06,7.008880798494956E-06,7.385188086472068E-06,7.857372709783043E-06,8.451992240187046E-06,9.218335730355726E-06,1.0213569478821486E-05,1.1520066970871148E-05,1.3246309135215868E-05,1.5539037809033263E-05,1.855309713952926E-05,2.2500272508274712E-05,2.761035443023645E-05,3.416849920557419E-05,4.230907014225582E-05,5.2402072731569835E-05,6.444413101100445E-05,7.861192035200828E-05,9.471953775226728E-05,0.000113032108801038,0.00013330318823496227,0.00015518955319867819,0.0001788145388559486,0.00020366522396915397,0.00022992706141227348,0.00025711076168526993,0.0002855543711676538,0.0003145590656194915,0.0003451225544950909,0.0003762901155961271,0.0004082708335341618,0.00044086035004514977,0.00047446738165718113,0.0005088139741234545,0.0005433167611219385,0.0005787013495284934,0.0006152799033433726,0.0006520443601605659,0.0006888369499986905,0.0007270103085041233,0.0007655579487200263,0.0008043011696974436,0.0008444123306846245,0.0008848408321479107,0.0009247181514651107,0.0009660300297856397,0.0010082360880434493,0.0010497779819431123,0.001092054485285334,0.0011340098220606037,0.0011767177734118275,0.0012204164572281683,0.0012649555306457688,0.0013098529062179503,0.001353444684554752,0.0013976803714746294,0.001443246412688306,0.0014888518401312868,0.001535448900296054,0.0015821501651703508,0.0016297035229826144,0.0016747539421886623,0.0017212877593223762,0.0017687121553666908,0.001816032346701476],