{"IsIVDone":true,"IsSPSDone":false,"SiPMLocation":{"Block":0,"Module":0,"Array":3,"SiPM":1},"Barcode":"00553","SiPMMeasurementDetails":{"DMMResistance":0,"IV":1,"SPS":0,"DarkCurrent":0,"ForwardResistance":0,"SPSVoltagesIsOffsets":0,"IVVoltages":[],"SPSVoltages":[],"OperatingVoltage":41.31},"Checks":{"SelectedForMeasurement":true,"DMMResistanceOK":true,"RForwardDone":true,"RForwardOK":true,"IDarkDone":true,"IDarkOK":true,"IVDone":true,"IVTemperatureOK":true,"IVMeasurementOK":true,"IVVoltageCheckOK":true,"IVCurrentCheckOK":true,"IVVbrOK":true},"Temperatures":[{"Block":0,"Module1":[25.008,24.953,25.008,25.039,25.016,24.984,24.977,25.047],"Module2":[25.039,24.992,24.992,24.961,25.047,25.016,24.969,25.0],"Pulser":28.125,"ControlTemperature":28.039,"Timestamp":1732543102},{"Block":0,"Module1":[25.008,24.953,25.0,25.031,25.016,24.984,24.977,25.047],"Module2":[25.039,24.992,24.992,24.961,25.047,25.023,24.953,25.0],"Pulser":28.133,"ControlTemperature":28.047,"Timestamp":1732543125}],"DMMResistanceResult":{"Identifier":{"Type":2,"ID":"163ccccd-90a2-4d01-927e-9ff420e83ea6"},"StartTimestamp":1732538725,"EndTimestamp":1732538727,"ErrorHappened":false,"ErrorMessage":null,"CorrectionPercentage":0,"Voltages":[29.999998232735635,29.999998232735635,29.999998232735635,29.999998232735635,29.999998232735635,29.999998232735635],"Currents":[3.2440074053843686E-06,3.2197004752997234E-06,3.2082222027597597E-06,3.201245213568782E-06,3.198544443559374E-06,3.196068737717437E-06],"Resistance":9342263.176130798},"IVMeasurementID":{"Type":0,"ID":"25b2187c-68cb-4d97-9f92-c511a97f5252"},"SPSMeasurementID":{"Type":999,"ID":"20ca03a7-ea2d-4271-b286-033ee9a5f10e"},"IVResult":{"Identifier":{"Type":0,"ID":"25b2187c-68cb-4d97-9f92-c511a97f5252"},"StartTimestamp":1732543105,"EndTimestamp":1732543127,"ErrorHappened":false,"ErrorMessage":null,"Temperatures":[{"Block":0,"Module1":[25.008,24.953,25.008,25.039,25.016,24.984,24.977,25.047],"Module2":[25.039,24.992,24.992,24.961,25.047,25.016,24.969,25.0],"Pulser":28.125,"ControlTemperature":28.039,"Timestamp":1732543102},{"Block":0,"Module1":[25.008,24.953,25.0,25.031,25.016,24.984,24.977,25.047],"Module2":[25.039,24.992,24.992,24.961,25.047,25.023,24.953,25.0],"Pulser":28.133,"ControlTemperature":28.047,"Timestamp":1732543125}],"SMUVoltage":[37.48999895022348,37.50999887201281,37.529998793802136,37.549998715591464,37.56999863738079,37.58999855917012,37.60999848095945,37.629998402748775,37.6499983245381,37.66999824632743,37.68999816811676,37.70999808990609,37.729998011695415,37.74999793348474,37.76999785527407,37.7899977770634,37.809997698852726,37.829997620642054,37.84999754243138,37.86999746422071,37.88999738601004,37.910001058722436,37.92999722958869,37.94999715137802,37.96999707316735,37.98999699495668,38.01000066766907,38.02999683853533,38.050000511247724,38.06999668211399,38.089996603903316,38.109996525692644,38.12999644748197,38.15000012019437,38.17000004198369,38.189996212849955,38.209999885562354,38.22999605642861,38.24999972914101,38.26999965093034,38.289995821796595,38.30999949450899,38.32999941629832,38.34999933808765,38.369995508953906,38.389999181666305,38.40999910345563,38.42999902524496,38.44999894703429,38.469998868823616,38.489998790612944,38.50999871240227,38.5299986341916,38.54999855598093,38.569998477770255,38.58999839955958,38.60999832134891,38.62999824313824,38.64999816492757,38.669998086716895,38.68999800850622,38.70999793029555,38.72999785208488,38.75000152479727,38.769997695663534,38.78999761745286,38.80999753924219,38.82999746103152,38.849997382820845,38.86999730461017,38.8899972263995,38.90999714818883,38.93000082090122,38.949996991767485,38.96999691355681,38.99000058626921,39.01000050805853,39.03000042984787,39.049996600714124,39.06999652250345,39.09000019521584,39.11000011700518,39.1300000387945,39.149999960583834,39.169999882373155,39.18999980416249,39.20999972595181,39.229999647741145,39.249999569530466,39.2699994913198,39.28999941310912,39.30999933489846,39.329999256687785,39.34999542755404,39.36999910026644,39.389995271132705,39.409998943845096,39.429998865634424,39.44999878742375,39.46999870921308],"SMUCurrent":[4.929512955420551E-06,4.897553843642596E-06,4.911732886191968E-06,4.930413212090353E-06,4.951344179663232E-06,4.975651109747877E-06,5.000633232334881E-06,5.0289913174336514E-06,5.059600044206888E-06,5.089083450142878E-06,5.121267626088304E-06,5.157728021215271E-06,5.195313737179486E-06,5.235825287320579E-06,5.279037607471053E-06,5.321574735119196E-06,5.370638723623374E-06,5.419927776295023E-06,5.474618368985461E-06,5.534710501694715E-06,5.597953532748292E-06,5.6672732963230165E-06,5.7410943432467546E-06,5.823242764366161E-06,5.911918046341629E-06,6.011396408354703E-06,6.1196522728983595E-06,6.239161345814536E-06,6.374875038787133E-06,6.529269057658143E-06,6.700317824920435E-06,6.8954484580999544E-06,7.122538203057429E-06,7.390139498155969E-06,7.699602728400293E-06,8.072308989698194E-06,8.516585656245313E-06,9.061916133977694E-06,9.740034470505794E-06,1.059190234430562E-05,1.1672660476402526E-05,1.3072109469609226E-05,1.490638243433013E-05,1.7342026854478572E-05,2.0561344705689335E-05,2.4808530609646197E-05,3.0383595101560502E-05,3.772923939880726E-05,4.721074264515847E-05,5.9079951643991184E-05,7.37784422918431E-05,9.150742195441491E-05,0.00011239472707881841,0.00013634830642056644,0.00016339629300059024,0.00019310116207736625,0.00022515457574148737,0.000259427797289172,0.00029573199788392917,0.00033348696210207165,0.0003731401175084911,0.0004138263174435079,0.0004560260739046288,0.0004992203889217131,0.0005430806688102831,0.0005880298091409783,0.0006341780913558493,0.0006812804205765426,0.000729503569351139,0.0007780845701519816,0.0008274816536239995,0.000878073377696844,0.0009282829428133579,0.000979530053741818,0.0010326481230942936,0.0010857641668692622,0.0011384757703353221,0.0011927945570211458,0.0012486865422374478,0.0013037187823340892,0.001360280333448556,0.0014163735260305588,0.0014722191480283661,0.0015298826133066702,0.0015876032448835068,0.001644694146919817,0.0017034797821370291,0.0017629536635783043,0.0018241524367989198,0.0018841883034663189,0.0019436862667735115,0.002003361580644655,0.002063540363058385,0.0021251773362130264,0.0021867220330590133,0.0022483500036469565,0.002311702415885905,0.002373299777747075,0.0024352142550201827,0.002498805460340796],