{"IsIVDone":true,"IsSPSDone":false,"SiPMLocation":{"Block":0,"Module":1,"Array":3,"SiPM":12},"Barcode":"00546","SiPMMeasurementDetails":{"DMMResistance":0,"IV":1,"SPS":0,"DarkCurrent":0,"ForwardResistance":0,"SPSVoltagesIsOffsets":0,"IVVoltages":[],"SPSVoltages":[],"OperatingVoltage":41.28},"Checks":{"SelectedForMeasurement":true,"DMMResistanceOK":true,"RForwardDone":true,"RForwardOK":true,"IDarkDone":true,"IDarkOK":true,"IVDone":true,"IVTemperatureOK":true,"IVMeasurementOK":true,"IVVoltageCheckOK":true,"IVCurrentCheckOK":true,"IVVbrOK":true},"Temperatures":[{"Block":0,"Module1":[25.008,24.945,24.992,25.047,25.016,24.977,24.969,25.047],"Module2":[25.047,24.992,24.984,24.969,25.055,25.008,24.945,25.0],"Pulser":28.375,"ControlTemperature":28.516,"Timestamp":1732544554},{"Block":0,"Module1":[25.008,24.945,25.0,25.039,25.016,24.977,24.969,25.055],"Module2":[25.039,24.992,24.977,24.969,25.055,25.008,24.953,25.008],"Pulser":28.375,"ControlTemperature":28.523,"Timestamp":1732544577}],"DMMResistanceResult":{"Identifier":{"Type":2,"ID":"163ccccd-90a2-4d01-927e-9ff420e83ea6"},"StartTimestamp":1732538725,"EndTimestamp":1732538727,"ErrorHappened":false,"ErrorMessage":null,"CorrectionPercentage":0,"Voltages":[29.999998232735635,29.999998232735635,29.999998232735635,29.999998232735635,29.999998232735635,29.999998232735635],"Currents":[3.2440074053843686E-06,3.2197004752997234E-06,3.2082222027597597E-06,3.201245213568782E-06,3.198544443559374E-06,3.196068737717437E-06],"Resistance":9342263.176130798},"IVMeasurementID":{"Type":0,"ID":"27312725-27f2-4145-8635-5b8f07099c89"},"SPSMeasurementID":{"Type":999,"ID":"3de00622-394e-40cc-bf00-e276561a05e7"},"IVResult":{"Identifier":{"Type":0,"ID":"27312725-27f2-4145-8635-5b8f07099c89"},"StartTimestamp":1732544557,"EndTimestamp":1732544579,"ErrorHappened":false,"ErrorMessage":null,"Temperatures":[{"Block":0,"Module1":[25.008,24.945,24.992,25.047,25.016,24.977,24.969,25.047],"Module2":[25.047,24.992,24.984,24.969,25.055,25.008,24.945,25.0],"Pulser":28.375,"ControlTemperature":28.516,"Timestamp":1732544554},{"Block":0,"Module1":[25.008,24.945,25.0,25.039,25.016,24.977,24.969,25.055],"Module2":[25.039,24.992,24.977,24.969,25.055,25.008,24.953,25.008],"Pulser":28.375,"ControlTemperature":28.523,"Timestamp":1732544577}],"SMUVoltage":[37.469999028434145,37.48999895022348,37.50999887201281,37.529998793802136,37.549998715591464,37.56999863738079,37.58999855917012,37.60999848095945,37.629998402748775,37.6499983245381,37.66999824632743,37.68999816811676,37.70999808990609,37.729998011695415,37.74999793348474,37.76999785527407,37.7899977770634,37.809997698852726,37.829997620642054,37.84999754243138,37.86999746422071,37.88999738601004,37.909997307799365,37.92999722958869,37.94999715137802,37.96999707316735,37.98999699495668,38.01000066766907,38.02999683853533,38.04999676032466,38.06999668211399,38.089996603903316,38.109996525692644,38.12999644748197,38.15000012019437,38.17000004198369,38.189996212849955,38.209999885562354,38.22999980735168,38.24999972914101,38.26999965093034,38.289999572719665,38.30999949450899,38.32999941629832,38.34999933808765,38.369995508953906,38.389999181666305,38.40999910345563,38.42999902524496,38.44999894703429,38.469998868823616,38.489998790612944,38.50999871240227,38.5299986341916,38.54999855598093,38.569998477770255,38.58999839955958,38.60999832134891,38.62999824313824,38.64999816492757,38.669998086716895,38.68999800850622,38.70999793029555,38.72999785208488,38.749997773874206,38.769997695663534,38.78999761745286,38.80999753924219,38.82999746103152,38.849997382820845,38.86999730461017,38.8899972263995,38.90999714818883,38.93000082090122,38.949996991767485,38.970000664479876,38.98999683534614,39.01000050805853,39.03000042984787,39.049996600714124,39.06999652250345,39.08999644429278,39.10999636608211,39.129996287871435,39.149999960583834,39.16999613145009,39.18999605323942,39.20999972595181,39.229999647741145,39.249999569530466,39.2699994913198,39.28999941310912,39.30999933489846,39.329999256687785,39.34999917847711,39.36999910026644,39.38999902205577,39.409998943845096,39.429998865634424,39.44999878742375],"SMUCurrent":[4.338044323360843E-06,4.295282131545257E-06,4.293481618205679E-06,4.296182388215087E-06,4.305184954913086E-06,4.3159880349507185E-06,4.322064767471866E-06,4.332867847509498E-06,4.3434458633796595E-06,4.3569497134266725E-06,4.369778370971354E-06,4.383957413520753E-06,4.39768632773521E-06,4.41254056278694E-06,4.42942037534572E-06,4.447200444574303E-06,4.4667810271424905E-06,4.484561096371073E-06,4.503691550604346E-06,4.525522774847054E-06,4.550955025768946E-06,4.5790880467002455E-06,4.609696773473509E-06,4.64143082108402E-06,4.675415510369023E-06,4.715251868007758E-06,4.757563931488429E-06,4.805727663322805E-06,4.858842806841108E-06,4.921410645392354E-06,4.992530922306684E-06,5.072878830086457E-06,5.166955652080742E-06,5.2801629283083E-06,5.41340091543896E-06,5.575897244338167E-06,5.776204353369032E-06,6.0262506434064335E-06,6.343816183678982E-06,6.7527577759363795E-06,7.281208441109981E-06,7.98520915689486E-06,8.92080090098628E-06,1.0166981196159245E-05,1.1820302570250002E-05,1.401692884456609E-05,1.69038269204526E-05,2.0600055742490823E-05,2.530164620053005E-05,3.1091872036526964E-05,3.806188423829898E-05,4.624994371431264E-05,5.564232155035349E-05,6.617554965120051E-05,7.772471740391873E-05,9.024548716752041E-05,0.00010350356714368964,0.00011763309557622691,0.00013235409264082386,0.0001476861389200487,0.00016363733672392964,0.00018014016680223155,0.00019718472633158663,0.0002145893885288624,0.0002325702149948112,0.00025115173772368517,0.00026998465712760127,0.0002895260785306513,0.00030944875863336233,0.0003296307126569762,0.00035033729125491704,0.0003714048727774484,0.0003928672168496877,0.000414440967684815,0.00043672389571157856,0.00045906376497270704,0.00048178286735598954,0.0005049147374223761,0.0005287472322420357,0.0005525200850573211,0.0005765247539650804,0.0006009766253735635,0.0006258464409410022,0.0006509960112685818,0.0006763983286562081,0.0007015548759729787,0.0007273152704510186,0.0007531971995794818,0.0007793307504471547,0.000806165151132268,0.0008329491374438725,0.0008589550769286008,0.0008861986442701391,0.0009134221809007742,0.0009407942598819266,0.0009682718939576133,0.000996153743278041,0.0010249394502949494,0.001053691622750908,0.0010816655233158226],