{"IsIVDone":true,"IsSPSDone":false,"SiPMLocation":{"Block":0,"Module":0,"Array":1,"SiPM":0},"Barcode":"00552","SiPMMeasurementDetails":{"DMMResistance":0,"IV":1,"SPS":0,"DarkCurrent":0,"ForwardResistance":0,"SPSVoltagesIsOffsets":0,"IVVoltages":[],"SPSVoltages":[],"OperatingVoltage":41.28},"Checks":{"SelectedForMeasurement":true,"DMMResistanceOK":true,"RForwardDone":true,"RForwardOK":true,"IDarkDone":true,"IDarkOK":true,"IVDone":true,"IVTemperatureOK":true,"IVMeasurementOK":true,"IVVoltageCheckOK":true,"IVCurrentCheckOK":true,"IVVbrOK":true},"Temperatures":[{"Block":0,"Module1":[25.0,24.961,25.008,25.023,25.016,24.984,24.984,25.031],"Module2":[25.031,24.992,24.992,24.961,25.039,25.016,24.969,25.008],"Pulser":26.961,"ControlTemperature":27.719,"Timestamp":1732542257},{"Block":0,"Module1":[25.0,24.953,25.0,25.023,25.008,24.992,24.977,25.031],"Module2":[25.031,24.992,24.992,24.969,25.039,25.023,24.969,25.0],"Pulser":26.977,"ControlTemperature":27.727,"Timestamp":1732542288}],"DMMResistanceResult":{"Identifier":{"Type":2,"ID":"163ccccd-90a2-4d01-927e-9ff420e83ea6"},"StartTimestamp":1732538725,"EndTimestamp":1732538727,"ErrorHappened":false,"ErrorMessage":null,"CorrectionPercentage":0,"Voltages":[29.999998232735635,29.999998232735635,29.999998232735635,29.999998232735635,29.999998232735635,29.999998232735635],"Currents":[3.2440074053843686E-06,3.2197004752997234E-06,3.2082222027597597E-06,3.201245213568782E-06,3.198544443559374E-06,3.196068737717437E-06],"Resistance":9342263.176130798},"IVMeasurementID":{"Type":0,"ID":"52fb629d-9f06-4091-96af-e90e0065635e"},"SPSMeasurementID":{"Type":999,"ID":"6e4f2255-3be8-42fc-a333-21d2f209332c"},"IVResult":{"Identifier":{"Type":0,"ID":"52fb629d-9f06-4091-96af-e90e0065635e"},"StartTimestamp":1732542259,"EndTimestamp":1732542282,"ErrorHappened":false,"ErrorMessage":null,"Temperatures":[{"Block":0,"Module1":[25.0,24.961,25.008,25.023,25.016,24.984,24.984,25.031],"Module2":[25.031,24.992,24.992,24.961,25.039,25.016,24.969,25.008],"Pulser":26.961,"ControlTemperature":27.719,"Timestamp":1732542257},{"Block":0,"Module1":[25.0,24.953,25.0,25.023,25.008,24.992,24.977,25.031],"Module2":[25.031,24.992,24.992,24.969,25.039,25.023,24.969,25.0],"Pulser":26.977,"ControlTemperature":27.727,"Timestamp":1732542288}],"SMUVoltage":[37.469999028434145,37.48999895022348,37.50999887201281,37.529998793802136,37.549998715591464,37.56999863738079,37.58999855917012,37.60999848095945,37.629998402748775,37.6499983245381,37.66999824632743,37.68999816811676,37.70999808990609,37.729998011695415,37.74999793348474,37.76999785527407,37.7899977770634,37.809997698852726,37.829997620642054,37.84999754243138,37.87000121514378,37.88999738601004,37.909997307799365,37.92999722958869,37.94999715137802,37.97000082409041,37.99000074587975,38.01000066766907,38.0300005894584,38.04999676032466,38.07000043303706,38.09000035482638,38.109996525692644,38.130000198405035,38.1499963692713,38.17000004198369,38.189999963773026,38.209999885562354,38.22999980735168,38.24999972914101,38.26999965093034,38.289999572719665,38.30999949450899,38.32999566537525,38.34999933808765,38.36999925987698,38.389999181666305,38.40999910345563,38.42999902524496,38.44999894703429,38.469998868823616,38.489998790612944,38.50999871240227,38.5299986341916,38.54999855598093,38.569998477770255,38.58999839955958,38.60999832134891,38.62999824313824,38.64999816492757,38.669998086716895,38.68999800850622,38.70999793029555,38.72999785208488,38.749997773874206,38.769997695663534,38.78999761745286,38.80999753924219,38.82999746103152,38.849997382820845,38.86999730461017,38.8899972263995,38.90999714818883,38.92999706997816,38.950000742690555,38.96999691355681,38.99000058626921,39.01000050805853,39.029996678924796,39.05000035163719,39.06999652250345,39.09000019521584,39.11000011700518,39.129996287871435,39.149999960583834,39.169999882373155,39.18999980416249,39.20999597502875,39.229995896818075,39.249999569530466,39.2699994913198,39.28999941310912,39.30999933489846,39.329995505764714,39.34999917847711,39.36999910026644,39.38999902205577,39.409998943845096,39.429998865634424,39.44999878742375],"SMUCurrent":[4.764540920679407E-06,4.717502509682251E-06,4.722904049701067E-06,4.7352825789108335E-06,4.74856136479043E-06,4.765891305684097E-06,4.785246824084841E-06,4.805502599155361E-06,4.827783951732957E-06,4.849615175975665E-06,4.8804489669163455E-06,4.90565615367082E-06,4.934239302937008E-06,4.96327258053811E-06,4.99928284733019E-06,5.032817408280279E-06,5.071978573416655E-06,5.114740765232241E-06,5.159528534554877E-06,5.205891753049647E-06,5.259231960735421E-06,5.312797232588613E-06,5.378065841149239E-06,5.445810155551802E-06,5.5189560099731816E-06,5.600429238590256E-06,5.691355162240218E-06,5.795559871769749E-06,5.909667404667109E-06,6.039304365118559E-06,6.186046202296232E-06,6.3579952262283535E-06,6.559427656096465E-06,6.794619711082163E-06,7.07122357287873E-06,7.40859475988691E-06,7.825863726339976E-06,8.339235092294403E-06,8.986969766216682E-06,9.812505132424814E-06,1.0888311852837819E-05,1.2282584370193174E-05,1.4130811313296007E-05,1.656713092594678E-05,1.980062781970694E-05,2.4080673092111534E-05,2.9652586685681543E-05,3.679049675637156E-05,4.58216466036545E-05,5.695939705827334E-05,7.036466899995516E-05,8.626927852117387E-05,0.00010449925102049029,0.0001251565405657595,0.00014768276295753694,0.00017238265507855054,0.00019870390946187695,0.00022661389180323588,0.00025565662209937277,0.0002864807352808797,0.00031807501804340197,0.00035038050357506757,0.0003835925475732234,0.00041803569256733305,0.0004531562807054685,0.0004891967060959738,0.0005257279964356884,0.0005629635125553555,0.0006012761857804401,0.0006398551099156186,0.0006790961728314364,0.0007189597632344219,0.0007588613894817065,0.0008007192734724702,0.0008417435197869976,0.0008838167901860113,0.0009267092941545445,0.0009696488365340749,0.0010125449415292875,0.0010565332829291368,0.0011009440697712905,0.0011454138234253163,0.0011906213374202445,0.0012355578741575625,0.0012823750470780963,0.0013280583467230147,0.0013745665065416387,0.0014217527846967911,0.0014697371403897229,0.001515896000620464,0.0015633757624499715,0.001611222153808256,0.0016597765970373394,0.0017092279209737129,0.0017566982301081876,0.0018058499936376843,0.0018557145353854966,0.001905354688158361,0.001955609266108365,0.002005770217364709],