{"IsIVDone":true,"IsSPSDone":false,"SiPMLocation":{"Block":0,"Module":1,"Array":1,"SiPM":4},"Barcode":"00549","SiPMMeasurementDetails":{"DMMResistance":0,"IV":1,"SPS":0,"DarkCurrent":0,"ForwardResistance":0,"SPSVoltagesIsOffsets":0,"IVVoltages":[],"SPSVoltages":[],"OperatingVoltage":41.16},"Checks":{"SelectedForMeasurement":true,"DMMResistanceOK":true,"RForwardDone":true,"RForwardOK":true,"IDarkDone":true,"IDarkOK":true,"IVDone":true,"IVTemperatureOK":true,"IVMeasurementOK":true,"IVVoltageCheckOK":true,"IVCurrentCheckOK":true,"IVVbrOK":true},"Temperatures":[{"Block":0,"Module1":[25.008,24.953,25.0,25.031,25.016,24.984,24.969,25.047],"Module2":[25.047,24.992,24.992,24.961,25.047,25.016,24.953,25.0],"Pulser":28.281,"ControlTemperature":28.266,"Timestamp":1732543769},{"Block":0,"Module1":[25.016,24.945,25.0,25.039,25.016,24.977,24.977,25.047],"Module2":[25.031,24.992,24.984,24.969,25.047,25.016,24.961,25.0],"Pulser":28.281,"ControlTemperature":28.281,"Timestamp":1732543792}],"DMMResistanceResult":{"Identifier":{"Type":2,"ID":"163ccccd-90a2-4d01-927e-9ff420e83ea6"},"StartTimestamp":1732538725,"EndTimestamp":1732538727,"ErrorHappened":false,"ErrorMessage":null,"CorrectionPercentage":0,"Voltages":[29.999998232735635,29.999998232735635,29.999998232735635,29.999998232735635,29.999998232735635,29.999998232735635],"Currents":[3.2440074053843686E-06,3.2197004752997234E-06,3.2082222027597597E-06,3.201245213568782E-06,3.198544443559374E-06,3.196068737717437E-06],"Resistance":9342263.176130798},"IVMeasurementID":{"Type":0,"ID":"ba2882d8-3518-4142-89d4-bfedba0e9ef9"},"SPSMeasurementID":{"Type":999,"ID":"ec9d1d61-f76a-4446-96a4-ad9a4ff481a2"},"IVResult":{"Identifier":{"Type":0,"ID":"ba2882d8-3518-4142-89d4-bfedba0e9ef9"},"StartTimestamp":1732543772,"EndTimestamp":1732543794,"ErrorHappened":false,"ErrorMessage":null,"Temperatures":[{"Block":0,"Module1":[25.008,24.953,25.0,25.031,25.016,24.984,24.969,25.047],"Module2":[25.047,24.992,24.992,24.961,25.047,25.016,24.953,25.0],"Pulser":28.281,"ControlTemperature":28.266,"Timestamp":1732543769},{"Block":0,"Module1":[25.016,24.945,25.0,25.039,25.016,24.977,24.977,25.047],"Module2":[25.031,24.992,24.984,24.969,25.047,25.016,24.961,25.0],"Pulser":28.281,"ControlTemperature":28.281,"Timestamp":1732543792}],"SMUVoltage":[37.33999953680352,37.35999570766978,37.37999938038217,37.39999555124844,37.41999922396083,37.439999145750164,37.459999067539485,37.47999898932881,37.49999891111814,37.51999883290747,37.539998754696796,37.559998676486124,37.57999859827545,37.59999852006478,37.61999844185411,37.639998363643436,37.65999828543276,37.67999820722209,37.699998129011426,37.72000180172382,37.73999797259008,37.7599978943794,37.77999781616874,37.79999773795806,37.81999765974739,37.839997581536714,37.85999750332605,37.87999742511537,37.899997346904705,37.9200010196171,37.940000941406424,37.95999711227268,37.979997034062016,37.99999695585134,38.01999687764067,38.03999679942999,38.06000047214239,38.079996643008656,38.09999656479798,38.11999648658731,38.13999640837664,38.15999633016597,38.179996251955295,38.19999617374462,38.21999609553395,38.23999976824634,38.25999969003567,38.279999611825,38.299999533614326,38.319999455403654,38.33999937719298,38.35999929898231,38.37999922077164,38.39999914256097,38.41999906435029,38.43999898613963,38.45999890792895,38.479998829718284,38.499998751507604,38.51999867329694,38.53999859508626,38.559998516875595,38.579998438664916,38.59999836045425,38.61999828224357,38.639998204032906,38.65999812582223,38.67999804761156,38.69999796940088,38.71999789119022,38.73999781297954,38.75999773476887,38.779997656558194,38.79999757834752,38.81999750013686,38.83999742192618,38.85999734371551,38.879997265504834,38.89999718729417,38.91999710908349,38.939997030872824,38.959996952662145,38.97999687445148,38.9999967962408,39.0200004689532,39.03999663981946,39.05999656160879,39.07999648339811,39.10000015611051,39.12000007789984,39.1399962487661,39.159999921478494,39.17999984326782,39.199996014134086,39.219995935923414,39.239999608635806,39.259999530425134,39.27999945221446,39.29999937400379,39.31999929579312],"SMUCurrent":[4.1514661285444354E-06,4.104202653379863E-06,4.097450728356356E-06,4.0963254075190826E-06,4.098125920858715E-06,4.102852268375145E-06,4.1075786158916295E-06,4.111854835073172E-06,4.1156809259198265E-06,4.1210824659386426E-06,4.127384262627261E-06,4.133235930980965E-06,4.140212920171943E-06,4.144264075186041E-06,4.152816513549153E-06,4.1622692085820675E-06,4.16969632610796E-06,4.178473828638516E-06,4.1870262670016005E-06,4.1953536411972955E-06,4.2061567212349005E-06,4.217860057942335E-06,4.2306887154869896E-06,4.2448677580363885E-06,4.258596672250845E-06,4.272775714800217E-06,4.291005912363715E-06,4.308110789089938E-06,4.328591628327929E-06,4.347497018393758E-06,4.3733793976505645E-06,4.4010622902469765E-06,4.4312208886853255E-06,4.471282310491504E-06,4.513819438139619E-06,4.564008747481071E-06,4.6229755593530785E-06,4.69567128543957E-06,4.786147080754617E-06,4.8998044853170895E-06,5.041819974978306E-06,5.227948041459799E-06,5.4698920214690035E-06,5.787457561741552E-06,6.2101280682134335E-06,6.77323861517437E-06,7.51910126610506E-06,8.5120843728963E-06,9.800351667382519E-06,1.1456823939817598E-05,1.3540017873738658E-05,1.6107324831845572E-05,1.9186202642567307E-05,2.2799607850983763E-05,2.6961944563811785E-05,3.163360148758012E-05,3.677654277798964E-05,4.2334727457345154E-05,4.828407365972952E-05,5.457484220413615E-05,6.126577483826964E-05,6.828845205522503E-05,7.54702496385679E-05,8.303825733325566E-05,9.087004023219532E-05,9.88091787390088E-05,0.00010707713599446739,0.00011560144133665196,0.00012432402821036038,0.0001332073108996284,0.0001422771717837128,0.0001517278412391233,0.00016153636272078,0.0001712012932636033,0.00018115723177494,0.00019134138535207142,0.00020190387179468703,0.00021252870101168636,0.00022317558651709584,0.00023387468690935382,0.0002453646627860326,0.0002566448788586475,0.000267725463014734,0.000279475388004818,0.00029114811598546643,0.0003030249771659925,0.0003146254595488894,0.0003267136559826514,0.00033941807810689256,0.0003516602184311906,0.0003637378368490824,0.00037614157324560986,0.0003891460059050625,0.0004019987453156535,0.0004148602622287751,0.0004280089610195635,0.00044110251908932645,0.000454615596767217,0.00046885878260431675,0.0004819174557281249],